Lead_ID,Company_Name,Industry,Company_Size,Size_Order,Location,Lead_Source,Service_Interest,Annual_Revenue_Cr,Revenue_Imputed,Lead_Created_Date,Lead_Month,Lead_Stage,Stage_Order,Follow_Up_Status,Next_Follow_Up_Date,Follow_Up_Flag,Days_Overdue,Sales_Rep_ID,Deal_Value,Conversion,Deal_Outcome,Website_Visits,Email_Interactions,Calls_Made,Calls_Connected,Meetings,Total_Activities,Last_Contact_Date,Days_Since_Last_Contact,Score_Size,Score_Revenue,Score_Website,Score_Email,Score_Meetings,Score_Service_Fit,Score_Prior_Engagement,Lead_Score,Lead_Category
L0001,Sagar Retail Tech,E-commerce,51-200,2,Unknown,Email Campaign,Cloud Services,42.0,False,2026-01-01,2026-01,New,1,Follow-up Required,2026-10-06,Upcoming,0.0,SR10,,No,Open,1,0,0,0,0,1,,,5,5,3,0,0,10,0,23,Cold
L0002,Sapphire Enterprises,Logistics,1-50,1,Pune,Website,DevOps,15.0,False,2026-01-01,2026-01,Contacted,2,Not Interested,,No Follow-up Needed,0.0,SR02,,No,Lost,2,0,2,1,0,4,2026-02-13,218,0,5,6,0,0,4,5,20,Cold
L0003,Loop Learning,Education,51-200,2,Hyderabad,Google Search,Digital Transformation,38.3,False,2026-01-01,2026-01,New,1,Follow-up Required,2026-09-29,Upcoming,0.0,SR04,,No,Open,0,0,0,0,0,0,,,5,5,0,0,0,10,0,20,Cold
L0004,Glide Payments,FinTech,51-200,2,Mumbai,Cold Calling,Software Development,51.3,False,2026-01-01,2026-01,Qualified,3,Follow-up Required,2026-09-19,Due Today,0.0,SR09,,No,Open,1,0,1,0,0,3,2026-03-04,199,5,10,3,0,0,4,0,22,Cold
L0005,Loop Systems,SaaS,201-500,3,Gurgaon,Referral,Cloud Services,169.0,False,2026-01-01,2026-01,Qualified,3,Waiting for Response,2026-09-12,Overdue,7.0,SR01,,No,Open,2,0,2,0,0,5,2026-01-30,232,10,10,6,0,0,10,0,36,Cold
L0006,Tundra Labs,Healthcare,201-500,3,Hyderabad,Website,Digital Transformation,112.8,False,2026-01-01,2026-01,Contacted,2,Follow-up Required,2026-10-03,Upcoming,0.0,SR08,,No,Open,1,0,1,1,0,2,2026-01-28,234,10,10,3,0,0,10,5,38,Cold
L0007,Narmada Solutions,E-commerce,1000+,5,Bengaluru,Email Campaign,Cybersecurity,2419.4,False,2026-01-01,2026-01,New,1,Follow-up Required,2026-09-23,Upcoming,0.0,SR04,,No,Open,0,0,0,0,0,0,,,20,20,0,0,0,4,0,44,Cold
L0008,Delta Enterprises,Manufacturing,201-500,3,Noida,Google Search,Digital Transformation,193.4,False,2026-01-01,2026-01,Proposal,5,Waiting for Response,2026-10-02,Upcoming,0.0,SR03,1425000,No,Open,4,3,4,1,2,15,2026-03-20,183,10,10,10,10,20,10,5,75,Warm
L0009,Trident Pvt Ltd,FinTech,501-1000,4,Noida,Cold Calling,Digital Transformation,586.6,False,2026-01-01,2026-01,Contacted,2,Waiting for Response,2026-08-30,Overdue,20.0,SR05,,No,Open,1,0,2,1,0,3,2026-03-03,200,15,20,3,0,0,4,5,47,Cold
L0010,Echo Group,Logistics,501-1000,4,Hyderabad,Referral,Software Development,387.2,False,2026-01-01,2026-01,Meeting,4,Waiting for Response,2026-09-24,Upcoming,0.0,SR04,,No,Open,1,1,3,0,2,7,2026-02-25,206,15,15,3,5,20,4,0,62,Warm
L0011,Orbit Solutions,Retail,201-500,3,Bengaluru,Referral,Software Development,101.8,False,2026-01-01,2026-01,Qualified,3,Meeting Scheduled,2026-09-21,Upcoming,0.0,SR04,,No,Open,0,1,2,1,0,3,2026-03-15,188,10,10,0,5,0,4,5,34,Cold
L0012,Flux Cargo,Logistics,501-1000,4,Ahmedabad,Email Campaign,DevOps,403.2,False,2026-01-02,2026-01,Contacted,2,Waiting for Response,2026-09-06,Overdue,13.0,SR09,,No,Open,1,0,2,1,0,3,2026-03-04,199,15,15,3,0,0,4,5,42,Cold
L0013,Drift Learning,Education,51-200,2,Gurgaon,Referral,Software Development,55.2,False,2026-01-02,2026-01,Qualified,3,Follow-up Required,2026-09-22,Upcoming,0.0,SR01,,No,Open,1,1,1,1,0,3,2026-03-17,186,5,10,3,5,0,10,5,38,Cold
L0014,Pinnacle Pvt Ltd,E-commerce,1-50,1,Mumbai,Website,Cybersecurity,6.6,False,2026-01-02,2026-01,Qualified,3,Contacted,2026-09-05,Overdue,14.0,SR09,,No,Open,1,2,1,0,0,4,2026-03-11,192,0,0,3,10,0,4,0,17,Cold
L0015,Drift Group,Healthcare,501-1000,4,Mumbai,Referral,Cybersecurity,199.8,False,2026-01-02,2026-01,Won,6,Closed,,No Follow-up Needed,0.0,SR09,1500000,Yes,Won,5,3,5,2,1,16,2026-03-26,177,15,10,10,10,12,10,10,77,Warm
L0016,Prana Wealth Tech,FinTech,201-500,3,Chennai,LinkedIn,Software Development,137.0,False,2026-01-02,2026-01,Meeting,4,Follow-up Required,2026-10-06,Upcoming,0.0,SR07,,No,Open,1,1,2,1,1,6,2026-03-12,191,10,10,3,5,12,4,5,49,Cold
L0017,Indus Solutions,SaaS,51-200,2,Delhi,Website,DevOps,31.0,False,2026-01-03,2026-01,Contacted,2,Follow-up Required,2026-10-04,Upcoming,0.0,SR10,,No,Open,0,0,2,1,0,2,2026-02-16,215,5,5,0,0,0,10,5,25,Cold
L0018,Solace Solutions,SaaS,501-1000,4,Noida,LinkedIn,Software Development,521.3,False,2026-01-03,2026-01,Contacted,2,Contacted,2026-09-20,Upcoming,0.0,SR03,,No,Open,2,1,1,0,0,4,2026-03-21,182,15,20,6,5,0,4,0,50,Cold
L0019,Wavelet Solutions,FinTech,51-200,2,Bengaluru,Referral,Cybersecurity,10.6,False,2026-01-03,2026-01,Meeting,4,Waiting for Response,2026-10-07,Upcoming,0.0,SR04,,No,Open,1,2,2,1,2,7,2026-03-22,181,5,5,3,10,20,10,5,58,Cold
L0020,Nimbus Capital Tech,FinTech,51-200,2,Noida,Events,Cloud Services,40.6,False,2026-01-03,2026-01,Qualified,3,Not Interested,,No Follow-up Needed,0.0,SR05,,No,Lost,3,0,3,1,0,7,2026-03-25,178,5,5,6,0,0,10,5,31,Cold
L0021,Rudra Networks,E-commerce,501-1000,4,Chennai,LinkedIn,Digital Transformation,418.4,False,2026-01-03,2026-01,Contacted,2,Not Interested,,No Follow-up Needed,0.0,SR08,,No,Lost,1,0,2,0,0,3,2026-03-20,183,15,15,3,0,0,4,0,37,Cold
L0022,Thrive Enterprises,E-commerce,51-200,2,Bengaluru,LinkedIn,Software Development,14.2,False,2026-01-03,2026-01,New,1,Follow-up Required,2026-10-03,Upcoming,0.0,SR04,,No,Open,2,0,0,0,0,2,,,5,5,6,0,0,10,0,26,Cold
L0023,Madhav Networks,Logistics,1000+,5,Hyderabad,Events,Software Development,1775.2,True,2026-01-03,2026-01,Contacted,2,Waiting for Response,2026-09-11,Overdue,8.0,SR08,,No,Open,0,0,2,1,0,2,2026-01-17,245,20,20,0,0,0,4,5,49,Cold
L0024,Nimbus Ventures,Manufacturing,51-200,2,Chennai,Cold Calling,Digital Transformation,31.3,False,2026-01-04,2026-01,Contacted,2,Contacted,2026-09-20,Upcoming,0.0,SR07,,No,Open,2,0,2,0,0,4,2026-03-03,200,5,5,6,0,0,10,0,26,Cold
L0025,Wavelet Platforms,SaaS,1-50,1,Mumbai,LinkedIn,Software Development,10.5,False,2026-01-04,2026-01,Won,6,Closed,,No Follow-up Needed,0.0,SR09,325000,Yes,Won,4,4,3,0,3,15,2026-03-29,174,0,5,10,10,20,4,0,49,Cold
L0026,Falcon Networks,E-commerce,201-500,3,Bengaluru,Email Campaign,Cloud Services,97.9,False,2026-01-04,2026-01,Qualified,3,Follow-up Required,2026-09-03,Overdue,16.0,SR07,,No,Open,3,1,1,0,0,6,2026-03-31,172,10,10,6,5,0,10,0,41,Cold
L0027,Jolt Systems,FinTech,51-200,2,Mumbai,Website,Cloud Services,44.0,False,2026-01-04,2026-01,Contacted,2,Follow-up Required,2026-10-06,Upcoming,0.0,SR09,,No,Open,0,0,2,1,0,2,2026-03-14,189,5,5,0,0,0,10,5,25,Cold
L0028,Wavelet Health,Healthcare,201-500,3,Pune,Cold Calling,Cybersecurity,138.9,False,2026-01-04,2026-01,Contacted,2,Not Interested,,No Follow-up Needed,0.0,SR09,,No,Lost,0,0,2,0,0,2,2026-03-13,190,10,10,0,0,0,10,0,30,Cold
L0029,Vertex Softech,Retail,501-1000,4,Bengaluru,Website,Digital Transformation,576.3,False,2026-01-04,2026-01,Meeting,4,Not Interested,,No Follow-up Needed,0.0,SR08,,No,Lost,3,1,2,1,1,7,2026-03-06,197,15,20,6,5,12,10,5,73,Warm
L0030,Vivid Systems,Healthcare,1-50,1,Bengaluru,Cold Calling,Software Development,4.5,False,2026-01-05,2026-01,Qualified,3,Follow-up Required,2026-09-29,Upcoming,0.0,SR04,,No,Open,2,2,1,1,0,5,2026-03-21,182,0,0,6,10,0,4,5,25,Cold
L0031,Zenith Networks,FinTech,501-1000,4,Mumbai,Website,Cloud Services,442.5,False,2026-01-05,2026-01,Qualified,3,Follow-up Required,2026-09-24,Upcoming,0.0,SR09,,No,Open,0,1,3,2,0,5,2026-03-24,179,15,15,0,5,0,10,10,55,Cold
L0032,Cedar Labs,FinTech,1000+,5,Hyderabad,LinkedIn,Software Development,1160.6,False,2026-01-05,2026-01,Qualified,3,Waiting for Response,2026-09-17,Overdue,2.0,SR04,,No,Open,2,0,3,0,0,6,2026-03-10,193,20,20,6,0,0,4,0,50,Cold
L0033,Himalaya Online,E-commerce,1-50,1,Chennai,Cold Calling,DevOps,12.2,False,2026-01-06,2026-01,Meeting,4,Follow-up Required,2026-09-24,Upcoming,0.0,SR08,,No,Open,3,1,2,1,0,7,2026-03-22,181,0,5,6,5,0,4,5,25,Cold
L0034,Glide Enterprises,Logistics,1-50,1,Bengaluru,LinkedIn,Cloud Services,2.5,False,2026-01-06,2026-01,Contacted,2,Follow-up Required,2026-09-29,Upcoming,0.0,SR04,,No,Open,2,0,1,1,0,3,2026-03-26,177,0,0,6,0,0,10,5,21,Cold
L0035,Onyx Networks,Retail,1000+,5,Pune,Email Campaign,Cloud Services,1964.6,False,2026-01-06,2026-01,New,1,Follow-up Required,2026-09-22,Upcoming,0.0,SR06,,No,Open,1,0,0,0,0,1,,,20,20,3,0,0,10,0,53,Cold
L0036,Sagar Ventures,Logistics,501-1000,4,Bengaluru,LinkedIn,Software Development,549.6,False,2026-01-06,2026-01,Meeting,4,Waiting for Response,2026-09-19,Due Today,0.0,SR07,,No,Open,2,2,3,2,1,8,2026-04-05,167,15,20,6,10,12,4,10,77,Warm
L0037,Tundra Pvt Ltd,E-commerce,201-500,3,Mumbai,Email Campaign,Software Development,181.0,False,2026-01-06,2026-01,Proposal,5,Waiting for Response,2026-10-10,Upcoming,0.0,SR02,1355000,No,Open,3,2,4,2,2,12,2026-03-30,173,10,10,6,10,20,10,10,76,Warm
L0038,Summit Solutions,E-commerce,201-500,3,Delhi,LinkedIn,DevOps,132.3,False,2026-01-06,2026-01,New,1,Follow-up Required,2026-09-24,Upcoming,0.0,SR03,,No,Open,1,0,0,0,0,1,,,10,10,3,0,0,4,0,27,Cold
L0039,Pinnacle Software,SaaS,1-50,1,Gurgaon,Google Search,DevOps,5.1,False,2026-01-06,2026-01,Contacted,2,Contacted,2026-09-19,Due Today,0.0,SR01,,No,Open,1,0,1,1,0,2,2026-02-24,207,0,0,3,0,0,10,5,18,Cold
L0040,Novus Softech,E-commerce,1-50,1,Bengaluru,Email Campaign,Software Development,7.5,False,2026-01-06,2026-01,New,1,Follow-up Required,2026-09-19,Due Today,0.0,SR08,,No,Open,1,0,0,0,0,1,,,0,0,3,0,0,10,0,13,Cold
L0041,Helix Enterprises,SaaS,201-500,3,Pune,Email Campaign,Cybersecurity,46.5,False,2026-01-06,2026-01,Qualified,3,Waiting for Response,2026-09-18,Overdue,1.0,SR06,,No,Open,0,0,2,1,0,3,2026-03-15,188,10,5,0,0,0,4,5,24,Cold
L0042,Jade Systems,Manufacturing,51-200,2,Pune,Cold Calling,Software Development,36.8,True,2026-01-06,2026-01,New,1,Follow-up Required,2026-10-09,Upcoming,0.0,SR02,,No,Open,0,0,0,0,0,0,,,5,5,0,0,0,4,0,14,Cold
L0043,Kinetic Engineering,Manufacturing,201-500,3,Mumbai,LinkedIn,Digital Transformation,132.2,False,2026-01-07,2026-01,New,1,Follow-up Required,2026-09-25,Upcoming,0.0,SR09,,No,Open,2,0,0,0,0,2,,,10,10,6,0,0,10,0,36,Cold
L0044,Drift Mart,Retail,201-500,3,Mumbai,Referral,Cloud Services,161.8,False,2026-01-07,2026-01,Won,6,Closed,,No Follow-up Needed,0.0,SR02,1295000,Yes,Won,5,2,4,1,2,17,2026-03-28,175,10,10,10,10,20,10,5,75,Warm
L0045,Willow Group,Retail,51-200,2,Pune,Google Search,Cloud Services,26.0,False,2026-01-07,2026-01,Qualified,3,Meeting Scheduled,2026-09-28,Upcoming,0.0,SR02,,No,Open,1,0,2,1,0,5,2026-02-22,209,5,5,3,0,0,10,5,28,Cold
L0046,Apex Ventures,Logistics,201-500,3,Hyderabad,Website,Software Development,109.5,False,2026-01-07,2026-01,Proposal,5,Waiting for Response,2026-08-30,Overdue,20.0,SR04,1360000,No,Open,4,2,2,0,1,10,2026-04-06,166,10,10,10,10,12,4,0,56,Cold
L0047,Kestrel Pvt Ltd,Retail,51-200,2,Mumbai,Cold Calling,Software Development,15.1,False,2026-01-07,2026-01,New,1,Follow-up Required,2026-09-13,Overdue,6.0,SR06,,No,Open,0,0,0,0,0,0,,,5,5,0,0,0,4,0,14,Cold
L0048,Hive Solutions,Education,1-50,1,Bengaluru,Google Search,Cybersecurity,11.2,False,2026-01-07,2026-01,New,1,Follow-up Required,2026-09-23,Upcoming,0.0,SR04,,No,Open,0,0,0,0,0,0,,,0,5,0,0,0,4,0,9,Cold
L0049,Helix Mart,Retail,201-500,3,Mumbai,LinkedIn,Cybersecurity,68.9,False,2026-01-07,2026-01,Meeting,4,Meeting Scheduled,2026-09-19,Due Today,0.0,SR02,,No,Open,3,1,2,0,0,9,2026-03-31,172,10,10,6,5,0,4,0,35,Cold
L0050,Zenith Knowledge,Education,51-200,2,Mumbai,Events,Cloud Services,33.9,False,2026-01-07,2026-01,Qualified,3,Follow-up Required,2026-09-26,Upcoming,0.0,SR09,,No,Open,3,2,1,1,0,6,2026-03-28,175,5,5,6,10,0,4,5,35,Cold
L0051,Novus Global,SaaS,51-200,2,Bengaluru,Cold Calling,DevOps,36.8,True,2026-01-07,2026-01,Contacted,2,Contacted,2026-10-04,Upcoming,0.0,SR08,,No,Open,2,0,2,1,0,4,2026-02-04,227,5,5,6,0,0,10,5,31,Cold
L0052,Ishaan Labs,Retail,201-500,3,Mumbai,Events,Digital Transformation,192.2,False,2026-01-07,2026-01,New,1,Follow-up Required,2026-09-30,Upcoming,0.0,SR02,,No,Open,0,0,0,0,0,0,,,10,10,0,0,0,10,0,30,Cold
L0053,Spark Labs,Healthcare,201-500,3,Chennai,Email Campaign,Cloud Services,70.2,False,2026-01-08,2026-01,Contacted,2,Not Interested,,No Follow-up Needed,0.0,SR07,,No,Lost,0,0,2,1,0,2,2026-02-14,217,10,10,0,0,0,4,5,29,Cold
L0054,Zephyr Technologies,Manufacturing,1-50,1,Hyderabad,Events,Digital Transformation,9.8,False,2026-01-08,2026-01,Qualified,3,Follow-up Required,2026-09-13,Overdue,6.0,SR08,,No,Open,1,0,2,2,0,4,2026-03-31,172,0,0,3,0,0,10,10,23,Cold
L0055,Onyx Enterprises,SaaS,1-50,1,Pune,Cold Calling,DevOps,14.1,False,2026-01-08,2026-01,Meeting,4,Meeting Scheduled,2026-09-26,Upcoming,0.0,SR06,,No,Open,4,2,2,1,0,10,2026-04-01,171,0,5,10,10,0,10,5,40,Cold
L0056,Indus Networks,Manufacturing,1000+,5,Mumbai,LinkedIn,Cloud Services,553.1,False,2026-01-08,2026-01,Qualified,3,Not Interested,,No Follow-up Needed,0.0,SR06,,No,Lost,0,1,2,1,0,3,2026-04-03,169,20,20,0,5,0,10,5,60,Warm
L0057,Himalaya Networks,E-commerce,1000+,5,Pune,Website,Software Development,1862.7,False,2026-01-08,2026-01,Won,6,Closed,,No Follow-up Needed,0.0,SR09,1945000,Yes,Won,3,2,4,1,1,13,2026-04-07,165,20,20,6,10,12,10,5,83,Hot
L0058,Quartz Solutions,Logistics,201-500,3,Bengaluru,Cold Calling,Digital Transformation,163.4,False,2026-01-08,2026-01,Qualified,3,Follow-up Required,2026-09-01,Overdue,18.0,SR04,,No,Open,1,2,3,1,0,6,2026-04-07,165,10,10,3,10,0,10,5,48,Cold
L0059,Madhav Labs,Education,1-50,1,Chennai,Events,Software Development,9.6,False,2026-01-08,2026-01,Qualified,3,Follow-up Required,2026-09-19,Due Today,0.0,SR04,,No,Open,0,1,1,0,0,3,2026-01-21,241,0,0,0,5,0,10,0,15,Cold
L0060,Falcon Industries,SaaS,51-200,2,Unknown,LinkedIn,Cybersecurity,45.2,False,2026-01-08,2026-01,Qualified,3,Waiting for Response,2026-10-08,Upcoming,0.0,SR03,,No,Open,2,1,3,2,0,6,2026-04-07,165,5,5,6,5,0,4,10,35,Cold
L0061,Cedar Pvt Ltd,SaaS,1-50,1,Pune,Referral,DevOps,10.1,False,2026-01-08,2026-01,Qualified,3,Not Interested,,No Follow-up Needed,0.0,SR02,,No,Lost,0,2,2,1,0,4,2026-03-25,178,0,5,0,10,0,10,5,30,Cold
L0062,Titan Networks,FinTech,1-50,1,Hyderabad,Email Campaign,Digital Transformation,4.0,False,2026-01-09,2026-01,Proposal,5,Follow-up Required,2026-10-04,Upcoming,0.0,SR04,245000,No,Open,4,0,2,1,2,10,2026-03-17,186,0,0,10,0,20,4,5,39,Cold
L0063,Oasis Technologies,Healthcare,1-50,1,Pune,LinkedIn,Digital Transformation,5.9,False,2026-01-09,2026-01,Qualified,3,Follow-up Required,2026-10-06,Upcoming,0.0,SR09,,No,Open,0,1,1,0,0,2,2026-03-19,184,0,0,0,5,0,10,0,15,Cold
L0064,Meridian Stores,Retail,1-50,1,Pune,Google Search,DevOps,2.6,False,2026-01-09,2026-01,New,1,Follow-up Required,2026-08-31,Overdue,19.0,SR09,,No,Open,0,0,0,0,0,0,,,0,0,0,0,0,4,0,4,Cold
L0065,Flux Ventures,Manufacturing,201-500,3,Mumbai,Cold Calling,Digital Transformation,93.3,False,2026-01-09,2026-01,New,1,Follow-up Required,2026-09-26,Upcoming,0.0,SR09,,No,Open,0,0,0,0,0,0,,,10,10,0,0,0,10,0,30,Cold
L0066,Indus Pvt Ltd,Manufacturing,1-50,1,Mumbai,Email Campaign,Cloud Services,11.5,False,2026-01-09,2026-01,Meeting,4,Waiting for Response,2026-09-22,Upcoming,0.0,SR02,,No,Open,4,1,3,1,1,10,2026-03-19,184,0,5,10,5,12,10,5,47,Cold
L0067,Kestrel Health,Healthcare,201-500,3,Mumbai,Referral,Cybersecurity,54.7,False,2026-01-09,2026-01,Won,6,Closed,,No Follow-up Needed,0.0,SR02,1295000,Yes,Won,4,2,5,1,2,16,2026-04-04,168,10,10,10,10,20,10,5,75,Warm
L0068,Nexora Academy Systems,Education,51-200,2,Mumbai,Google Search,Software Development,38.6,False,2026-01-09,2026-01,New,1,Follow-up Required,2026-10-05,Upcoming,0.0,SR09,,No,Open,1,0,0,0,0,1,,,5,5,3,0,0,10,0,23,Cold
L0069,Flux Pvt Ltd,FinTech,201-500,3,Delhi,Cold Calling,Cybersecurity,164.8,False,2026-01-09,2026-01,Contacted,2,Follow-up Required,2026-09-09,Overdue,10.0,SR05,,No,Open,1,0,2,0,0,3,2026-04-09,163,10,10,3,0,0,10,0,33,Cold
L0070,Echo Softech,Manufacturing,1-50,1,Jaipur,Cold Calling,Digital Transformation,2.3,False,2026-01-10,2026-01,Proposal,5,Follow-up Required,2026-09-24,Upcoming,0.0,SR03,275000,No,Open,4,2,4,1,2,14,2026-03-29,174,0,0,10,10,20,10,5,55,Cold
L0071,Ion EdTech,Education,51-200,2,Mumbai,Events,Software Development,48.9,False,2026-01-10,2026-01,New,1,Follow-up Required,2026-10-10,Upcoming,0.0,SR09,,No,Open,2,0,0,0,0,2,,,5,5,6,0,0,10,0,26,Cold
L0072,Gravity Labs,Manufacturing,51-200,2,Mumbai,Events,Digital Transformation,43.6,False,2026-01-10,2026-01,Contacted,2,Waiting for Response,2026-09-27,Upcoming,0.0,SR09,,No,Open,1,0,1,1,0,2,2026-01-12,250,5,5,3,0,0,10,5,28,Cold
L0073,Kinetic Technologies,E-commerce,501-1000,4,Chennai,Website,Digital Transformation,444.0,False,2026-01-10,2026-01,Meeting,4,Meeting Scheduled,2026-09-30,Upcoming,0.0,SR04,,No,Open,3,2,2,1,2,10,2026-04-05,167,15,15,6,10,20,4,5,75,Warm
L0074,Banyan Health,Healthcare,201-500,3,Unknown,Cold Calling,Software Development,192.0,False,2026-01-10,2026-01,New,1,Follow-up Required,2026-09-19,Due Today,0.0,SR05,,No,Open,1,0,0,0,0,1,,,10,10,3,0,0,4,0,27,Cold
L0075,Onyx Solutions,Manufacturing,1-50,1,Gurgaon,LinkedIn,Digital Transformation,4.7,False,2026-01-11,2026-01,Contacted,2,Not Interested,,No Follow-up Needed,0.0,SR01,,No,Lost,2,0,1,0,0,4,2026-03-16,187,0,0,6,0,0,10,0,16,Cold
L0076,Xenon Networks,Logistics,1-50,1,Delhi,Cold Calling,DevOps,12.4,False,2026-01-11,2026-01,New,1,Follow-up Required,2026-10-04,Upcoming,0.0,SR05,,No,Open,1,0,0,0,0,1,,,0,5,3,0,0,4,0,12,Cold
L0077,Bluepeak Softech,Retail,501-1000,4,Hyderabad,Cold Calling,Digital Transformation,560.2,False,2026-01-12,2026-01,New,1,Follow-up Required,2026-09-23,Upcoming,0.0,SR08,,No,Open,1,0,0,0,0,1,,,15,20,3,0,0,10,0,48,Cold
L0078,Apex Labs,Education,201-500,3,Hyderabad,Website,Cybersecurity,125.7,False,2026-01-12,2026-01,Proposal,5,Waiting for Response,2026-10-02,Upcoming,0.0,SR08,1170000,No,Open,5,1,2,0,2,11,2026-04-07,165,10,10,10,5,20,4,0,59,Cold
L0079,Flux Industrial,Manufacturing,1000+,5,Bengaluru,Website,Software Development,2686.8,False,2026-01-12,2026-01,Won,6,Closed,,No Follow-up Needed,0.0,SR07,2225000,Yes,Won,3,2,5,1,1,15,2026-04-05,167,20,20,6,10,12,4,5,77,Warm
L0080,Flux Networks,Manufacturing,1-50,1,Mumbai,Cold Calling,DevOps,11.7,False,2026-01-12,2026-01,New,1,Follow-up Required,2026-09-20,Upcoming,0.0,SR06,,No,Open,0,0,0,0,0,0,,,0,5,0,0,0,4,0,9,Cold
L0081,Apex Freight,Logistics,201-500,3,Bengaluru,Events,Cloud Services,115.5,False,2026-01-12,2026-01,Contacted,2,Not Interested,,No Follow-up Needed,0.0,SR07,,No,Lost,1,0,2,2,0,3,2026-04-06,166,10,10,3,0,0,10,10,43,Cold
L0082,Onyx Labs,Healthcare,501-1000,4,Pune,Cold Calling,Cybersecurity,578.4,False,2026-01-12,2026-01,Qualified,3,Waiting for Response,2026-09-24,Upcoming,0.0,SR02,,No,Open,3,2,3,0,0,8,2026-04-04,168,15,20,6,10,0,10,0,61,Warm
L0083,Relay Systems,SaaS,51-200,2,Bengaluru,Website,Cybersecurity,38.5,False,2026-01-13,2026-01,Contacted,2,Not Interested,,No Follow-up Needed,0.0,SR07,,No,Lost,2,0,2,1,0,5,2026-02-13,218,5,5,6,0,0,4,5,25,Cold
L0084,Zest Technologies,Retail,501-1000,4,Bengaluru,LinkedIn,Software Development,580.9,False,2026-01-13,2026-01,Proposal,5,Not Interested,,No Follow-up Needed,0.0,SR07,1440000,No,Lost,3,1,2,1,2,11,2026-04-13,159,15,20,6,5,20,4,5,75,Warm
L0085,Vanguard Labs,SaaS,51-200,2,Mumbai,Cold Calling,Digital Transformation,37.3,False,2026-01-13,2026-01,New,1,Follow-up Required,2026-10-06,Upcoming,0.0,SR09,,No,Open,1,0,0,0,0,1,,,5,5,3,0,0,4,0,17,Cold
L0086,Lakshya Pvt Ltd,Manufacturing,1-50,1,Bengaluru,Website,Cybersecurity,3.5,False,2026-01-13,2026-01,Won,6,Closed,,No Follow-up Needed,0.0,SR07,200000,Yes,Won,5,5,4,2,3,17,2026-04-09,163,0,0,10,10,20,4,10,54,Cold
L0087,Cobalt Labs,SaaS,1-50,1,Ahmedabad,Website,DevOps,2.1,False,2026-01-13,2026-01,New,1,Follow-up Required,2026-10-04,Upcoming,0.0,SR09,,No,Open,0,0,0,0,0,0,,,0,0,0,0,0,10,0,10,Cold
L0088,Delta Systems,FinTech,501-1000,4,Mumbai,Email Campaign,Cybersecurity,497.6,False,2026-01-14,2026-01,Meeting,4,Meeting Scheduled,2026-09-28,Upcoming,0.0,SR06,,No,Open,4,2,2,2,1,9,2026-04-06,166,15,15,10,10,12,10,10,82,Hot
L0089,Rudra Finserv,FinTech,1-50,1,Mumbai,Cold Calling,Software Development,11.1,False,2026-01-14,2026-01,Qualified,3,Follow-up Required,2026-09-19,Due Today,0.0,SR06,,No,Open,1,0,3,3,0,6,2026-04-03,169,0,5,3,0,0,4,10,22,Cold
L0090,Onyx Platforms,SaaS,51-200,2,Pune,LinkedIn,Cybersecurity,37.4,False,2026-01-14,2026-01,Meeting,4,Waiting for Response,2026-09-19,Due Today,0.0,SR06,,No,Open,1,2,2,1,1,7,2026-04-14,158,5,5,3,10,12,4,5,44,Cold
L0091,Zephyr Solutions,Logistics,501-1000,4,Mumbai,Website,Software Development,335.2,False,2026-01-14,2026-01,Qualified,3,Follow-up Required,2026-09-20,Upcoming,0.0,SR09,,No,Open,1,1,2,1,0,5,2026-03-23,180,15,15,3,5,0,4,5,47,Cold
L0092,Trident Solutions,Education,201-500,3,Pune,Website,Cloud Services,93.4,False,2026-01-14,2026-01,Meeting,4,Meeting Scheduled,2026-10-01,Upcoming,0.0,SR06,,No,Open,1,3,2,1,1,7,2026-04-12,160,10,10,3,10,12,4,5,54,Cold
L0093,Hive Ventures,Education,1-50,1,Bengaluru,Website,Cloud Services,7.4,False,2026-01-14,2026-01,Qualified,3,Waiting for Response,2026-10-02,Upcoming,0.0,SR08,,No,Open,1,1,2,0,0,4,2026-04-05,167,0,0,3,5,0,4,0,12,Cold
L0094,Wavelet Ventures,Manufacturing,1-50,1,Hyderabad,Website,Cloud Services,13.9,False,2026-01-15,2026-01,Won,6,Closed,,No Follow-up Needed,0.0,SR07,345000,Yes,Won,3,3,3,0,2,13,2026-04-02,170,0,5,6,10,20,10,0,51,Cold
L0095,Vertex Enterprises,SaaS,501-1000,4,Chennai,Cold Calling,Cybersecurity,482.0,False,2026-01-15,2026-01,Qualified,3,Meeting Scheduled,2026-09-22,Upcoming,0.0,SR07,,No,Open,0,1,1,0,0,2,2026-03-17,186,15,15,0,5,0,4,0,39,Cold
L0096,Chakra Systems,SaaS,201-500,3,Unknown,Referral,Cloud Services,78.3,False,2026-01-15,2026-01,Contacted,2,Follow-up Required,2026-09-19,Due Today,0.0,SR07,,No,Open,1,1,1,0,0,3,2026-02-20,211,10,10,3,5,0,10,0,38,Cold
L0097,Vivid Industries,Healthcare,51-200,2,Gurgaon,Events,Digital Transformation,43.9,False,2026-01-15,2026-01,Contacted,2,Waiting for Response,2026-09-10,Overdue,9.0,SR03,,No,Open,1,0,2,0,0,4,2026-04-12,160,5,5,3,0,0,10,0,23,Cold
L0098,Aurora Capital Tech,FinTech,51-200,2,Mumbai,LinkedIn,Software Development,27.9,False,2026-01-15,2026-01,Contacted,2,Follow-up Required,2026-10-02,Upcoming,0.0,SR09,,No,Open,2,0,2,1,0,4,2026-02-13,218,5,5,6,0,0,4,5,25,Cold
L0099,Bharat Components,Manufacturing,1-50,1,Jaipur,Cold Calling,Digital Transformation,4.2,False,2026-01-15,2026-01,Contacted,2,Waiting for Response,2026-09-07,Overdue,12.0,SR10,,No,Open,1,0,1,0,0,3,2026-04-12,160,0,0,3,0,0,10,0,13,Cold
L0100,Vivid Pvt Ltd,SaaS,51-200,2,Bengaluru,Website,Cybersecurity,37.1,False,2026-01-15,2026-01,Qualified,3,Follow-up Required,2026-09-28,Upcoming,0.0,SR04,,No,Open,1,1,2,1,0,5,2026-03-04,199,5,5,3,5,0,4,5,27,Cold
L0101,Alpine Ventures,Retail,51-200,2,Hyderabad,LinkedIn,Software Development,55.2,False,2026-01-15,2026-01,New,1,Follow-up Required,2026-10-10,Upcoming,0.0,SR04,,No,Open,0,0,0,0,0,0,,,5,10,0,0,0,4,0,19,Cold
L0102,Harbor Systems,Healthcare,201-500,3,Unknown,Referral,Cybersecurity,182.6,False,2026-01-16,2026-01,Qualified,3,Follow-up Required,2026-10-07,Upcoming,0.0,SR05,,No,Open,3,1,2,1,0,6,2026-03-17,186,10,10,6,5,0,10,5,46,Cold
L0103,Radiant Pvt Ltd,SaaS,501-1000,4,Jaipur,Google Search,Cybersecurity,423.1,False,2026-01-16,2026-01,New,1,Follow-up Required,2026-10-02,Upcoming,0.0,SR03,,No,Open,2,0,0,0,0,2,,,15,15,6,0,0,4,0,40,Cold
L0104,Radiant Networks,Healthcare,501-1000,4,Delhi,Referral,Digital Transformation,494.4,False,2026-01-16,2026-01,Proposal,5,Waiting for Response,2026-09-26,Upcoming,0.0,SR03,2000000,No,Open,3,3,4,2,2,13,2026-04-14,158,15,15,6,10,20,10,10,86,Hot
L0105,Loop Pvt Ltd,SaaS,1000+,5,Unknown,LinkedIn,Software Development,1188.0,False,2026-01-16,2026-01,Contacted,2,Not Interested,,No Follow-up Needed,0.0,SR06,,No,Lost,2,0,2,0,0,4,2026-02-28,203,20,20,6,0,0,4,0,50,Cold
L0106,Uday Labs,SaaS,51-200,2,Bengaluru,Referral,Cloud Services,46.3,False,2026-01-16,2026-01,Won,6,Closed,,No Follow-up Needed,0.0,SR07,495000,Yes,Won,3,4,4,2,1,13,2026-04-14,158,5,5,6,10,12,10,10,58,Cold
L0107,Wavelet Softech,Logistics,51-200,2,Hyderabad,LinkedIn,Digital Transformation,31.7,False,2026-01-16,2026-01,New,1,Follow-up Required,2026-10-10,Upcoming,0.0,SR08,,No,Open,2,0,0,0,0,2,,,5,5,6,0,0,10,0,26,Cold
L0108,Vertex Pvt Ltd,Retail,201-500,3,Gurgaon,Website,Digital Transformation,141.8,False,2026-01-16,2026-01,Meeting,4,Not Interested,,No Follow-up Needed,0.0,SR10,,No,Lost,1,2,3,0,2,8,2026-04-08,164,10,10,3,10,20,10,0,63,Warm
L0109,Mosaic Softech,E-commerce,201-500,3,Mumbai,Cold Calling,Cloud Services,112.8,False,2026-01-16,2026-01,Qualified,3,Contacted,2026-10-06,Upcoming,0.0,SR02,,No,Open,0,0,3,1,0,4,2026-04-04,168,10,10,0,0,0,10,5,35,Cold
L0110,Harbor Wealth Tech,FinTech,1000+,5,Bengaluru,Email Campaign,Cybersecurity,2449.7,False,2026-01-16,2026-01,Won,6,Closed,,No Follow-up Needed,0.0,SR07,2170000,Yes,Won,5,2,4,1,2,14,2026-04-07,165,20,20,10,10,20,10,5,95,Hot
L0111,Ishaan Software,SaaS,1-50,1,Mumbai,Website,Digital Transformation,8.6,False,2026-01-16,2026-01,Contacted,2,Not Interested,,No Follow-up Needed,0.0,SR06,,No,Lost,2,1,2,1,0,5,2026-04-15,157,0,0,6,5,0,4,5,20,Cold
L0112,Meridian Group,FinTech,51-200,2,Jaipur,Cold Calling,Digital Transformation,16.4,False,2026-01-17,2026-01,Won,6,Closed,,No Follow-up Needed,0.0,SR10,645000,Yes,Won,3,3,3,2,3,14,2026-04-14,158,5,5,6,10,20,4,10,60,Warm
L0113,Tundra Enterprises,E-commerce,51-200,2,Bengaluru,Google Search,Cloud Services,32.2,False,2026-01-17,2026-01,Won,6,Closed,,No Follow-up Needed,0.0,SR04,635000,Yes,Won,4,3,4,1,2,13,2026-04-04,168,5,5,10,10,20,10,5,65,Warm
L0114,Cobalt Ventures,Manufacturing,51-200,2,Hyderabad,Website,Digital Transformation,17.4,False,2026-01-17,2026-01,Contacted,2,Follow-up Required,2026-09-26,Upcoming,0.0,SR08,,No,Open,0,0,1,1,0,1,2026-02-26,205,5,5,0,0,0,10,5,25,Cold
L0115,Pulse Industries,E-commerce,51-200,2,Noida,Email Campaign,Cloud Services,32.3,False,2026-01-17,2026-01,Won,6,Closed,,No Follow-up Needed,0.0,SR10,640000,Yes,Won,3,5,5,2,2,16,2026-04-13,159,5,5,6,10,20,10,10,66,Warm
L0116,Zephyr Brands,Retail,1000+,5,Gurgaon,Website,Cybersecurity,1180.2,False,2026-01-17,2026-01,Meeting,4,Waiting for Response,2026-09-19,Due Today,0.0,SR10,,No,Open,1,1,3,1,1,8,2026-04-17,155,20,20,3,5,12,4,5,69,Warm
L0117,Falcon Pvt Ltd,Logistics,1-50,1,Pune,LinkedIn,Cybersecurity,3.3,False,2026-01-17,2026-01,New,1,Follow-up Required,2026-10-03,Upcoming,0.0,SR09,,No,Open,0,0,0,0,0,0,,,0,0,0,0,0,4,0,4,Cold
L0118,Garuda Global,Education,201-500,3,Delhi,LinkedIn,Digital Transformation,175.1,False,2026-01-17,2026-01,Qualified,3,Waiting for Response,2026-09-28,Upcoming,0.0,SR10,,No,Open,0,1,3,0,0,5,2026-04-07,165,10,10,0,5,0,10,0,35,Cold
L0119,Prism Networks,SaaS,501-1000,4,Noida,Cold Calling,Cloud Services,403.4,False,2026-01-17,2026-01,Contacted,2,Not Interested,,No Follow-up Needed,0.0,SR05,,No,Lost,0,0,1,0,0,1,2026-01-22,240,15,15,0,0,0,10,0,40,Cold
L0120,Falcon Global,Logistics,1000+,5,Delhi,Cold Calling,DevOps,1937.3,False,2026-01-18,2026-01,Contacted,2,Not Interested,,No Follow-up Needed,0.0,SR03,,No,Lost,1,0,1,1,0,3,2026-03-01,202,20,20,3,0,0,4,5,52,Cold
L0121,Yash Solutions,SaaS,201-500,3,Pune,Website,Software Development,173.2,False,2026-01-18,2026-01,Contacted,2,Not Interested,,No Follow-up Needed,0.0,SR09,,No,Lost,1,0,2,1,0,3,2026-04-11,161,10,10,3,0,0,4,5,32,Cold
L0122,Zenith Wealth Tech,FinTech,1-50,1,Delhi,Cold Calling,Digital Transformation,14.3,False,2026-01-18,2026-01,New,1,Follow-up Required,2026-09-20,Upcoming,0.0,SR10,,No,Open,2,0,0,0,0,2,,,0,5,6,0,0,4,0,15,Cold
L0123,Uday Ventures,Healthcare,51-200,2,Bengaluru,Google Search,Software Development,16.8,False,2026-01-18,2026-01,Qualified,3,Not Interested,,No Follow-up Needed,0.0,SR07,,No,Lost,3,2,2,1,0,7,2026-04-09,163,5,5,6,10,0,4,5,35,Cold
L0124,Alpine Freight,Logistics,1-50,1,Jaipur,Website,DevOps,14.0,False,2026-01-18,2026-01,New,1,Follow-up Required,2026-09-30,Upcoming,0.0,SR10,,No,Open,1,0,0,0,0,1,,,0,5,3,0,0,4,0,12,Cold
L0125,Lotus Apps,SaaS,51-200,2,Mumbai,Email Campaign,DevOps,33.0,False,2026-01-18,2026-01,Won,6,Closed,,No Follow-up Needed,0.0,SR09,505000,Yes,Won,3,1,4,3,1,12,2026-04-03,169,5,5,6,5,12,10,10,53,Cold
L0126,Nimbus Labs,Retail,501-1000,4,Pune,Cold Calling,Software Development,282.2,False,2026-01-19,2026-01,New,1,Follow-up Required,2026-10-09,Upcoming,0.0,SR06,,No,Open,2,0,0,0,0,2,,,15,15,6,0,0,4,0,40,Cold
L0127,Harbor Solutions,FinTech,201-500,3,Bengaluru,LinkedIn,Software Development,199.1,False,2026-01-19,2026-01,Meeting,4,Waiting for Response,2026-09-07,Overdue,12.0,SR07,,No,Open,3,1,3,1,1,9,2026-04-03,169,10,10,6,5,12,4,5,52,Cold
L0128,Jolt Softech,E-commerce,201-500,3,Gurgaon,Referral,Software Development,158.3,False,2026-01-19,2026-01,Contacted,2,Follow-up Required,2026-10-10,Upcoming,0.0,SR03,,No,Open,2,1,2,1,0,5,2026-03-26,177,10,10,6,5,0,10,5,46,Cold
L0129,Uday Technologies,Retail,201-500,3,Chennai,Cold Calling,Digital Transformation,96.0,False,2026-01-19,2026-01,Won,6,Closed,,No Follow-up Needed,0.0,SR04,1180000,Yes,Won,5,0,5,2,1,15,2026-04-19,153,10,10,10,0,12,10,10,62,Warm
L0130,Zenith Platforms,SaaS,201-500,3,Delhi,Cold Calling,Software Development,46.1,False,2026-01-19,2026-01,New,1,Follow-up Required,2026-09-30,Upcoming,0.0,SR03,,No,Open,0,0,0,0,0,0,,,10,5,0,0,0,4,0,19,Cold
L0131,Helix Solutions,Education,1-50,1,Pune,Referral,Digital Transformation,4.4,False,2026-01-19,2026-01,Contacted,2,Follow-up Required,2026-08-30,Overdue,20.0,SR06,,No,Open,2,1,1,1,0,4,2026-03-27,176,0,0,6,5,0,10,5,26,Cold
L0132,Lotus Payments,FinTech,1-50,1,Unknown,Cold Calling,Cybersecurity,10.8,False,2026-01-19,2026-01,Contacted,2,Follow-up Required,2026-09-04,Overdue,15.0,SR08,,No,Open,2,1,2,2,0,5,2026-03-07,196,0,5,6,5,0,10,10,36,Cold
L0133,Falcon Ventures,Healthcare,1000+,5,Delhi,Email Campaign,Cybersecurity,984.2,False,2026-01-20,2026-01,Contacted,2,Follow-up Required,2026-09-19,Due Today,0.0,SR01,,No,Open,1,0,2,0,0,3,2026-04-03,169,20,20,3,0,0,10,0,53,Cold
L0134,Neptune Enterprises,FinTech,1000+,5,Bengaluru,Email Campaign,Digital Transformation,2885.6,False,2026-01-20,2026-01,Contacted,2,Not Interested,,No Follow-up Needed,0.0,SR08,,No,Lost,1,1,1,0,0,3,2026-03-07,196,20,20,3,5,0,4,0,52,Cold
L0135,Zephyr Labs,Healthcare,1-50,1,Jaipur,Google Search,Software Development,2.4,False,2026-01-20,2026-01,Qualified,3,Follow-up Required,2026-09-19,Due Today,0.0,SR05,,No,Open,3,1,1,0,0,5,2026-04-18,154,0,0,6,5,0,4,0,15,Cold
L0136,Ishaan Softech,Retail,501-1000,4,Ahmedabad,Email Campaign,Digital Transformation,274.8,False,2026-01-20,2026-01,Qualified,3,Waiting for Response,2026-09-28,Upcoming,0.0,SR06,,No,Open,2,2,3,1,0,7,2026-03-16,187,15,15,6,10,0,10,5,61,Warm
L0137,Dhruv Wealth Tech,FinTech,1-50,1,Delhi,Cold Calling,Cybersecurity,12.5,False,2026-01-20,2026-01,New,1,Follow-up Required,2026-09-21,Upcoming,0.0,SR05,,No,Open,2,0,0,0,0,2,,,0,5,6,0,0,10,0,21,Cold
L0138,Helix Software,SaaS,201-500,3,Hyderabad,Cold Calling,Cybersecurity,134.5,False,2026-01-20,2026-01,Qualified,3,Not Interested,,No Follow-up Needed,0.0,SR07,,No,Lost,3,2,3,0,0,8,2026-03-15,188,10,10,6,10,0,4,0,40,Cold
L0139,Lumina Systems,FinTech,1-50,1,Chennai,Email Campaign,Digital Transformation,13.7,False,2026-01-21,2026-01,Contacted,2,Not Interested,,No Follow-up Needed,0.0,SR07,,No,Lost,1,0,2,1,0,4,2026-02-16,215,0,5,3,0,0,4,5,17,Cold
L0140,Cobalt Systems,SaaS,201-500,3,Gurgaon,Cold Calling,Cloud Services,155.8,False,2026-01-21,2026-01,New,1,Follow-up Required,2026-09-23,Upcoming,0.0,SR05,,No,Open,2,0,0,0,0,2,,,10,10,6,0,0,10,0,36,Cold
L0141,Cobalt Online,E-commerce,51-200,2,Bengaluru,Website,Digital Transformation,36.8,True,2026-01-21,2026-01,New,1,Follow-up Required,2026-09-25,Upcoming,0.0,SR04,,No,Open,2,0,0,0,0,2,,,5,5,6,0,0,4,0,20,Cold
L0142,Ridge Pvt Ltd,Retail,1000+,5,Mumbai,Cold Calling,Digital Transformation,1268.3,False,2026-01-21,2026-01,Contacted,2,Follow-up Required,2026-10-01,Upcoming,0.0,SR09,,No,Open,2,1,1,1,0,4,2026-03-19,184,20,20,6,5,0,10,5,66,Warm
L0143,Horizon Global,Logistics,201-500,3,Delhi,Website,Software Development,40.7,False,2026-01-21,2026-01,Meeting,4,Waiting for Response,2026-09-19,Due Today,0.0,SR10,,No,Open,4,2,2,1,1,10,2026-04-05,167,10,5,10,10,12,4,5,56,Cold
L0144,Titan Softech,Logistics,51-200,2,Mumbai,Website,Digital Transformation,50.2,False,2026-01-22,2026-01,Meeting,4,Follow-up Required,2026-09-25,Upcoming,0.0,SR02,,No,Open,2,1,2,1,1,6,2026-03-20,183,5,10,6,5,12,10,5,53,Cold
L0145,Flux Industries,SaaS,501-1000,4,Hyderabad,Email Campaign,Software Development,519.2,False,2026-01-22,2026-01,Qualified,3,Contacted,2026-09-11,Overdue,8.0,SR08,,No,Open,0,2,1,0,0,3,2026-03-27,176,15,20,0,10,0,4,0,49,Cold
L0146,Pinnacle Commerce,E-commerce,501-1000,4,Hyderabad,Cold Calling,Cloud Services,279.0,False,2026-01-22,2026-01,Qualified,3,Follow-up Required,2026-08-31,Overdue,19.0,SR04,,No,Open,2,1,1,1,0,5,2026-04-19,153,15,15,6,5,0,10,5,56,Cold
L0147,Thrive Networks,Education,51-200,2,Gurgaon,Email Campaign,Digital Transformation,53.8,False,2026-01-22,2026-01,Qualified,3,Follow-up Required,2026-09-17,Overdue,2.0,SR05,,No,Open,3,2,1,1,0,6,2026-04-10,162,5,10,6,10,0,10,5,46,Cold
L0148,Falcon Marketplace,E-commerce,201-500,3,Chennai,Google Search,Cybersecurity,59.0,False,2026-01-22,2026-01,Qualified,3,Follow-up Required,2026-10-09,Upcoming,0.0,SR07,,No,Open,2,1,1,1,0,5,2026-04-11,161,10,10,6,5,0,4,5,40,Cold
L0149,Zest Ventures,SaaS,501-1000,4,Ahmedabad,Cold Calling,Software Development,389.7,False,2026-01-22,2026-01,Contacted,2,Not Interested,,No Follow-up Needed,0.0,SR09,,No,Lost,1,1,1,1,0,3,2026-03-22,181,15,15,3,5,0,4,5,47,Cold
L0150,Neptune Academy Systems,Education,1-50,1,Delhi,Cold Calling,Cloud Services,11.2,False,2026-01-22,2026-01,New,1,Follow-up Required,2026-09-19,Due Today,0.0,SR01,,No,Open,0,0,0,0,0,0,,,0,5,0,0,0,4,0,9,Cold
L0151,Vivid Softech,FinTech,1-50,1,Pune,Website,Digital Transformation,12.6,False,2026-01-22,2026-01,Contacted,2,Not Interested,,No Follow-up Needed,0.0,SR09,,No,Lost,2,1,2,1,0,5,2026-03-25,178,0,5,6,5,0,4,5,25,Cold
L0152,Pulse Solutions,Healthcare,1-50,1,Mumbai,Cold Calling,Digital Transformation,11.9,False,2026-01-23,2026-01,Contacted,2,Contacted,2026-10-08,Upcoming,0.0,SR09,,No,Open,2,0,2,1,0,4,2026-04-12,160,0,5,6,0,0,10,5,26,Cold
L0153,Bolt Enterprises,Logistics,1000+,5,Noida,Email Campaign,Cloud Services,2747.4,False,2026-01-23,2026-01,Contacted,2,Not Interested,,No Follow-up Needed,0.0,SR01,,No,Lost,1,1,2,1,0,4,2026-02-26,205,20,20,3,5,0,10,5,63,Warm
L0154,Vertex Labs,Education,501-1000,4,Bengaluru,Events,Cybersecurity,174.4,False,2026-01-23,2026-01,New,1,Follow-up Required,2026-09-22,Upcoming,0.0,SR08,,No,Open,0,0,0,0,0,0,,,15,10,0,0,0,4,0,29,Cold
L0155,Quest Brands,Retail,201-500,3,Noida,Website,Software Development,89.4,False,2026-01-23,2026-01,Qualified,3,Contacted,2026-09-19,Due Today,0.0,SR05,,No,Open,1,0,1,1,0,4,2026-04-04,168,10,10,3,0,0,4,5,32,Cold
L0156,Yonder Systems,E-commerce,51-200,2,Mumbai,Cold Calling,Digital Transformation,56.4,False,2026-01-23,2026-01,Meeting,4,Follow-up Required,2026-09-26,Upcoming,0.0,SR02,,No,Open,4,0,2,1,1,8,2026-03-31,172,5,10,10,0,12,4,5,46,Cold
L0157,Ember Solutions,Manufacturing,51-200,2,Mumbai,Email Campaign,Digital Transformation,51.4,False,2026-01-24,2026-01,Contacted,2,Follow-up Required,2026-10-10,Upcoming,0.0,SR09,,No,Open,0,0,2,1,0,2,2026-02-26,205,5,10,0,0,0,10,5,30,Cold
L0158,Onyx Logistics,Logistics,1-50,1,Pune,Events,Software Development,12.6,False,2026-01-24,2026-01,Contacted,2,Contacted,2026-09-20,Upcoming,0.0,SR09,,No,Open,0,0,1,0,0,1,2026-04-04,168,0,5,0,0,0,4,0,9,Cold
L0159,Harbor Softech,Logistics,51-200,2,Pune,LinkedIn,Cloud Services,30.4,False,2026-01-24,2026-01,Contacted,2,Contacted,2026-09-08,Overdue,11.0,SR02,,No,Open,2,0,2,0,0,5,2026-04-10,162,5,5,6,0,0,10,0,26,Cold
L0160,Vista Components,Manufacturing,51-200,2,Pune,Website,Cloud Services,21.8,False,2026-01-24,2026-01,Contacted,2,Contacted,2026-09-24,Upcoming,0.0,SR06,,No,Open,2,1,1,1,0,4,2026-04-05,167,5,5,6,5,0,10,5,36,Cold
L0161,Indus Group,E-commerce,51-200,2,Gurgaon,Website,DevOps,24.2,False,2026-01-24,2026-01,Contacted,2,Waiting for Response,2026-10-02,Upcoming,0.0,SR05,,No,Open,2,0,1,1,0,4,2026-03-19,184,5,5,6,0,0,4,5,25,Cold
L0162,Vivid Manufacturing,Manufacturing,201-500,3,Bengaluru,Cold Calling,Cybersecurity,69.7,False,2026-01-24,2026-01,New,1,Follow-up Required,2026-09-19,Due Today,0.0,SR08,,No,Open,1,0,0,0,0,1,,,10,10,3,0,0,4,0,27,Cold
L0163,Astra Labs,SaaS,51-200,2,Bengaluru,Email Campaign,Cloud Services,45.7,False,2026-01-24,2026-01,Qualified,3,Waiting for Response,2026-09-01,Overdue,18.0,SR08,,No,Open,2,1,3,2,0,7,2026-04-17,155,5,5,6,5,0,10,10,41,Cold
L0164,Unity Retail Tech,E-commerce,51-200,2,Gurgaon,Website,Cloud Services,57.6,False,2026-01-24,2026-01,New,1,Follow-up Required,2026-10-08,Upcoming,0.0,SR03,,No,Open,1,0,0,0,0,1,,,5,10,3,0,0,10,0,28,Cold
L0165,Vanguard Enterprises,E-commerce,1-50,1,Unknown,LinkedIn,Software Development,6.1,False,2026-01-24,2026-01,Qualified,3,Meeting Scheduled,2026-09-27,Upcoming,0.0,SR09,,No,Open,3,0,1,0,0,6,2026-03-18,185,0,0,6,0,0,10,0,16,Cold
L0166,Rudra Global,Healthcare,201-500,3,Delhi,Website,Digital Transformation,53.9,False,2026-01-25,2026-01,Proposal,5,Closed,,No Follow-up Needed,0.0,SR10,1475000,No,Lost,4,2,4,1,2,14,2026-04-24,148,10,10,10,10,20,10,5,75,Warm
L0167,Zest Marketplace,E-commerce,1000+,5,Noida,Email Campaign,Digital Transformation,1923.5,False,2026-01-25,2026-01,Proposal,5,Waiting for Response,2026-09-23,Upcoming,0.0,SR05,1850000,No,Open,3,2,4,1,2,14,2026-03-24,179,20,20,6,10,20,4,5,85,Hot
L0168,Meridian Global,Retail,501-1000,4,Gurgaon,Google Search,Cybersecurity,420.6,False,2026-01-25,2026-01,Won,6,Closed,,No Follow-up Needed,0.0,SR05,2050000,Yes,Won,6,3,5,1,3,18,2026-04-24,148,15,15,10,10,20,4,5,79,Warm
L0169,Oasis Global,Logistics,201-500,3,Noida,Email Campaign,Digital Transformation,78.5,False,2026-01-25,2026-01,New,1,Follow-up Required,2026-09-26,Upcoming,0.0,SR01,,No,Open,1,0,0,0,0,1,,,10,10,3,0,0,10,0,33,Cold
L0170,Crest Technologies,SaaS,1-50,1,Delhi,LinkedIn,Cybersecurity,3.8,False,2026-01-25,2026-01,Meeting,4,Not Interested,,No Follow-up Needed,0.0,SR03,,No,Lost,3,1,2,1,1,8,2026-04-04,168,0,0,6,5,12,4,5,32,Cold
L0171,Novus Mart,Retail,1000+,5,Hyderabad,LinkedIn,Digital Transformation,751.8,False,2026-01-25,2026-01,Contacted,2,Follow-up Required,2026-09-05,Overdue,14.0,SR07,,No,Open,1,0,2,0,0,4,2026-03-27,176,20,20,3,0,0,10,0,53,Cold
L0172,Ion Softech,Logistics,501-1000,4,Jaipur,Cold Calling,DevOps,221.4,False,2026-01-25,2026-01,Meeting,4,Contacted,2026-10-09,Upcoming,0.0,SR01,,No,Open,2,1,3,2,1,8,2026-04-22,150,15,15,6,5,12,4,10,67,Warm
L0173,Quest Systems,Manufacturing,1-50,1,Gurgaon,Cold Calling,Digital Transformation,12.3,False,2026-01-25,2026-01,Contacted,2,Follow-up Required,2026-09-23,Upcoming,0.0,SR03,,No,Open,2,0,2,0,0,5,2026-03-30,173,0,5,6,0,0,10,0,21,Cold
L0174,Nexora Retail Tech,E-commerce,201-500,3,Pune,Cold Calling,Software Development,175.5,False,2026-01-25,2026-01,Meeting,4,Waiting for Response,2026-09-19,Due Today,0.0,SR09,,No,Open,1,0,2,1,0,8,2026-04-07,165,10,10,3,0,0,10,5,38,Cold
L0175,Wavelet Group,Healthcare,501-1000,4,Pune,Cold Calling,Digital Transformation,274.5,False,2026-01-25,2026-01,Contacted,2,Waiting for Response,2026-10-10,Upcoming,0.0,SR09,,No,Open,2,0,2,0,0,4,2026-03-11,192,15,15,6,0,0,10,0,46,Cold
L0176,Himalaya Technologies,Healthcare,501-1000,4,Hyderabad,Email Campaign,Software Development,224.8,False,2026-01-25,2026-01,Proposal,5,Waiting for Response,2026-09-19,Due Today,0.0,SR08,2020000,No,Open,5,1,4,2,2,15,2026-04-23,149,15,15,10,5,20,4,10,79,Warm
L0177,Oasis Finserv,FinTech,1-50,1,Noida,Referral,Cybersecurity,4.9,False,2026-01-25,2026-01,Qualified,3,Not Interested,,No Follow-up Needed,0.0,SR01,,No,Lost,3,1,1,0,0,6,2026-04-13,159,0,0,6,5,0,10,0,21,Cold
L0178,Ridge Networks,Healthcare,1-50,1,Chennai,Website,Cloud Services,8.3,False,2026-01-26,2026-01,Qualified,3,Waiting for Response,2026-09-21,Upcoming,0.0,SR08,,No,Open,1,1,3,0,0,5,2026-04-18,154,0,0,3,5,0,4,0,12,Cold
L0179,Quantum Cargo,Logistics,51-200,2,Jaipur,Cold Calling,Digital Transformation,51.0,False,2026-01-26,2026-01,Contacted,2,Not Interested,,No Follow-up Needed,0.0,SR10,,No,Lost,1,1,2,0,0,4,2026-04-09,163,5,10,3,5,0,10,0,33,Cold
L0180,Vista Care Systems,Healthcare,201-500,3,Chennai,Google Search,Cybersecurity,126.3,False,2026-01-26,2026-01,Qualified,3,Follow-up Required,2026-09-03,Overdue,16.0,SR08,,No,Open,0,2,1,0,0,3,2026-04-15,157,10,10,0,10,0,10,0,40,Cold
L0181,Flux Solutions,SaaS,201-500,3,Pune,LinkedIn,Digital Transformation,94.3,False,2026-01-26,2026-01,Qualified,3,Waiting for Response,2026-09-04,Overdue,15.0,SR02,,No,Open,0,1,3,0,0,5,2026-03-27,176,10,10,0,5,0,4,0,29,Cold
L0182,Gravity Group,Education,1-50,1,Pune,Cold Calling,Cloud Services,3.6,False,2026-01-26,2026-01,New,1,Follow-up Required,2026-09-19,Due Today,0.0,SR06,,No,Open,1,0,0,0,0,1,,,0,0,3,0,0,4,0,7,Cold
L0183,Bolt Technologies,Healthcare,1-50,1,Hyderabad,Cold Calling,Cloud Services,4.3,False,2026-01-26,2026-01,Contacted,2,Waiting for Response,2026-10-08,Upcoming,0.0,SR08,,No,Open,2,1,1,1,0,4,2026-04-22,150,0,0,6,5,0,4,5,20,Cold
L0184,Lakshya Industries,Logistics,201-500,3,Delhi,Email Campaign,Digital Transformation,65.4,False,2026-01-26,2026-01,New,1,Follow-up Required,2026-10-07,Upcoming,0.0,SR10,,No,Open,2,0,0,0,0,2,,,10,10,6,0,0,10,0,36,Cold
L0185,Mantra Networks,SaaS,1000+,5,Noida,Cold Calling,DevOps,996.2,False,2026-01-26,2026-01,New,1,Follow-up Required,2026-09-24,Upcoming,0.0,SR01,,No,Open,1,0,0,0,0,1,,,20,20,3,0,0,10,0,53,Cold
L0186,Vista Industries,FinTech,1-50,1,Delhi,Cold Calling,Digital Transformation,8.4,False,2026-01-27,2026-01,Contacted,2,Contacted,2026-10-08,Upcoming,0.0,SR03,,No,Open,2,1,2,0,0,5,2026-04-21,151,0,0,6,5,0,4,0,15,Cold
L0187,Crest Softech,SaaS,201-500,3,Ahmedabad,Referral,Digital Transformation,99.4,False,2026-01-27,2026-01,Qualified,3,Waiting for Response,2026-10-08,Upcoming,0.0,SR09,,No,Open,1,2,2,1,0,5,2026-04-08,164,10,10,3,10,0,4,5,42,Cold
L0188,Xenon Industries,SaaS,1-50,1,Hyderabad,LinkedIn,Software Development,12.1,False,2026-01-27,2026-01,New,1,Follow-up Required,2026-09-29,Upcoming,0.0,SR08,,No,Open,0,0,0,0,0,0,,,0,5,0,0,0,4,0,9,Cold
L0189,Titan Payments,FinTech,51-200,2,Chennai,LinkedIn,Cybersecurity,51.7,False,2026-01-27,2026-01,Meeting,4,Not Interested,,No Follow-up Needed,0.0,SR07,,No,Lost,1,1,3,1,2,9,2026-04-26,146,5,10,3,5,20,10,5,58,Cold
L0190,Orbit Global,Retail,501-1000,4,Delhi,Cold Calling,Software Development,301.8,False,2026-01-27,2026-01,New,1,Follow-up Required,2026-10-10,Upcoming,0.0,SR01,,No,Open,1,0,0,0,0,1,,,15,15,3,0,0,4,0,37,Cold
L0191,Orbit Softech,Healthcare,51-200,2,Delhi,Cold Calling,Cybersecurity,23.8,False,2026-01-27,2026-01,New,1,Follow-up Required,2026-09-22,Upcoming,0.0,SR05,,No,Open,2,0,0,0,0,2,,,5,5,6,0,0,10,0,26,Cold
L0192,Lakshya Stores,Retail,201-500,3,Bengaluru,Cold Calling,Digital Transformation,189.5,False,2026-01-28,2026-01,New,1,Follow-up Required,2026-10-06,Upcoming,0.0,SR08,,No,Open,1,0,0,0,0,1,,,10,10,3,0,0,10,0,33,Cold
L0193,Titan Global,Logistics,201-500,3,Bengaluru,Email Campaign,Digital Transformation,133.2,False,2026-01-28,2026-01,Qualified,3,Not Interested,,No Follow-up Needed,0.0,SR04,,No,Lost,3,1,3,0,0,7,2026-04-17,155,10,10,6,5,0,10,0,41,Cold
L0194,Orbit Networks,E-commerce,201-500,3,Delhi,Email Campaign,Software Development,69.3,False,2026-01-28,2026-01,New,1,Follow-up Required,2026-10-08,Upcoming,0.0,SR03,,No,Open,1,0,0,0,0,1,,,10,10,3,0,0,10,0,33,Cold
L0195,Aryan Stores,Retail,51-200,2,Chennai,LinkedIn,Digital Transformation,59.6,False,2026-01-28,2026-01,Contacted,2,Contacted,2026-10-01,Upcoming,0.0,SR04,,No,Open,1,1,2,2,0,4,2026-04-21,151,5,10,3,5,0,10,10,43,Cold
L0196,Nimbus Networks,SaaS,1000+,5,Bengaluru,LinkedIn,Software Development,1718.6,False,2026-01-28,2026-01,Qualified,3,Waiting for Response,2026-10-04,Upcoming,0.0,SR07,,No,Open,1,0,1,0,0,3,2026-03-25,178,20,20,3,0,0,4,0,47,Cold
L0197,Trident Labs,Retail,501-1000,4,Chennai,Website,Cloud Services,410.8,True,2026-01-28,2026-01,Meeting,4,Waiting for Response,2026-10-03,Upcoming,0.0,SR08,,No,Open,2,3,3,3,1,9,2026-04-03,169,15,15,6,10,12,10,10,78,Warm
L0198,Paragon Ventures,FinTech,501-1000,4,Bengaluru,LinkedIn,Cybersecurity,564.6,False,2026-01-29,2026-01,Won,6,Closed,,No Follow-up Needed,0.0,SR04,2020000,Yes,Won,3,2,5,5,3,15,2026-04-12,160,15,20,6,10,20,10,10,91,Hot
L0199,Zeal Solutions,Healthcare,1-50,1,Mumbai,LinkedIn,Cloud Services,12.4,False,2026-01-29,2026-01,Qualified,3,Waiting for Response,2026-09-13,Overdue,6.0,SR02,,No,Open,3,1,2,0,0,6,2026-04-23,149,0,5,6,5,0,4,0,20,Cold
L0200,Kestrel Softech,Logistics,1000+,5,Pune,Website,Software Development,2885.7,False,2026-01-29,2026-01,Contacted,2,Contacted,2026-09-26,Upcoming,0.0,SR02,,No,Open,2,0,1,0,0,3,2026-02-27,204,20,20,6,0,0,4,0,50,Cold
L0201,Zephyr Softech,Logistics,201-500,3,Mumbai,Email Campaign,Software Development,168.6,False,2026-01-29,2026-01,Meeting,4,Waiting for Response,2026-10-10,Upcoming,0.0,SR02,,No,Open,2,2,3,2,2,10,2026-04-15,157,10,10,6,10,20,4,10,70,Warm
L0202,Vivid Group,Retail,1000+,5,Jaipur,Website,Software Development,1635.7,False,2026-01-29,2026-01,Contacted,2,Waiting for Response,2026-10-06,Upcoming,0.0,SR10,,No,Open,0,0,1,0,0,2,2026-04-28,144,20,20,0,0,0,4,0,44,Cold
L0203,Summit Labs,Manufacturing,201-500,3,Hyderabad,Events,Digital Transformation,176.2,False,2026-01-30,2026-01,Meeting,4,Follow-up Required,2026-10-04,Upcoming,0.0,SR08,,No,Open,4,1,3,1,2,10,2026-03-29,174,10,10,10,5,20,10,5,70,Warm
L0204,Summit Networks,FinTech,1000+,5,Mumbai,LinkedIn,Cloud Services,1775.2,True,2026-01-30,2026-01,Meeting,4,Contacted,2026-09-30,Upcoming,0.0,SR02,,No,Open,4,2,3,1,1,10,2026-04-29,143,20,20,10,10,12,10,5,87,Hot
L0205,Flux Labs,SaaS,1-50,1,Gurgaon,Website,Cybersecurity,5.7,False,2026-01-31,2026-01,Contacted,2,Contacted,2026-09-01,Overdue,18.0,SR01,,No,Open,1,0,1,0,0,2,2026-02-18,213,0,0,3,0,0,4,0,7,Cold
L0206,Vista Technologies,Education,501-1000,4,Bengaluru,Events,Digital Transformation,574.0,False,2026-01-31,2026-01,Qualified,3,Follow-up Required,2026-09-26,Upcoming,0.0,SR04,,No,Open,3,2,2,0,0,7,2026-03-11,192,15,20,6,10,0,10,0,61,Warm
L0207,Apex Softech,Education,501-1000,4,Mumbai,Email Campaign,Cloud Services,241.7,False,2026-01-31,2026-01,Qualified,3,Meeting Scheduled,2026-09-28,Upcoming,0.0,SR02,,No,Open,1,1,1,0,0,3,2026-03-02,201,15,15,3,5,0,4,0,42,Cold
L0208,Gravity Technologies,Manufacturing,201-500,3,Bengaluru,Website,Software Development,109.0,False,2026-01-31,2026-01,Qualified,3,Not Interested,,No Follow-up Needed,0.0,SR08,,No,Lost,0,1,1,0,0,2,2026-04-25,147,10,10,0,5,0,4,0,29,Cold
L0209,Titan Group,Healthcare,201-500,3,Bengaluru,LinkedIn,Cybersecurity,81.2,False,2026-01-31,2026-01,New,1,Follow-up Required,2026-10-08,Upcoming,0.0,SR08,,No,Open,0,0,0,0,0,0,,,10,10,0,0,0,10,0,30,Cold
L0210,Sagar Labs,FinTech,501-1000,4,Bengaluru,Events,Cloud Services,231.0,False,2026-01-31,2026-01,Qualified,3,Follow-up Required,2026-09-09,Overdue,10.0,SR07,,No,Open,0,1,1,1,0,2,2026-04-04,168,15,15,0,5,0,10,5,50,Cold
L0211,Garuda Systems,Manufacturing,201-500,3,Pune,Cold Calling,Cybersecurity,113.8,False,2026-01-31,2026-01,Contacted,2,Contacted,2026-09-19,Due Today,0.0,SR09,,No,Open,0,0,1,0,0,1,2026-02-12,219,10,10,0,0,0,4,0,24,Cold
L0212,Urban Global,FinTech,201-500,3,Mumbai,Website,Digital Transformation,111.5,False,2026-01-31,2026-01,Contacted,2,Waiting for Response,2026-10-10,Upcoming,0.0,SR09,,No,Open,2,0,2,1,0,4,2026-03-26,177,10,10,6,0,0,4,5,35,Cold
L0213,Thrive Softech,FinTech,201-500,3,Delhi,LinkedIn,Cybersecurity,59.3,False,2026-01-31,2026-01,New,1,Follow-up Required,2026-10-06,Upcoming,0.0,SR10,,No,Open,0,0,0,0,0,0,,,10,10,0,0,0,10,0,30,Cold
L0214,Quest Group,E-commerce,1000+,5,Delhi,Website,Cloud Services,2153.3,False,2026-01-31,2026-01,New,1,Follow-up Required,2026-09-30,Upcoming,0.0,SR01,,No,Open,2,0,0,0,0,2,,,20,20,6,0,0,10,0,56,Cold
L0215,Narmada Global,Logistics,51-200,2,Delhi,Cold Calling,Digital Transformation,55.0,False,2026-01-31,2026-01,Contacted,2,Follow-up Required,2026-10-07,Upcoming,0.0,SR01,,No,Open,2,0,1,0,0,4,2026-04-24,148,5,10,6,0,0,10,0,31,Cold
L0216,Pulse Stores,Retail,501-1000,4,Jaipur,Events,Cloud Services,556.5,False,2026-02-01,2026-02,Qualified,3,Waiting for Response,2026-09-17,Overdue,2.0,SR01,,No,Open,3,0,3,1,0,8,2026-04-13,159,15,20,6,0,0,10,5,56,Cold
L0217,Radiant Ventures,SaaS,501-1000,4,Jaipur,Cold Calling,DevOps,578.3,False,2026-02-01,2026-02,Contacted,2,Follow-up Required,2026-09-25,Upcoming,0.0,SR05,,No,Open,0,0,2,1,0,2,2026-02-24,207,15,20,0,0,0,10,5,50,Cold
L0218,Aurora Enterprises,SaaS,51-200,2,Noida,Referral,Digital Transformation,38.3,False,2026-02-01,2026-02,Qualified,3,Follow-up Required,2026-10-10,Upcoming,0.0,SR10,,No,Open,3,0,1,1,0,6,2026-03-14,189,5,5,6,0,0,4,5,25,Cold
L0219,Solace Pvt Ltd,SaaS,501-1000,4,Mumbai,Referral,Digital Transformation,253.7,False,2026-02-01,2026-02,New,1,Follow-up Required,2026-09-02,Overdue,17.0,SR09,,No,Open,1,0,0,0,0,1,,,15,15,3,0,0,4,0,37,Cold
L0220,Vayu Ventures,FinTech,51-200,2,Jaipur,Google Search,Software Development,25.4,False,2026-02-02,2026-02,Contacted,2,Waiting for Response,2026-10-09,Upcoming,0.0,SR10,,No,Open,1,0,1,1,0,3,2026-04-30,142,5,5,3,0,0,4,5,22,Cold
L0221,Hive Group,Education,1-50,1,Gurgaon,Website,Digital Transformation,12.3,False,2026-02-02,2026-02,Contacted,2,Not Interested,,No Follow-up Needed,0.0,SR05,,No,Lost,0,1,2,1,0,3,2026-02-20,211,0,5,0,5,0,10,5,25,Cold
L0222,Echo Supply Chain,Logistics,501-1000,4,Hyderabad,Events,Digital Transformation,505.3,False,2026-02-02,2026-02,Contacted,2,Not Interested,,No Follow-up Needed,0.0,SR07,,No,Lost,1,0,1,1,0,2,2026-04-11,161,15,20,3,0,0,10,5,53,Cold
L0223,Neptune Engineering,Manufacturing,501-1000,4,Delhi,Cold Calling,Digital Transformation,410.8,True,2026-02-03,2026-02,Contacted,2,Follow-up Required,2026-09-20,Upcoming,0.0,SR10,,No,Open,2,1,2,1,0,5,2026-04-01,171,15,15,6,5,0,10,5,56,Cold
L0224,Radiant Group,SaaS,201-500,3,Hyderabad,Events,Cloud Services,130.6,False,2026-02-03,2026-02,Contacted,2,Waiting for Response,2026-09-23,Upcoming,0.0,SR04,,No,Open,1,0,1,1,0,3,2026-04-23,149,10,10,3,0,0,10,5,38,Cold
L0225,Horizon Softech,E-commerce,1-50,1,Mumbai,Email Campaign,Software Development,7.4,False,2026-02-03,2026-02,Contacted,2,Contacted,2026-10-10,Upcoming,0.0,SR06,,No,Open,0,0,2,0,0,3,2026-03-28,175,0,0,0,0,0,10,0,10,Cold
L0226,Mosaic Group,Retail,501-1000,4,Mumbai,Events,Digital Transformation,255.8,False,2026-02-03,2026-02,Contacted,2,Not Interested,,No Follow-up Needed,0.0,SR06,,No,Lost,0,0,1,1,0,1,2026-02-28,203,15,15,0,0,0,10,5,45,Cold
L0227,Crest Solutions,Logistics,1000+,5,Hyderabad,Cold Calling,Digital Transformation,2032.4,False,2026-02-03,2026-02,Meeting,4,Follow-up Required,2026-10-01,Upcoming,0.0,SR08,,No,Open,1,1,2,0,1,5,2026-04-23,149,20,20,3,5,12,10,0,70,Warm
L0228,Madhav Solutions,Education,1000+,5,Hyderabad,Cold Calling,Software Development,2541.2,False,2026-02-03,2026-02,Meeting,4,Meeting Scheduled,2026-10-02,Upcoming,0.0,SR08,,No,Open,3,2,2,2,1,8,2026-04-07,165,20,20,6,10,12,10,10,88,Hot
L0229,Astra Industries,Manufacturing,501-1000,4,Mumbai,Referral,Cloud Services,519.0,False,2026-02-04,2026-02,Meeting,4,Meeting Scheduled,2026-09-27,Upcoming,0.0,SR02,,No,Open,2,1,2,1,1,6,2026-04-10,162,15,20,6,5,12,10,5,73,Warm
L0230,Astra Ventures,SaaS,51-200,2,Hyderabad,Email Campaign,Cybersecurity,21.1,False,2026-02-04,2026-02,Contacted,2,Waiting for Response,2026-09-22,Upcoming,0.0,SR08,,No,Open,1,0,1,0,0,3,2026-05-03,139,5,5,3,0,0,4,0,17,Cold
L0231,Trident Softech,Education,1-50,1,Mumbai,LinkedIn,Software Development,11.3,False,2026-02-04,2026-02,Meeting,4,Waiting for Response,2026-10-03,Upcoming,0.0,SR06,,No,Open,4,1,2,1,2,10,2026-05-03,139,0,5,10,5,20,10,5,55,Cold
L0232,Relay Networks,FinTech,501-1000,4,Hyderabad,Cold Calling,Software Development,243.5,False,2026-02-04,2026-02,Qualified,3,Contacted,2026-10-08,Upcoming,0.0,SR08,,No,Open,3,0,1,1,0,5,2026-03-31,172,15,15,6,0,0,4,5,45,Cold
L0233,Ember Platforms,SaaS,1000+,5,Hyderabad,Email Campaign,Cloud Services,2739.7,False,2026-02-04,2026-02,Contacted,2,Waiting for Response,2026-09-17,Overdue,2.0,SR08,,No,Open,2,1,2,0,0,5,2026-05-05,137,20,20,6,5,0,10,0,61,Warm
L0234,Summit Knowledge,Education,501-1000,4,Jaipur,Events,Software Development,554.8,False,2026-02-04,2026-02,New,1,Follow-up Required,2026-09-19,Due Today,0.0,SR01,,No,Open,2,0,0,0,0,2,,,15,20,6,0,0,10,0,51,Cold
L0235,Horizon MedTech,Healthcare,51-200,2,Mumbai,Google Search,Digital Transformation,23.4,False,2026-02-04,2026-02,Contacted,2,Not Interested,,No Follow-up Needed,0.0,SR09,,No,Lost,1,1,1,1,0,3,2026-04-21,151,5,5,3,5,0,10,5,33,Cold
L0236,Harbor Networks,E-commerce,1-50,1,Noida,Events,Digital Transformation,8.1,True,2026-02-04,2026-02,Proposal,5,Waiting for Response,2026-10-10,Upcoming,0.0,SR03,305000,No,Open,5,3,4,1,2,15,2026-04-13,159,0,0,10,10,20,4,5,49,Cold
L0237,Harbor Global,Healthcare,51-200,2,Bengaluru,Website,DevOps,51.7,False,2026-02-04,2026-02,Qualified,3,Waiting for Response,2026-09-02,Overdue,17.0,SR04,,No,Open,3,0,3,1,0,8,2026-04-02,170,5,10,6,0,0,4,5,30,Cold
L0238,Pinnacle Wealth Tech,FinTech,201-500,3,Bengaluru,Referral,Cybersecurity,83.1,False,2026-02-05,2026-02,Proposal,5,Follow-up Required,2026-09-22,Upcoming,0.0,SR08,945000,No,Open,4,1,3,3,2,11,2026-05-02,140,10,10,10,5,20,10,10,75,Warm
L0239,Optima Industries,FinTech,201-500,3,Bengaluru,Website,Cybersecurity,166.3,False,2026-02-05,2026-02,New,1,Follow-up Required,2026-09-04,Overdue,15.0,SR07,,No,Open,2,0,0,0,0,2,,,10,10,6,0,0,10,0,36,Cold
L0240,Trident Group,Healthcare,201-500,3,Delhi,Cold Calling,Cloud Services,48.8,False,2026-02-05,2026-02,Qualified,3,Follow-up Required,2026-10-07,Upcoming,0.0,SR01,,No,Open,1,1,2,2,0,4,2026-04-03,169,10,5,3,5,0,4,10,37,Cold
L0241,Ishaan Networks,SaaS,201-500,3,Bengaluru,Events,Software Development,115.6,False,2026-02-05,2026-02,Meeting,4,Not Interested,,No Follow-up Needed,0.0,SR04,,No,Lost,1,0,3,1,1,6,2026-04-23,149,10,10,3,0,12,4,5,44,Cold
L0242,Nexora Apps,SaaS,201-500,3,Bengaluru,Email Campaign,Digital Transformation,116.6,False,2026-02-06,2026-02,Qualified,3,Follow-up Required,2026-09-19,Due Today,0.0,SR08,,No,Open,3,1,3,0,0,7,2026-04-26,146,10,10,6,5,0,4,0,35,Cold
L0243,Quantum Labs,FinTech,201-500,3,Gurgaon,Email Campaign,Cybersecurity,70.1,False,2026-02-06,2026-02,Contacted,2,Contacted,2026-10-03,Upcoming,0.0,SR10,,No,Open,1,0,1,0,0,3,2026-04-21,151,10,10,3,0,0,10,0,33,Cold
L0244,Zest Networks,E-commerce,1000+,5,Noida,Cold Calling,Software Development,1100.0,False,2026-02-06,2026-02,Qualified,3,Meeting Scheduled,2026-09-27,Upcoming,0.0,SR05,,No,Open,0,2,2,1,0,4,2026-05-06,136,20,20,0,10,0,10,5,65,Warm
L0245,Astra Systems,FinTech,1-50,1,Delhi,Google Search,Digital Transformation,10.4,False,2026-02-06,2026-02,Qualified,3,Not Interested,,No Follow-up Needed,0.0,SR01,,No,Lost,2,1,1,1,0,4,2026-04-26,146,0,5,6,5,0,4,5,25,Cold
L0246,Drift Pvt Ltd,Education,1-50,1,Bengaluru,LinkedIn,Cloud Services,14.6,False,2026-02-06,2026-02,New,1,Follow-up Required,2026-09-19,Due Today,0.0,SR08,,No,Open,1,0,0,0,0,1,,,0,5,3,0,0,4,0,12,Cold
L0247,Astra Enterprises,E-commerce,201-500,3,Hyderabad,LinkedIn,Software Development,137.9,False,2026-02-06,2026-02,Proposal,5,Not Interested,,No Follow-up Needed,0.0,SR07,1125000,No,Lost,5,2,3,0,2,14,2026-05-07,135,10,10,10,10,20,10,0,70,Warm
L0248,Mosaic Academy Systems,Education,51-200,2,Chennai,Google Search,Cybersecurity,36.8,True,2026-02-06,2026-02,New,1,Follow-up Required,2026-09-24,Upcoming,0.0,SR07,,No,Open,1,0,0,0,0,1,,,5,5,3,0,0,4,0,17,Cold
L0249,Harbor Enterprises,FinTech,1-50,1,Hyderabad,LinkedIn,Cloud Services,2.2,False,2026-02-06,2026-02,New,1,Follow-up Required,2026-09-04,Overdue,15.0,SR07,,No,Open,1,0,0,0,0,1,,,0,0,3,0,0,10,0,13,Cold
L0250,Pulse Global,FinTech,1-50,1,Mumbai,LinkedIn,Cybersecurity,3.2,False,2026-02-07,2026-02,Proposal,5,Waiting for Response,2026-10-05,Upcoming,0.0,SR06,295000,No,Open,3,2,2,1,2,11,2026-04-22,150,0,0,6,10,20,10,5,51,Cold
L0251,Apex Manufacturing,Manufacturing,1000+,5,Hyderabad,Website,Digital Transformation,1285.6,False,2026-02-07,2026-02,Qualified,3,Contacted,2026-09-26,Upcoming,0.0,SR08,,No,Open,2,1,3,0,0,7,2026-04-19,153,20,20,6,5,0,10,0,61,Warm
L0252,Falcon Labs,FinTech,51-200,2,Unknown,Email Campaign,Cloud Services,54.0,False,2026-02-07,2026-02,Contacted,2,Contacted,2026-10-08,Upcoming,0.0,SR04,,No,Open,2,1,2,0,0,5,2026-04-30,142,5,10,6,5,0,10,0,36,Cold
L0253,Lotus Cargo,Logistics,51-200,2,Hyderabad,Referral,Software Development,33.0,False,2026-02-08,2026-02,New,1,Follow-up Required,2026-09-03,Overdue,16.0,SR08,,No,Open,2,0,0,0,0,2,,,5,5,6,0,0,4,0,20,Cold
L0254,Prism Solutions,SaaS,201-500,3,Hyderabad,Referral,Cybersecurity,138.9,False,2026-02-08,2026-02,New,1,Follow-up Required,2026-09-07,Overdue,12.0,SR07,,No,Open,1,0,0,0,0,1,,,10,10,3,0,0,4,0,27,Cold
L0255,Pulse Enterprises,Healthcare,1000+,5,Jaipur,Email Campaign,Digital Transformation,2743.3,False,2026-02-09,2026-02,Contacted,2,Follow-up Required,2026-09-26,Upcoming,0.0,SR03,,No,Open,0,0,1,0,0,1,2026-03-15,188,20,20,0,0,0,10,0,50,Cold
L0256,Echo Technologies,FinTech,51-200,2,Mumbai,Cold Calling,Cybersecurity,56.1,False,2026-02-09,2026-02,Contacted,2,Waiting for Response,2026-10-06,Upcoming,0.0,SR06,,No,Open,0,0,1,0,0,1,2026-05-03,139,5,10,0,0,0,10,0,25,Cold
L0257,Ember Systems,Logistics,201-500,3,Bengaluru,Events,Digital Transformation,185.7,False,2026-02-09,2026-02,Qualified,3,Contacted,2026-09-16,Overdue,3.0,SR08,,No,Open,2,0,3,1,0,6,2026-04-28,144,10,10,6,0,0,10,5,41,Cold
L0258,Yonder EdTech,Education,501-1000,4,Delhi,LinkedIn,Cloud Services,160.2,False,2026-02-10,2026-02,Qualified,3,Contacted,2026-10-02,Upcoming,0.0,SR01,,No,Open,3,2,3,1,0,8,2026-05-01,141,15,10,6,10,0,4,5,50,Cold
L0259,Vayu Stores,Retail,51-200,2,Chennai,LinkedIn,Cloud Services,29.6,False,2026-02-10,2026-02,New,1,Follow-up Required,2026-09-30,Upcoming,0.0,SR04,,No,Open,0,0,0,0,0,0,,,5,5,0,0,0,10,0,20,Cold
L0260,Bharat Networks,Retail,51-200,2,Jaipur,Google Search,Software Development,52.2,False,2026-02-10,2026-02,New,1,Follow-up Required,2026-10-02,Upcoming,0.0,SR01,,No,Open,0,0,0,0,0,0,,,5,10,0,0,0,4,0,19,Cold
L0261,Spark Solutions,Healthcare,51-200,2,Bengaluru,Website,Cloud Services,12.1,False,2026-02-10,2026-02,Qualified,3,Waiting for Response,2026-10-03,Upcoming,0.0,SR08,,No,Open,1,1,1,1,0,3,2026-02-18,213,5,5,3,5,0,4,5,27,Cold
L0262,Himalaya Group,Retail,201-500,3,Hyderabad,Events,Digital Transformation,121.4,False,2026-02-10,2026-02,Contacted,2,Not Interested,,No Follow-up Needed,0.0,SR08,,No,Lost,2,0,2,1,0,4,2026-04-22,150,10,10,6,0,0,10,5,41,Cold
L0263,Wavelet Enterprises,Retail,1-50,1,Hyderabad,Website,Digital Transformation,3.4,False,2026-02-11,2026-02,New,1,Follow-up Required,2026-09-07,Overdue,12.0,SR08,,No,Open,1,0,0,0,0,1,,,0,0,3,0,0,10,0,13,Cold
L0264,Harbor Group,SaaS,51-200,2,Pune,LinkedIn,Cloud Services,55.4,False,2026-02-11,2026-02,Contacted,2,Not Interested,,No Follow-up Needed,0.0,SR09,,No,Lost,1,0,2,0,0,3,2026-04-01,171,5,10,3,0,0,10,0,28,Cold
L0265,Novus Retail,Retail,51-200,2,Hyderabad,Cold Calling,Digital Transformation,17.3,False,2026-02-11,2026-02,Qualified,3,Follow-up Required,2026-10-03,Upcoming,0.0,SR07,,No,Open,1,1,2,0,0,5,2026-03-19,184,5,5,3,5,0,10,0,28,Cold
L0266,Crest Capital Tech,FinTech,1-50,1,Gurgaon,LinkedIn,Digital Transformation,4.2,False,2026-02-11,2026-02,Qualified,3,Waiting for Response,2026-09-25,Upcoming,0.0,SR10,,No,Open,1,1,3,0,0,6,2026-05-09,133,0,0,3,5,0,4,0,12,Cold
L0267,Kinetic Systems,Education,201-500,3,Jaipur,Referral,Cloud Services,82.9,False,2026-02-12,2026-02,Qualified,3,Not Interested,,No Follow-up Needed,0.0,SR01,,No,Lost,3,1,1,1,0,5,2026-04-02,170,10,10,6,5,0,4,5,40,Cold
L0268,Drift Softech,Retail,51-200,2,Bengaluru,Email Campaign,Digital Transformation,10.6,False,2026-02-12,2026-02,New,1,Follow-up Required,2026-09-19,Due Today,0.0,SR07,,No,Open,0,0,0,0,0,0,,,5,5,0,0,0,10,0,20,Cold
L0269,Vanguard Manufacturing,Manufacturing,51-200,2,Bengaluru,Email Campaign,Digital Transformation,48.7,False,2026-02-12,2026-02,Qualified,3,Waiting for Response,2026-08-30,Overdue,20.0,SR07,,No,Open,1,0,1,0,0,3,2026-04-02,170,5,5,3,0,0,10,0,23,Cold
L0270,Sapphire Pvt Ltd,Education,1-50,1,Pune,Google Search,Cloud Services,12.5,False,2026-02-12,2026-02,New,1,Follow-up Required,2026-09-19,Due Today,0.0,SR09,,No,Open,0,0,0,0,0,0,,,0,5,0,0,0,4,0,9,Cold
L0271,Helix Labs,E-commerce,1-50,1,Mumbai,LinkedIn,Software Development,9.4,False,2026-02-12,2026-02,Contacted,2,Contacted,2026-09-18,Overdue,1.0,SR06,,No,Open,1,0,1,1,0,2,2026-04-12,160,0,0,3,0,0,10,5,18,Cold
L0272,Prism Ventures,SaaS,1-50,1,Bengaluru,Referral,Cloud Services,4.8,False,2026-02-12,2026-02,Meeting,4,Meeting Scheduled,2026-09-26,Upcoming,0.0,SR04,,No,Open,2,1,2,2,2,7,2026-04-17,155,0,0,6,5,20,10,10,51,Cold
L0273,Urban Group,Education,51-200,2,Pune,Cold Calling,Software Development,44.0,False,2026-02-12,2026-02,New,1,Follow-up Required,2026-09-22,Upcoming,0.0,SR02,,No,Open,0,0,0,0,0,0,,,5,5,0,0,0,10,0,20,Cold
L0274,Nexora Solutions,Education,201-500,3,Delhi,Cold Calling,Digital Transformation,144.0,False,2026-02-13,2026-02,Qualified,3,Meeting Scheduled,2026-09-22,Upcoming,0.0,SR01,,No,Open,2,2,1,1,0,5,2026-03-28,175,10,10,6,10,0,10,5,51,Cold
L0275,Jolt Pvt Ltd,FinTech,501-1000,4,Mumbai,Events,Cybersecurity,237.6,False,2026-02-13,2026-02,Contacted,2,Contacted,2026-09-28,Upcoming,0.0,SR06,,No,Open,2,0,2,1,0,4,2026-04-25,147,15,15,6,0,0,10,5,51,Cold
L0276,Aryan Enterprises,Healthcare,51-200,2,Bengaluru,LinkedIn,Cybersecurity,16.5,False,2026-02-13,2026-02,Qualified,3,Follow-up Required,2026-09-23,Upcoming,0.0,SR04,,No,Open,1,0,1,0,0,3,2026-04-30,142,5,5,3,0,0,10,0,23,Cold
L0277,Indus Ventures,Healthcare,1-50,1,Pune,LinkedIn,Digital Transformation,3.6,False,2026-02-13,2026-02,Meeting,4,Waiting for Response,2026-09-19,Due Today,0.0,SR06,,No,Open,4,2,2,1,1,10,2026-04-27,145,0,0,10,10,12,10,5,47,Cold
L0278,Garuda Industrial,Manufacturing,51-200,2,Noida,Events,Digital Transformation,16.2,False,2026-02-13,2026-02,Contacted,2,Contacted,2026-09-08,Overdue,11.0,SR01,,No,Open,1,0,1,0,0,2,2026-03-23,180,5,5,3,0,0,10,0,23,Cold
L0279,Vanguard Pvt Ltd,E-commerce,501-1000,4,Chennai,Website,Cloud Services,494.9,False,2026-02-13,2026-02,Meeting,4,Waiting for Response,2026-09-28,Upcoming,0.0,SR08,,No,Open,1,1,3,1,1,7,2026-03-31,172,15,15,3,5,12,10,5,65,Warm
L0280,Echo Labs,Logistics,51-200,2,Ahmedabad,Referral,DevOps,17.5,False,2026-02-13,2026-02,Meeting,4,Meeting Scheduled,2026-10-03,Upcoming,0.0,SR06,,No,Open,2,1,2,0,1,6,2026-05-05,137,5,5,6,5,12,4,0,37,Cold
L0281,Mantra Softech,Education,1-50,1,Pune,LinkedIn,Digital Transformation,3.5,False,2026-02-13,2026-02,New,1,Follow-up Required,2026-09-05,Overdue,14.0,SR09,,No,Open,2,0,0,0,0,2,,,0,0,6,0,0,10,0,16,Cold
L0282,Sapphire Softech,Manufacturing,501-1000,4,Gurgaon,Events,DevOps,199.2,False,2026-02-14,2026-02,Contacted,2,Not Interested,,No Follow-up Needed,0.0,SR05,,No,Lost,0,0,1,0,0,1,2026-03-12,191,15,10,0,0,0,4,0,29,Cold
L0283,Horizon Solutions,SaaS,51-200,2,Gurgaon,Cold Calling,Cloud Services,49.4,False,2026-02-14,2026-02,Qualified,3,Follow-up Required,2026-10-02,Upcoming,0.0,SR05,,No,Open,0,0,1,0,0,2,2026-03-20,183,5,5,0,0,0,10,0,20,Cold
L0284,Oasis Components,Manufacturing,51-200,2,Pune,Google Search,Digital Transformation,42.5,False,2026-02-14,2026-02,Contacted,2,Waiting for Response,2026-09-29,Upcoming,0.0,SR02,,No,Open,0,0,2,0,0,2,2026-04-28,144,5,5,0,0,0,10,0,20,Cold
L0285,Neptune Systems,Education,1000+,5,Gurgaon,LinkedIn,Digital Transformation,1775.2,True,2026-02-14,2026-02,Qualified,3,Waiting for Response,2026-10-05,Upcoming,0.0,SR10,,No,Open,2,0,3,1,0,6,2026-04-30,142,20,20,6,0,0,10,5,61,Warm
L0286,Narmada Industries,Healthcare,201-500,3,Bengaluru,Email Campaign,Software Development,58.6,False,2026-02-14,2026-02,Qualified,3,Waiting for Response,2026-09-22,Upcoming,0.0,SR08,,No,Open,1,2,1,0,0,4,2026-05-15,127,10,10,3,10,0,4,0,37,Cold
L0287,Lumina Solutions,FinTech,1000+,5,Bengaluru,Google Search,Cloud Services,1259.2,False,2026-02-15,2026-02,Contacted,2,Waiting for Response,2026-09-19,Due Today,0.0,SR08,,No,Open,1,0,1,0,0,2,2026-03-17,186,20,20,3,0,0,10,0,53,Cold
L0288,Urban Pvt Ltd,E-commerce,201-500,3,Mumbai,Google Search,Software Development,70.9,False,2026-02-15,2026-02,Contacted,2,Contacted,2026-09-26,Upcoming,0.0,SR06,,No,Open,1,1,1,1,0,3,2026-04-24,148,10,10,3,5,0,10,5,43,Cold
L0289,Vista Pvt Ltd,Manufacturing,51-200,2,Bengaluru,LinkedIn,Software Development,28.4,False,2026-02-15,2026-02,Proposal,5,Waiting for Response,2026-09-30,Upcoming,0.0,SR07,360000,No,Open,3,1,4,1,1,11,2026-05-14,128,5,5,6,5,12,4,5,42,Cold
L0290,Wisp Labs,SaaS,51-200,2,Pune,Cold Calling,Digital Transformation,36.8,True,2026-02-16,2026-02,Contacted,2,Follow-up Required,2026-08-30,Overdue,20.0,SR06,,No,Open,0,0,2,2,0,3,2026-04-11,161,5,5,0,0,0,4,10,24,Cold
L0291,Novus Systems,E-commerce,51-200,2,Delhi,Cold Calling,DevOps,30.9,False,2026-02-16,2026-02,Contacted,2,Follow-up Required,2026-09-14,Overdue,5.0,SR05,,No,Open,0,0,2,0,0,2,2026-03-11,192,5,5,0,0,0,4,0,14,Cold
L0292,Urban Industries,SaaS,1000+,5,Mumbai,Email Campaign,DevOps,2305.8,False,2026-02-16,2026-02,Meeting,4,Waiting for Response,2026-10-03,Upcoming,0.0,SR06,,No,Open,4,0,2,1,2,10,2026-03-27,176,20,20,10,0,20,10,5,85,Hot
L0293,Chakra Softech,Retail,1000+,5,Mumbai,Cold Calling,Software Development,2952.5,False,2026-02-16,2026-02,Proposal,5,Closed,,No Follow-up Needed,0.0,SR06,2500000,No,Lost,4,0,2,1,2,10,2026-05-13,129,20,20,10,0,20,4,5,79,Warm
L0294,Aryan Softech,Education,51-200,2,Chennai,Email Campaign,Digital Transformation,54.3,False,2026-02-16,2026-02,Qualified,3,Not Interested,,No Follow-up Needed,0.0,SR04,,No,Lost,3,1,1,1,0,5,2026-03-30,173,5,10,6,5,0,10,5,41,Cold
L0295,Mosaic Industries,Education,51-200,2,Mumbai,Google Search,Software Development,49.7,False,2026-02-16,2026-02,Contacted,2,Contacted,2026-09-23,Upcoming,0.0,SR02,,No,Open,0,1,1,0,0,2,2026-04-23,149,5,5,0,5,0,10,0,25,Cold
L0296,Yonder Softech,E-commerce,51-200,2,Bengaluru,Cold Calling,Software Development,45.5,False,2026-02-16,2026-02,New,1,Follow-up Required,2026-09-26,Upcoming,0.0,SR08,,No,Open,2,0,0,0,0,2,,,5,5,6,0,0,10,0,26,Cold
L0297,Dhruv Learning,Education,1-50,1,Pune,Cold Calling,Digital Transformation,13.2,False,2026-02-16,2026-02,Contacted,2,Follow-up Required,2026-09-27,Upcoming,0.0,SR02,,No,Open,2,0,2,2,0,4,2026-04-15,157,0,5,6,0,0,10,10,31,Cold
L0298,Lotus Labs,E-commerce,201-500,3,Delhi,Email Campaign,Software Development,191.2,False,2026-02-17,2026-02,New,1,Follow-up Required,2026-10-02,Upcoming,0.0,SR01,,No,Open,2,0,0,0,0,2,,,10,10,6,0,0,10,0,36,Cold
L0299,Yonder Online,E-commerce,1000+,5,Pune,Cold Calling,Cloud Services,983.1,False,2026-02-17,2026-02,New,1,Follow-up Required,2026-09-28,Upcoming,0.0,SR09,,No,Open,0,0,0,0,0,0,,,20,20,0,0,0,10,0,50,Cold
L0300,Helix EdTech,Education,201-500,3,Noida,LinkedIn,Digital Transformation,114.8,False,2026-02-17,2026-02,New,1,Follow-up Required,2026-09-19,Due Today,0.0,SR05,,No,Open,1,0,0,0,0,1,,,10,10,3,0,0,10,0,33,Cold
L0301,Jolt Technologies,E-commerce,51-200,2,Ahmedabad,Cold Calling,Cloud Services,31.8,False,2026-02-17,2026-02,Qualified,3,Follow-up Required,2026-09-27,Upcoming,0.0,SR02,,No,Open,2,2,1,1,0,5,2026-05-18,124,5,5,6,10,0,10,5,41,Cold
L0302,Crest Networks,SaaS,1-50,1,Bengaluru,Cold Calling,Cloud Services,5.8,False,2026-02-17,2026-02,Contacted,2,Not Interested,,No Follow-up Needed,0.0,SR04,,No,Lost,2,1,1,1,0,4,2026-04-30,142,0,0,6,5,0,10,5,26,Cold
L0303,Ridge Systems,FinTech,51-200,2,Bengaluru,Cold Calling,DevOps,51.2,False,2026-02-17,2026-02,Won,6,Closed,,No Follow-up Needed,0.0,SR08,530000,Yes,Won,3,0,5,4,2,14,2026-05-15,127,5,10,6,0,20,4,10,55,Cold
L0304,Chakra Industries,SaaS,501-1000,4,Bengaluru,Referral,Digital Transformation,452.7,False,2026-02-17,2026-02,Meeting,4,Waiting for Response,2026-10-05,Upcoming,0.0,SR08,,No,Open,4,2,2,1,1,10,2026-05-16,126,15,15,10,10,12,4,5,71,Warm
L0305,Himalaya Enterprises,FinTech,51-200,2,Chennai,Cold Calling,Digital Transformation,46.6,False,2026-02-18,2026-02,New,1,Follow-up Required,2026-09-19,Due Today,0.0,SR04,,No,Open,0,0,0,0,0,0,,,5,5,0,0,0,4,0,14,Cold
L0306,Vista Networks,E-commerce,201-500,3,Mumbai,Google Search,DevOps,191.8,False,2026-02-18,2026-02,Contacted,2,Follow-up Required,2026-09-12,Overdue,7.0,SR09,,No,Open,2,0,2,1,0,5,2026-03-22,181,10,10,6,0,0,4,5,35,Cold
L0307,Nexora Technologies,E-commerce,201-500,3,Gurgaon,LinkedIn,Software Development,159.6,False,2026-02-18,2026-02,New,1,Follow-up Required,2026-09-19,Due Today,0.0,SR10,,No,Open,1,0,0,0,0,1,,,10,10,3,0,0,10,0,33,Cold
L0308,Yash Group,Education,1000+,5,Mumbai,Referral,Digital Transformation,1494.9,False,2026-02-18,2026-02,Contacted,2,Not Interested,,No Follow-up Needed,0.0,SR06,,No,Lost,0,0,1,0,0,1,2026-05-11,131,20,20,0,0,0,10,0,50,Cold
L0309,Prism Labs,SaaS,51-200,2,Delhi,LinkedIn,DevOps,17.8,False,2026-02-18,2026-02,Meeting,4,Meeting Scheduled,2026-09-29,Upcoming,0.0,SR01,,No,Open,4,1,2,2,1,8,2026-05-10,132,5,5,10,5,12,10,10,57,Cold
L0310,Spark Ventures,FinTech,501-1000,4,Pune,Email Campaign,Cybersecurity,583.2,False,2026-02-19,2026-02,Won,6,Closed,,No Follow-up Needed,0.0,SR02,1875000,Yes,Won,5,3,5,2,3,17,2026-05-11,131,15,20,10,10,20,10,10,95,Hot
L0311,Ekam Components,Manufacturing,1-50,1,Noida,Website,Digital Transformation,14.0,False,2026-02-19,2026-02,New,1,Follow-up Required,2026-09-06,Overdue,13.0,SR10,,No,Open,2,0,0,0,0,2,,,0,5,6,0,0,10,0,21,Cold
L0312,Solace Labs,Healthcare,1-50,1,Jaipur,Google Search,Software Development,14.6,False,2026-02-19,2026-02,Won,6,Closed,,No Follow-up Needed,0.0,SR01,375000,Yes,Won,4,2,3,2,1,13,2026-05-19,123,0,5,10,10,12,4,10,51,Cold
L0313,Gravity Wealth Tech,FinTech,51-200,2,Noida,Website,Cybersecurity,53.6,False,2026-02-19,2026-02,Contacted,2,Waiting for Response,2026-10-01,Upcoming,0.0,SR01,,No,Open,0,0,1,0,0,1,2026-04-08,164,5,10,0,0,0,10,0,25,Cold
L0314,Chakra Ventures,Retail,51-200,2,Delhi,LinkedIn,Cloud Services,46.2,False,2026-02-19,2026-02,Qualified,3,Waiting for Response,2026-09-23,Upcoming,0.0,SR03,,No,Open,0,0,3,1,0,5,2026-05-17,125,5,5,0,0,0,10,5,25,Cold
L0315,Helix Technologies,Manufacturing,51-200,2,Hyderabad,LinkedIn,DevOps,40.0,False,2026-02-19,2026-02,Meeting,4,Waiting for Response,2026-10-04,Upcoming,0.0,SR04,,No,Open,3,3,2,0,2,10,2026-05-14,128,5,5,6,10,20,4,0,50,Cold
L0316,Loop Networks,FinTech,501-1000,4,Ahmedabad,Events,Cloud Services,541.3,False,2026-02-19,2026-02,Won,6,Closed,,No Follow-up Needed,0.0,SR02,1690000,Yes,Won,6,4,5,2,2,19,2026-05-15,127,15,20,10,10,20,10,10,95,Hot
L0317,Zeal Softech,E-commerce,1000+,5,Bengaluru,Referral,Digital Transformation,1515.3,False,2026-02-19,2026-02,Meeting,4,Follow-up Required,2026-09-17,Overdue,2.0,SR08,,No,Open,1,0,3,0,1,8,2026-05-01,141,20,20,3,0,12,4,0,59,Cold
L0318,Kinetic Softech,FinTech,201-500,3,Chennai,Website,Cybersecurity,95.9,False,2026-02-19,2026-02,Qualified,3,Contacted,2026-10-03,Upcoming,0.0,SR07,,No,Open,3,2,1,0,0,6,2026-05-14,128,10,10,6,10,0,10,0,46,Cold
L0319,Ember Global,Healthcare,51-200,2,Chennai,LinkedIn,Cybersecurity,30.7,False,2026-02-19,2026-02,Qualified,3,Follow-up Required,2026-09-18,Overdue,1.0,SR04,,No,Open,2,0,2,2,0,6,2026-05-19,123,5,5,6,0,0,10,10,36,Cold
L0320,Wavelet Online,E-commerce,51-200,2,Gurgaon,Events,Software Development,55.6,False,2026-02-19,2026-02,Won,6,Closed,,No Follow-up Needed,0.0,SR10,535000,Yes,Won,6,2,3,0,1,14,2026-05-19,123,5,10,10,10,12,10,0,57,Cold
L0321,Pinnacle Solutions,E-commerce,1-50,1,Chennai,Events,Software Development,6.0,False,2026-02-20,2026-02,Meeting,4,Meeting Scheduled,2026-10-03,Upcoming,0.0,SR08,,No,Open,2,2,3,1,1,9,2026-05-18,124,0,0,6,10,12,10,5,43,Cold
L0322,Bharat Online,E-commerce,1-50,1,Noida,LinkedIn,Software Development,5.1,False,2026-02-20,2026-02,Contacted,2,Not Interested,,No Follow-up Needed,0.0,SR01,,No,Lost,2,1,1,0,0,4,2026-05-19,123,0,0,6,5,0,10,0,21,Cold
L0323,Onyx Commerce,E-commerce,501-1000,4,Gurgaon,Website,DevOps,410.8,True,2026-02-20,2026-02,Contacted,2,Waiting for Response,2026-09-23,Upcoming,0.0,SR01,,No,Open,1,1,1,1,0,3,2026-05-20,122,15,15,3,5,0,4,5,47,Cold
L0324,Lumina Retail,Retail,51-200,2,Ahmedabad,LinkedIn,Digital Transformation,18.1,False,2026-02-20,2026-02,Qualified,3,Meeting Scheduled,2026-09-22,Upcoming,0.0,SR02,,No,Open,0,1,3,1,0,4,2026-04-26,146,5,5,0,5,0,10,5,30,Cold
L0325,Prism Enterprises,Manufacturing,51-200,2,Delhi,Email Campaign,Digital Transformation,51.9,False,2026-02-20,2026-02,Qualified,3,Waiting for Response,2026-09-25,Upcoming,0.0,SR01,,No,Open,3,0,1,0,0,6,2026-04-17,155,5,10,6,0,0,10,0,31,Cold
L0326,Alpine Cloudware,SaaS,51-200,2,Pune,LinkedIn,DevOps,12.0,False,2026-02-20,2026-02,Contacted,2,Follow-up Required,2026-09-07,Overdue,12.0,SR02,,No,Open,2,0,2,0,0,4,2026-05-04,138,5,5,6,0,0,10,0,26,Cold
L0327,Ridge Industries,SaaS,1-50,1,Gurgaon,LinkedIn,Cloud Services,9.8,False,2026-02-20,2026-02,Qualified,3,Waiting for Response,2026-09-27,Upcoming,0.0,SR03,,No,Open,0,1,1,1,0,3,2026-03-20,183,0,0,0,5,0,10,5,20,Cold
L0328,Indus Industries,SaaS,1-50,1,Mumbai,Referral,Cloud Services,6.8,False,2026-02-21,2026-02,Won,6,Closed,,No Follow-up Needed,0.0,SR02,370000,Yes,Won,5,3,3,0,2,14,2026-05-18,124,0,0,10,10,20,10,0,50,Cold
L0329,Alpine Software,SaaS,501-1000,4,Delhi,LinkedIn,DevOps,529.9,False,2026-02-21,2026-02,New,1,Follow-up Required,2026-09-19,Due Today,0.0,SR01,,No,Open,0,0,0,0,0,0,,,15,20,0,0,0,10,0,45,Cold
L0330,Umbra Networks,Education,201-500,3,Bengaluru,LinkedIn,DevOps,150.8,False,2026-02-21,2026-02,Qualified,3,Waiting for Response,2026-10-06,Upcoming,0.0,SR07,,No,Open,0,0,3,0,0,4,2026-04-29,143,10,10,0,0,0,4,0,24,Cold
L0331,Xenon Knowledge,Education,201-500,3,Pune,Website,Cloud Services,177.8,False,2026-02-21,2026-02,New,1,Follow-up Required,2026-09-30,Upcoming,0.0,SR06,,No,Open,2,0,0,0,0,2,,,10,10,6,0,0,4,0,30,Cold
L0332,Ishaan Systems,Healthcare,1000+,5,Gurgaon,Google Search,Software Development,1002.5,False,2026-02-21,2026-02,New,1,Follow-up Required,2026-10-01,Upcoming,0.0,SR05,,No,Open,0,0,0,0,0,0,,,20,20,0,0,0,4,0,44,Cold
L0333,Kaveri Marketplace,E-commerce,501-1000,4,Unknown,Email Campaign,DevOps,473.4,False,2026-02-21,2026-02,Contacted,2,Waiting for Response,2026-09-22,Upcoming,0.0,SR05,,No,Open,0,0,1,1,0,1,2026-05-02,140,15,15,0,0,0,4,5,39,Cold
L0334,Ekam Softech,Manufacturing,1000+,5,Gurgaon,LinkedIn,Digital Transformation,1227.0,False,2026-02-21,2026-02,Contacted,2,Waiting for Response,2026-10-04,Upcoming,0.0,SR10,,No,Open,0,0,1,0,0,2,2026-05-15,127,20,20,0,0,0,10,0,50,Cold
L0335,Lumina Technologies,SaaS,1000+,5,Pune,Events,DevOps,1818.9,False,2026-02-22,2026-02,Proposal,5,Follow-up Required,2026-10-03,Upcoming,0.0,SR02,1490000,No,Open,4,3,4,2,2,13,2026-05-23,119,20,20,10,10,20,10,10,100,Hot
L0336,Unity Ventures,E-commerce,201-500,3,Ahmedabad,Cold Calling,DevOps,64.6,False,2026-02-22,2026-02,Contacted,2,Contacted,2026-09-22,Upcoming,0.0,SR09,,No,Open,2,1,2,1,0,5,2026-04-11,161,10,10,6,5,0,4,5,40,Cold
L0337,Ishaan Industries,E-commerce,201-500,3,Hyderabad,Website,DevOps,111.6,False,2026-02-22,2026-02,Qualified,3,Follow-up Required,2026-10-04,Upcoming,0.0,SR07,,No,Open,3,0,1,1,0,5,2026-04-27,145,10,10,6,0,0,4,5,35,Cold
L0338,Mosaic Brands,Retail,1-50,1,Hyderabad,Cold Calling,Digital Transformation,3.3,False,2026-02-22,2026-02,New,1,Follow-up Required,2026-09-28,Upcoming,0.0,SR07,,No,Open,2,0,0,0,0,2,,,0,0,6,0,0,10,0,16,Cold
L0339,Summit Manufacturing,Manufacturing,51-200,2,Noida,Events,Digital Transformation,47.1,False,2026-02-23,2026-02,Contacted,2,Follow-up Required,2026-10-08,Upcoming,0.0,SR01,,No,Open,0,0,2,0,0,2,2026-04-20,152,5,5,0,0,0,10,0,20,Cold
L0340,Jolt Group,Manufacturing,201-500,3,Unknown,LinkedIn,Digital Transformation,182.0,False,2026-02-23,2026-02,Won,6,Closed,,No Follow-up Needed,0.0,SR06,695000,Yes,Won,4,4,3,1,3,15,2026-05-24,118,10,10,10,10,20,10,5,75,Warm
L0341,Yonder Ventures,Healthcare,1-50,1,Chennai,Cold Calling,Digital Transformation,5.7,False,2026-02-23,2026-02,New,1,Follow-up Required,2026-09-27,Upcoming,0.0,SR08,,No,Open,2,0,0,0,0,2,,,0,0,6,0,0,10,0,16,Cold
L0342,Prana MedTech,Healthcare,1000+,5,Chennai,LinkedIn,Digital Transformation,1648.1,False,2026-02-23,2026-02,Proposal,5,Waiting for Response,2026-09-25,Upcoming,0.0,SR08,2500000,No,Open,3,1,4,3,2,13,2026-05-14,128,20,20,6,5,20,10,10,91,Hot
L0343,Yonder Group,E-commerce,201-500,3,Hyderabad,Email Campaign,Cloud Services,79.4,False,2026-02-23,2026-02,Qualified,3,Waiting for Response,2026-10-10,Upcoming,0.0,SR07,,No,Open,3,1,1,1,0,6,2026-04-11,161,10,10,6,5,0,10,5,46,Cold
L0344,Oasis Capital Tech,FinTech,51-200,2,Delhi,Cold Calling,Digital Transformation,36.8,True,2026-02-23,2026-02,Contacted,2,Contacted,2026-09-06,Overdue,13.0,SR05,,No,Open,2,0,1,1,0,3,2026-04-22,150,5,5,6,0,0,4,5,25,Cold
L0345,Prism Marketplace,E-commerce,51-200,2,Pune,LinkedIn,Cloud Services,19.4,False,2026-02-23,2026-02,Meeting,4,Meeting Scheduled,2026-09-27,Upcoming,0.0,SR02,,No,Open,1,2,2,0,2,7,2026-05-05,137,5,5,3,10,20,10,0,53,Cold
L0346,Garuda Industries,E-commerce,1000+,5,Mumbai,Website,Software Development,643.0,False,2026-02-23,2026-02,Qualified,3,Not Interested,,No Follow-up Needed,0.0,SR06,,No,Lost,3,2,1,0,0,6,2026-04-27,145,20,20,6,10,0,10,0,66,Warm
L0347,Relay Solutions,FinTech,1-50,1,Pune,Email Campaign,Cybersecurity,10.0,False,2026-02-24,2026-02,Contacted,2,Waiting for Response,2026-09-22,Upcoming,0.0,SR06,,No,Open,0,0,2,1,0,2,2026-04-19,153,0,5,0,0,0,10,5,20,Cold
L0348,Jade Enterprises,E-commerce,201-500,3,Chennai,LinkedIn,Digital Transformation,68.2,False,2026-02-24,2026-02,Qualified,3,Waiting for Response,2026-09-23,Upcoming,0.0,SR07,,No,Open,0,1,2,1,0,4,2026-04-15,157,10,10,0,5,0,4,5,34,Cold
L0349,Evergreen Industrial,Manufacturing,51-200,2,Chennai,Cold Calling,Cloud Services,43.8,False,2026-02-24,2026-02,Qualified,3,Follow-up Required,2026-09-24,Upcoming,0.0,SR07,,No,Open,1,2,3,2,0,6,2026-05-19,123,5,5,3,10,0,10,10,43,Cold
L0350,Vertex Industries,Education,51-200,2,Bengaluru,Events,Digital Transformation,55.8,False,2026-02-24,2026-02,New,1,Follow-up Required,2026-09-21,Upcoming,0.0,SR07,,No,Open,0,0,0,0,0,0,,,5,10,0,0,0,10,0,25,Cold
L0351,Zenith Group,Healthcare,501-1000,4,Mumbai,Cold Calling,Digital Transformation,525.1,False,2026-02-24,2026-02,Qualified,3,Follow-up Required,2026-09-19,Due Today,0.0,SR09,,No,Open,3,0,2,1,0,7,2026-05-24,118,15,20,6,0,0,10,5,56,Cold
L0352,Yonder Solutions,Retail,51-200,2,Ahmedabad,LinkedIn,Digital Transformation,25.5,False,2026-02-24,2026-02,Contacted,2,Contacted,2026-10-06,Upcoming,0.0,SR06,,No,Open,1,1,2,1,0,4,2026-05-03,139,5,5,3,5,0,10,5,33,Cold
L0353,Prism Group,Logistics,51-200,2,Bengaluru,LinkedIn,Digital Transformation,45.1,False,2026-02-24,2026-02,Qualified,3,Follow-up Required,2026-09-19,Due Today,0.0,SR08,,No,Open,3,1,1,1,0,5,2026-05-03,139,5,5,6,5,0,10,5,36,Cold
L0354,Delta Industries,Manufacturing,501-1000,4,Mumbai,Email Campaign,Digital Transformation,471.9,False,2026-02-25,2026-02,Qualified,3,Not Interested,,No Follow-up Needed,0.0,SR09,,No,Lost,3,1,3,2,0,7,2026-05-23,119,15,15,6,5,0,10,10,61,Warm
L0355,Vivid Networks,E-commerce,201-500,3,Gurgaon,Events,DevOps,83.7,False,2026-02-25,2026-02,Qualified,3,Not Interested,,No Follow-up Needed,0.0,SR05,,No,Lost,1,1,2,0,0,4,2026-05-06,136,10,10,3,5,0,4,0,32,Cold
L0356,Prana Softech,Retail,51-200,2,Hyderabad,Email Campaign,Digital Transformation,44.9,False,2026-02-25,2026-02,New,1,Follow-up Required,2026-09-20,Upcoming,0.0,SR04,,No,Open,2,0,0,0,0,2,,,5,5,6,0,0,10,0,26,Cold
L0357,Onyx Industries,Retail,51-200,2,Delhi,Website,Cloud Services,51.8,False,2026-02-25,2026-02,Meeting,4,Contacted,2026-10-04,Upcoming,0.0,SR05,,No,Open,3,1,2,1,1,7,2026-05-02,140,5,10,6,5,12,10,5,53,Cold
L0358,Kinetic Pvt Ltd,Healthcare,51-200,2,Jaipur,Email Campaign,Digital Transformation,23.3,False,2026-02-26,2026-02,New,1,Follow-up Required,2026-09-23,Upcoming,0.0,SR01,,No,Open,1,0,0,0,0,1,,,5,5,3,0,0,10,0,23,Cold
L0359,Madhav Wealth Tech,FinTech,1000+,5,Ahmedabad,LinkedIn,Cybersecurity,1953.2,False,2026-02-26,2026-02,Proposal,5,Follow-up Required,2026-09-27,Upcoming,0.0,SR09,2365000,No,Open,2,1,2,1,1,8,2026-05-04,138,20,20,6,5,12,10,5,78,Warm
L0360,Banyan Care Systems,Healthcare,1000+,5,Delhi,Cold Calling,Cybersecurity,1911.4,False,2026-02-26,2026-02,Contacted,2,Not Interested,,No Follow-up Needed,0.0,SR10,,No,Lost,0,0,2,0,0,2,2026-05-16,126,20,20,0,0,0,10,0,50,Cold
L0361,Cedar Enterprises,Manufacturing,51-200,2,Hyderabad,Cold Calling,Digital Transformation,24.6,False,2026-02-26,2026-02,Contacted,2,Waiting for Response,2026-09-19,Due Today,0.0,SR07,,No,Open,2,0,2,1,0,5,2026-05-23,119,5,5,6,0,0,10,5,31,Cold
L0362,Garuda Enterprises,E-commerce,1-50,1,Delhi,Email Campaign,Cloud Services,3.1,False,2026-02-26,2026-02,Qualified,3,Follow-up Required,2026-10-05,Upcoming,0.0,SR05,,No,Open,1,1,2,1,0,4,2026-05-17,125,0,0,3,5,0,10,5,23,Cold
L0363,Ridge Solutions,Healthcare,1000+,5,Bengaluru,LinkedIn,DevOps,1039.3,False,2026-02-26,2026-02,Proposal,5,Not Interested,,No Follow-up Needed,0.0,SR04,2180000,No,Lost,5,1,2,1,1,11,2026-05-24,118,20,20,10,5,12,4,5,76,Warm
L0364,Quartz Pvt Ltd,Retail,51-200,2,Mumbai,Cold Calling,Cloud Services,48.5,False,2026-02-26,2026-02,Meeting,4,Meeting Scheduled,2026-09-27,Upcoming,0.0,SR02,,No,Open,2,1,2,1,2,7,2026-05-21,121,5,5,6,5,20,10,5,56,Cold
L0365,Lotus Solutions,SaaS,51-200,2,Hyderabad,LinkedIn,DevOps,35.8,False,2026-02-26,2026-02,Won,6,Closed,,No Follow-up Needed,0.0,SR08,635000,Yes,Won,6,0,3,0,2,14,2026-05-24,118,5,5,10,0,20,10,0,50,Cold
L0366,Cedar Manufacturing,Manufacturing,201-500,3,Chennai,Cold Calling,Cloud Services,57.2,False,2026-02-26,2026-02,New,1,Follow-up Required,2026-09-20,Upcoming,0.0,SR08,,No,Open,2,0,0,0,0,2,,,10,10,6,0,0,10,0,36,Cold
L0367,Astra Softech,FinTech,1000+,5,Bengaluru,Referral,Cloud Services,786.1,False,2026-02-26,2026-02,Contacted,2,Follow-up Required,2026-10-10,Upcoming,0.0,SR08,,No,Open,1,1,1,1,0,3,2026-05-07,135,20,20,3,5,0,10,5,63,Warm
L0368,Vivid Health,Healthcare,1000+,5,Ahmedabad,Cold Calling,Cybersecurity,2033.5,False,2026-02-27,2026-02,Contacted,2,Contacted,2026-09-28,Upcoming,0.0,SR06,,No,Open,2,1,1,0,0,4,2026-05-16,126,20,20,6,5,0,10,0,61,Warm
L0369,Mantra Labs,FinTech,51-200,2,Mumbai,Website,Cybersecurity,15.5,False,2026-02-27,2026-02,Contacted,2,Not Interested,,No Follow-up Needed,0.0,SR06,,No,Lost,2,1,1,0,0,4,2026-05-11,131,5,5,6,5,0,10,0,31,Cold
L0370,Vayu Solutions,Healthcare,51-200,2,Gurgaon,Cold Calling,Digital Transformation,25.4,False,2026-02-27,2026-02,Qualified,3,Follow-up Required,2026-09-13,Overdue,6.0,SR03,,No,Open,1,1,3,1,0,6,2026-05-24,118,5,5,3,5,0,10,5,33,Cold
L0371,Novus Pvt Ltd,Education,201-500,3,Noida,Cold Calling,DevOps,94.9,False,2026-02-27,2026-02,Won,6,Closed,,No Follow-up Needed,0.0,SR01,1135000,Yes,Won,6,2,4,1,2,16,2026-05-27,115,10,10,10,10,20,4,5,69,Warm
L0372,Madhav Systems,E-commerce,51-200,2,Unknown,Email Campaign,Digital Transformation,15.4,False,2026-02-27,2026-02,Qualified,3,Follow-up Required,2026-09-04,Overdue,15.0,SR10,,No,Open,1,0,1,0,0,4,2026-03-25,178,5,5,3,0,0,4,0,17,Cold
L0373,Madhav Pvt Ltd,Healthcare,1000+,5,Mumbai,LinkedIn,Cloud Services,1775.2,True,2026-02-27,2026-02,Meeting,4,Meeting Scheduled,2026-09-29,Upcoming,0.0,SR02,,No,Open,3,3,2,1,2,10,2026-05-20,122,20,20,6,10,20,4,5,85,Hot
L0374,Chakra Capital Tech,FinTech,1-50,1,Mumbai,LinkedIn,Cybersecurity,11.5,False,2026-02-27,2026-02,Contacted,2,Not Interested,,No Follow-up Needed,0.0,SR09,,No,Lost,1,0,1,1,0,2,2026-03-22,181,0,5,3,0,0,10,5,23,Cold
L0375,Mosaic Technologies,Manufacturing,201-500,3,Delhi,Google Search,Digital Transformation,82.0,False,2026-02-27,2026-02,Proposal,5,Waiting for Response,2026-10-02,Upcoming,0.0,SR01,965000,No,Open,5,1,2,1,1,12,2026-05-17,125,10,10,10,5,12,10,5,62,Warm
L0376,Quartz Components,Manufacturing,51-200,2,Jaipur,LinkedIn,Cloud Services,29.6,False,2026-02-27,2026-02,Qualified,3,Follow-up Required,2026-09-22,Upcoming,0.0,SR05,,No,Open,2,0,1,0,0,4,2026-03-16,187,5,5,6,0,0,10,0,26,Cold
L0377,Umbra Manufacturing,Manufacturing,51-200,2,Hyderabad,Referral,Digital Transformation,30.9,False,2026-02-27,2026-02,Qualified,3,Contacted,2026-09-23,Upcoming,0.0,SR04,,No,Open,3,1,2,1,0,6,2026-05-19,123,5,5,6,5,0,10,5,36,Cold
L0378,Meridian Labs,E-commerce,51-200,2,Mumbai,LinkedIn,DevOps,54.6,False,2026-02-27,2026-02,New,1,Follow-up Required,2026-09-25,Upcoming,0.0,SR06,,No,Open,1,0,0,0,0,1,,,5,10,3,0,0,4,0,22,Cold
L0379,Kinetic Brands,Retail,1000+,5,Mumbai,Website,Software Development,867.4,False,2026-02-28,2026-02,Qualified,3,Contacted,2026-10-02,Upcoming,0.0,SR06,,No,Open,2,2,3,1,0,7,2026-05-16,126,20,20,6,10,0,4,5,65,Warm
L0380,Narmada Academy Systems,Education,51-200,2,Gurgaon,Cold Calling,Cloud Services,20.4,False,2026-02-28,2026-02,New,1,Follow-up Required,2026-09-24,Upcoming,0.0,SR10,,No,Open,0,0,0,0,0,0,,,5,5,0,0,0,4,0,14,Cold
L0381,Zephyr Wealth Tech,FinTech,201-500,3,Bengaluru,Website,Software Development,166.8,False,2026-02-28,2026-02,Meeting,4,Contacted,2026-10-03,Upcoming,0.0,SR08,,No,Open,1,2,2,0,1,7,2026-05-07,135,10,10,3,10,12,4,0,49,Cold
L0382,Wisp Group,FinTech,1000+,5,Noida,Referral,Digital Transformation,2110.1,False,2026-02-28,2026-02,Proposal,5,Waiting for Response,2026-10-09,Upcoming,0.0,SR01,2055000,No,Open,4,1,2,1,2,12,2026-05-19,123,20,20,10,5,20,4,5,84,Hot
L0383,Vanguard Ventures,Retail,1000+,5,Bengaluru,LinkedIn,Digital Transformation,2745.2,False,2026-02-28,2026-02,Meeting,4,Waiting for Response,2026-09-24,Upcoming,0.0,SR04,,No,Open,3,1,3,2,2,10,2026-05-24,118,20,20,6,5,20,10,10,91,Hot
L0384,Astra Platforms,SaaS,201-500,3,Bengaluru,Website,Cloud Services,42.6,False,2026-02-28,2026-02,Qualified,3,Follow-up Required,2026-09-28,Upcoming,0.0,SR08,,No,Open,3,1,3,2,0,7,2026-05-23,119,10,5,6,5,0,10,10,46,Cold
L0385,Glide Marketplace,E-commerce,51-200,2,Bengaluru,Email Campaign,Cloud Services,18.4,False,2026-02-28,2026-02,Contacted,2,Follow-up Required,2026-09-14,Overdue,5.0,SR07,,No,Open,2,0,1,1,0,3,2026-03-16,187,5,5,6,0,0,10,5,31,Cold
L0386,Lakshya Systems,Healthcare,51-200,2,Gurgaon,Referral,Cybersecurity,25.8,False,2026-03-01,2026-03,Won,6,Closed,,No Follow-up Needed,0.0,SR10,525000,Yes,Won,4,4,4,2,2,14,2026-05-18,124,5,5,10,10,20,10,10,70,Warm
L0387,Zephyr Ventures,Retail,1-50,1,Chennai,Google Search,Cloud Services,14.2,False,2026-03-01,2026-03,Contacted,2,Contacted,2026-09-21,Upcoming,0.0,SR04,,No,Open,0,0,1,1,0,1,2026-05-15,127,0,5,0,0,0,10,5,20,Cold
L0388,Gravity Enterprises,FinTech,501-1000,4,Delhi,Email Campaign,DevOps,514.6,False,2026-03-01,2026-03,Contacted,2,Follow-up Required,2026-10-08,Upcoming,0.0,SR05,,No,Open,0,0,2,1,0,2,2026-04-20,152,15,20,0,0,0,4,5,44,Cold
L0389,Summit Pvt Ltd,SaaS,501-1000,4,Chennai,Referral,DevOps,194.9,False,2026-03-01,2026-03,Qualified,3,Waiting for Response,2026-10-02,Upcoming,0.0,SR08,,No,Open,0,2,3,2,0,5,2026-05-22,120,15,10,0,10,0,10,10,55,Cold
L0390,Zeal Systems,SaaS,201-500,3,Delhi,Cold Calling,Software Development,107.3,False,2026-03-01,2026-03,Qualified,3,Contacted,2026-09-29,Upcoming,0.0,SR01,,No,Open,1,2,2,2,0,5,2026-05-22,120,10,10,3,10,0,4,10,47,Cold
L0391,Delta Industrial,Manufacturing,501-1000,4,Delhi,Cold Calling,Digital Transformation,218.7,False,2026-03-01,2026-03,Qualified,3,Contacted,2026-10-10,Upcoming,0.0,SR05,,No,Open,3,2,1,0,0,6,2026-05-16,126,15,15,6,10,0,10,0,56,Cold
L0392,Bharat Global,SaaS,1-50,1,Hyderabad,Email Campaign,Cloud Services,11.2,False,2026-03-02,2026-03,New,1,Follow-up Required,2026-10-03,Upcoming,0.0,SR07,,No,Open,0,0,0,0,0,0,,,0,5,0,0,0,10,0,15,Cold
L0393,Bluepeak Enterprises,SaaS,501-1000,4,Mumbai,LinkedIn,DevOps,162.1,False,2026-03-02,2026-03,Meeting,4,Follow-up Required,2026-09-24,Upcoming,0.0,SR09,,No,Open,4,1,2,0,2,11,2026-05-28,114,15,10,10,5,20,10,0,70,Warm
L0394,Sapphire Labs,Manufacturing,501-1000,4,Noida,Cold Calling,Cloud Services,569.0,False,2026-03-02,2026-03,Contacted,2,Waiting for Response,2026-09-01,Overdue,18.0,SR05,,No,Open,1,1,1,0,0,3,2026-05-20,122,15,20,3,5,0,10,0,53,Cold
L0395,Dhruv Pvt Ltd,Healthcare,201-500,3,Hyderabad,Cold Calling,Cloud Services,183.8,False,2026-03-02,2026-03,Contacted,2,Waiting for Response,2026-10-07,Upcoming,0.0,SR07,,No,Open,0,0,1,0,0,1,2026-04-29,143,10,10,0,0,0,4,0,24,Cold
L0396,Astra Global,SaaS,1-50,1,Mumbai,LinkedIn,Cybersecurity,10.0,False,2026-03-03,2026-03,Contacted,2,Waiting for Response,2026-09-20,Upcoming,0.0,SR02,,No,Open,1,0,2,1,0,3,2026-05-29,113,0,5,3,0,0,4,5,17,Cold
L0397,Prism Apps,SaaS,51-200,2,Delhi,Cold Calling,Cloud Services,43.8,False,2026-03-03,2026-03,Contacted,2,Follow-up Required,2026-09-30,Upcoming,0.0,SR10,,No,Open,2,1,1,0,0,4,2026-04-23,149,5,5,6,5,0,10,0,31,Cold
L0398,Bharat Industries,SaaS,1-50,1,Bengaluru,Cold Calling,Cloud Services,6.4,False,2026-03-03,2026-03,New,1,Follow-up Required,2026-09-11,Overdue,8.0,SR08,,No,Open,0,0,0,0,0,0,,,0,0,0,0,0,10,0,10,Cold
L0399,Ishaan Ventures,FinTech,201-500,3,Bengaluru,LinkedIn,Cybersecurity,40.8,False,2026-03-03,2026-03,Won,6,Closed,,No Follow-up Needed,0.0,SR07,1400000,Yes,Won,5,1,3,1,1,13,2026-06-01,110,10,5,10,5,12,10,5,57,Cold
L0400,Jade Health,Healthcare,1000+,5,Bengaluru,Website,Cloud Services,2891.0,False,2026-03-03,2026-03,Meeting,4,Contacted,2026-10-04,Upcoming,0.0,SR07,,No,Open,2,2,2,0,1,8,2026-05-31,111,20,20,6,10,12,4,0,72,Warm
L0401,Ion Finserv,FinTech,1-50,1,Bengaluru,LinkedIn,Cloud Services,4.2,False,2026-03-03,2026-03,Qualified,3,Contacted,2026-09-27,Upcoming,0.0,SR04,,No,Open,3,1,1,0,0,6,2026-05-17,125,0,0,6,5,0,10,0,21,Cold
L0402,Umbra Wealth Tech,FinTech,1-50,1,Mumbai,Events,Digital Transformation,7.2,False,2026-03-03,2026-03,Contacted,2,Not Interested,,No Follow-up Needed,0.0,SR02,,No,Lost,0,0,2,2,0,2,2026-04-27,145,0,0,0,0,0,4,10,14,Cold
L0403,Apex Enterprises,Logistics,201-500,3,Gurgaon,LinkedIn,Digital Transformation,130.6,False,2026-03-03,2026-03,Contacted,2,Waiting for Response,2026-09-19,Due Today,0.0,SR10,,No,Open,1,0,2,0,0,3,2026-05-06,136,10,10,3,0,0,10,0,33,Cold
L0404,Cobalt Group,SaaS,1-50,1,Pune,LinkedIn,Cybersecurity,11.0,False,2026-03-03,2026-03,Meeting,4,Follow-up Required,2026-09-27,Upcoming,0.0,SR09,,No,Open,4,1,3,2,1,11,2026-05-30,112,0,5,10,5,12,4,10,46,Cold
L0405,Unity Health,Healthcare,1-50,1,Pune,Referral,Cybersecurity,2.1,False,2026-03-03,2026-03,Meeting,4,Follow-up Required,2026-10-08,Upcoming,0.0,SR09,,No,Open,1,0,2,0,1,5,2026-05-28,114,0,0,3,0,12,10,0,25,Cold
L0406,Optima Pvt Ltd,Education,201-500,3,Gurgaon,LinkedIn,DevOps,92.7,False,2026-03-03,2026-03,Contacted,2,Waiting for Response,2026-09-26,Upcoming,0.0,SR05,,No,Open,2,1,2,1,0,5,2026-05-27,115,10,10,6,5,0,4,5,40,Cold
L0407,Helix Online,E-commerce,51-200,2,Gurgaon,Email Campaign,Cloud Services,29.3,False,2026-03-04,2026-03,New,1,Follow-up Required,2026-09-26,Upcoming,0.0,SR05,,No,Open,1,0,0,0,0,1,,,5,5,3,0,0,10,0,23,Cold
L0408,Crest Labs,Manufacturing,1000+,5,Chennai,Events,Software Development,2319.6,False,2026-03-04,2026-03,Meeting,4,Meeting Scheduled,2026-09-29,Upcoming,0.0,SR08,,No,Open,1,2,2,2,1,7,2026-04-13,159,20,20,3,10,12,4,10,79,Warm
L0409,Quartz Softech,Retail,1-50,1,Bengaluru,Cold Calling,Digital Transformation,10.7,False,2026-03-04,2026-03,Contacted,2,Follow-up Required,2026-09-08,Overdue,11.0,SR08,,No,Open,1,0,1,1,0,2,2026-05-21,121,0,5,3,0,0,10,5,23,Cold
L0410,Solace Systems,SaaS,1-50,1,Bengaluru,Referral,DevOps,8.6,False,2026-03-04,2026-03,Qualified,3,Not Interested,,No Follow-up Needed,0.0,SR08,,No,Lost,0,0,2,0,0,4,2026-04-21,151,0,0,0,0,0,10,0,10,Cold
L0411,Xenon Solutions,Retail,1000+,5,Mumbai,Events,Digital Transformation,2516.6,False,2026-03-04,2026-03,Qualified,3,Follow-up Required,2026-09-27,Upcoming,0.0,SR06,,No,Open,1,0,1,1,0,3,2026-05-25,117,20,20,3,0,0,10,5,58,Cold
L0412,Zeal Industries,E-commerce,51-200,2,Chennai,Cold Calling,DevOps,10.3,False,2026-03-04,2026-03,Contacted,2,Not Interested,,No Follow-up Needed,0.0,SR04,,No,Lost,2,0,2,0,0,4,2026-05-16,126,5,5,6,0,0,4,0,20,Cold
L0413,Horizon Pvt Ltd,E-commerce,201-500,3,Mumbai,Email Campaign,Software Development,143.7,False,2026-03-04,2026-03,Meeting,4,Waiting for Response,2026-09-11,Overdue,8.0,SR09,,No,Open,1,0,2,1,2,6,2026-05-26,116,10,10,3,0,20,10,5,58,Cold
L0414,Evergreen Group,Retail,201-500,3,Mumbai,Google Search,Software Development,168.7,False,2026-03-04,2026-03,Meeting,4,Waiting for Response,2026-10-07,Upcoming,0.0,SR09,,No,Open,4,0,3,0,1,11,2026-05-28,114,10,10,10,0,12,4,0,46,Cold
L0415,Wisp Global,Retail,501-1000,4,Hyderabad,Referral,Cybersecurity,160.3,False,2026-03-04,2026-03,Meeting,4,Contacted,2026-09-25,Upcoming,0.0,SR07,,No,Open,4,2,2,2,1,11,2026-05-30,112,15,10,10,10,12,4,10,71,Warm
L0416,Glide Pvt Ltd,FinTech,1000+,5,Gurgaon,Google Search,Software Development,1957.4,False,2026-03-05,2026-03,Meeting,4,Meeting Scheduled,2026-09-19,Due Today,0.0,SR10,,No,Open,1,0,2,1,1,6,2026-05-08,134,20,20,3,0,12,4,5,64,Warm
L0417,Quest Industries,FinTech,51-200,2,Pune,Email Campaign,DevOps,32.9,False,2026-03-05,2026-03,Contacted,2,Waiting for Response,2026-09-19,Due Today,0.0,SR06,,No,Open,1,0,1,1,0,2,2026-04-25,147,5,5,3,0,0,4,5,22,Cold
L0418,Garuda Cargo,Logistics,51-200,2,Bengaluru,Referral,Digital Transformation,31.5,False,2026-03-05,2026-03,Proposal,5,Closed,,No Follow-up Needed,0.0,SR08,895000,No,Lost,4,1,2,1,2,12,2026-05-25,117,5,5,10,5,20,10,5,60,Warm
L0419,Crest Systems,SaaS,51-200,2,Bengaluru,Website,Cloud Services,45.8,False,2026-03-05,2026-03,Contacted,2,Contacted,2026-09-21,Upcoming,0.0,SR04,,No,Open,0,1,1,1,0,2,2026-04-25,147,5,5,0,5,0,10,5,30,Cold
L0420,Evergreen Solutions,SaaS,51-200,2,Bengaluru,Cold Calling,Cloud Services,54.2,False,2026-03-05,2026-03,Contacted,2,Follow-up Required,2026-10-01,Upcoming,0.0,SR04,,No,Open,2,0,2,2,0,5,2026-05-18,124,5,10,6,0,0,10,10,41,Cold
L0421,Wisp Industrial,Manufacturing,51-200,2,Mumbai,Cold Calling,DevOps,15.9,False,2026-03-05,2026-03,Qualified,3,Follow-up Required,2026-10-04,Upcoming,0.0,SR06,,No,Open,2,0,3,1,0,6,2026-05-28,114,5,5,6,0,0,4,5,25,Cold
L0422,Pulse Systems,Healthcare,1-50,1,Bengaluru,LinkedIn,Digital Transformation,10.0,False,2026-03-05,2026-03,Qualified,3,Follow-up Required,2026-09-23,Upcoming,0.0,SR04,,No,Open,3,1,1,0,0,5,2026-05-23,119,0,5,6,5,0,10,0,26,Cold
L0423,Solace Global,FinTech,1-50,1,Pune,Email Campaign,Cybersecurity,11.4,False,2026-03-05,2026-03,Qualified,3,Waiting for Response,2026-09-26,Upcoming,0.0,SR02,,No,Open,1,1,2,1,0,4,2026-04-26,146,0,5,3,5,0,10,5,28,Cold
L0424,Chakra Pvt Ltd,E-commerce,1000+,5,Pune,LinkedIn,Cloud Services,1409.7,False,2026-03-05,2026-03,Contacted,2,Follow-up Required,2026-10-05,Upcoming,0.0,SR09,,No,Open,0,0,1,0,0,1,2026-03-23,180,20,20,0,0,0,10,0,50,Cold
L0425,Neptune Labs,Healthcare,1-50,1,Delhi,Cold Calling,DevOps,8.4,False,2026-03-05,2026-03,Qualified,3,Waiting for Response,2026-09-01,Overdue,18.0,SR10,,No,Open,0,1,1,0,0,3,2026-06-03,108,0,0,0,5,0,4,0,9,Cold
L0426,Paragon Solutions,SaaS,201-500,3,Chennai,Events,Digital Transformation,130.5,False,2026-03-05,2026-03,Meeting,4,Follow-up Required,2026-10-04,Upcoming,0.0,SR08,,No,Open,4,1,2,0,1,8,2026-05-21,121,10,10,10,5,12,4,0,51,Cold
L0427,Vertex Global,Retail,1-50,1,Ahmedabad,Events,Software Development,14.0,False,2026-03-05,2026-03,New,1,Follow-up Required,2026-10-02,Upcoming,0.0,SR09,,No,Open,0,0,0,0,0,0,,,0,5,0,0,0,4,0,9,Cold
L0428,Wavelet Commerce,E-commerce,1-50,1,Mumbai,Email Campaign,Cloud Services,9.8,False,2026-03-05,2026-03,Contacted,2,Waiting for Response,2026-09-29,Upcoming,0.0,SR02,,No,Open,1,1,2,1,0,4,2026-05-19,123,0,0,3,5,0,10,5,23,Cold
L0429,Harbor Platforms,SaaS,51-200,2,Noida,LinkedIn,Cloud Services,38.7,False,2026-03-05,2026-03,Meeting,4,Meeting Scheduled,2026-09-21,Upcoming,0.0,SR10,,No,Open,2,1,3,0,2,9,2026-05-07,135,5,5,6,5,20,10,0,51,Cold
L0430,Astra Solutions,Healthcare,51-200,2,Bengaluru,Cold Calling,Digital Transformation,42.3,False,2026-03-06,2026-03,Contacted,2,Waiting for Response,2026-09-17,Overdue,2.0,SR08,,No,Open,2,0,2,0,0,4,2026-05-10,132,5,5,6,0,0,10,0,26,Cold
L0431,Kestrel Group,Manufacturing,51-200,2,Bengaluru,LinkedIn,Digital Transformation,26.0,False,2026-03-06,2026-03,Qualified,3,Follow-up Required,2026-10-05,Upcoming,0.0,SR08,,No,Open,1,0,3,0,0,5,2026-05-06,136,5,5,3,0,0,10,0,23,Cold
L0432,Quartz Global,FinTech,1-50,1,Delhi,Cold Calling,Cybersecurity,4.8,False,2026-03-06,2026-03,Proposal,5,Waiting for Response,2026-08-31,Overdue,19.0,SR10,370000,No,Open,4,4,3,2,3,14,2026-06-02,109,0,0,10,10,20,10,10,60,Warm
L0433,Wavelet Global,E-commerce,1000+,5,Delhi,Website,Software Development,2853.3,False,2026-03-06,2026-03,Contacted,2,Contacted,2026-09-04,Overdue,15.0,SR01,,No,Open,1,0,1,0,0,2,2026-05-18,124,20,20,3,0,0,10,0,53,Cold
L0434,Oasis Labs,SaaS,201-500,3,Ahmedabad,LinkedIn,Digital Transformation,198.1,False,2026-03-06,2026-03,Contacted,2,Contacted,2026-10-09,Upcoming,0.0,SR09,,No,Open,0,0,1,0,0,1,2026-04-01,171,10,10,0,0,0,4,0,24,Cold
L0435,Quest Supply Chain,Logistics,201-500,3,Jaipur,Events,DevOps,123.3,False,2026-03-07,2026-03,New,1,Follow-up Required,2026-09-27,Upcoming,0.0,SR05,,No,Open,2,0,0,0,0,2,,,10,10,6,0,0,4,0,30,Cold
L0436,Yash Systems,SaaS,201-500,3,Mumbai,Website,Digital Transformation,196.6,False,2026-03-07,2026-03,Qualified,3,Follow-up Required,2026-09-05,Overdue,14.0,SR09,,No,Open,1,0,1,1,0,4,2026-04-28,144,10,10,3,0,0,4,5,32,Cold
L0437,Lakshya Technologies,Education,51-200,2,Delhi,Email Campaign,Digital Transformation,43.5,False,2026-03-07,2026-03,Proposal,5,Not Interested,,No Follow-up Needed,0.0,SR03,740000,No,Lost,2,1,2,0,3,9,2026-06-05,106,5,5,6,5,20,10,0,51,Cold
L0438,Solace Wealth Tech,FinTech,201-500,3,Pune,LinkedIn,Software Development,132.4,False,2026-03-07,2026-03,Qualified,3,Not Interested,,No Follow-up Needed,0.0,SR09,,No,Lost,1,1,3,3,0,5,2026-04-23,149,10,10,3,5,0,4,10,42,Cold
L0439,Pinnacle Networks,FinTech,1-50,1,Ahmedabad,Google Search,Cloud Services,9.9,False,2026-03-07,2026-03,New,1,Follow-up Required,2026-09-29,Upcoming,0.0,SR02,,No,Open,0,0,0,0,0,0,,,0,0,0,0,0,10,0,10,Cold
L0440,Vayu Labs,FinTech,201-500,3,Hyderabad,LinkedIn,Cloud Services,46.1,False,2026-03-07,2026-03,New,1,Follow-up Required,2026-09-19,Due Today,0.0,SR08,,No,Open,1,0,0,0,0,1,,,10,5,3,0,0,10,0,28,Cold
L0441,Ember Softech,Healthcare,1000+,5,Bengaluru,Cold Calling,Digital Transformation,800.8,False,2026-03-07,2026-03,Contacted,2,Contacted,2026-10-04,Upcoming,0.0,SR04,,No,Open,1,0,2,0,0,4,2026-05-01,141,20,20,3,0,0,10,0,53,Cold
L0442,Bharat Enterprises,Education,201-500,3,Noida,LinkedIn,Digital Transformation,107.5,False,2026-03-08,2026-03,New,1,Follow-up Required,2026-09-12,Overdue,7.0,SR01,,No,Open,2,0,0,0,0,2,,,10,10,6,0,0,10,0,36,Cold
L0443,Falcon Technologies,Retail,201-500,3,Pune,Cold Calling,Cloud Services,147.6,False,2026-03-08,2026-03,Contacted,2,Not Interested,,No Follow-up Needed,0.0,SR02,,No,Lost,2,1,2,1,0,5,2026-05-20,122,10,10,6,5,0,10,5,46,Cold
L0444,Unity Softech,Healthcare,51-200,2,Delhi,Website,Cloud Services,45.8,False,2026-03-08,2026-03,New,1,Follow-up Required,2026-09-23,Upcoming,0.0,SR03,,No,Open,2,0,0,0,0,2,,,5,5,6,0,0,4,0,20,Cold
L0445,Dhruv Technologies,Retail,51-200,2,Gurgaon,Referral,Software Development,36.8,True,2026-03-08,2026-03,Meeting,4,Waiting for Response,2026-10-01,Upcoming,0.0,SR01,,No,Open,1,0,2,0,2,6,2026-05-23,119,5,5,3,0,20,4,0,37,Cold
L0446,Yash Platforms,SaaS,1-50,1,Mumbai,Website,DevOps,11.6,False,2026-03-08,2026-03,New,1,Follow-up Required,2026-09-17,Overdue,2.0,SR09,,No,Open,2,0,0,0,0,2,,,0,5,6,0,0,10,0,21,Cold
L0447,Indus Labs,SaaS,51-200,2,Gurgaon,Referral,Cloud Services,33.4,False,2026-03-08,2026-03,Contacted,2,Contacted,2026-10-08,Upcoming,0.0,SR01,,No,Open,2,0,1,0,0,3,2026-03-20,183,5,5,6,0,0,10,0,26,Cold
L0448,Spark Health,Healthcare,1-50,1,Bengaluru,LinkedIn,Software Development,9.4,False,2026-03-09,2026-03,Qualified,3,Not Interested,,No Follow-up Needed,0.0,SR08,,No,Lost,3,0,1,0,0,5,2026-04-20,152,0,0,6,0,0,4,0,10,Cold
L0449,Xenon Software,SaaS,1-50,1,Pune,Email Campaign,Cybersecurity,14.4,False,2026-03-09,2026-03,Contacted,2,Not Interested,,No Follow-up Needed,0.0,SR09,,No,Lost,1,1,2,1,0,4,2026-06-04,107,0,5,3,5,0,4,5,22,Cold
L0450,Meridian Technologies,Retail,201-500,3,Mumbai,Cold Calling,Cloud Services,106.3,False,2026-03-09,2026-03,Won,6,Closed,,No Follow-up Needed,0.0,SR06,1000000,Yes,Won,3,3,4,0,1,13,2026-06-01,110,10,10,6,10,12,10,0,58,Cold
L0451,Solace Industries,Healthcare,1-50,1,Noida,LinkedIn,Digital Transformation,7.1,False,2026-03-09,2026-03,New,1,Follow-up Required,2026-10-02,Upcoming,0.0,SR03,,No,Open,1,0,0,0,0,1,,,0,0,3,0,0,10,0,13,Cold
L0452,Lakshya Enterprises,Logistics,201-500,3,Bengaluru,Cold Calling,Cybersecurity,66.8,False,2026-03-09,2026-03,New,1,Follow-up Required,2026-09-13,Overdue,6.0,SR04,,No,Open,1,0,0,0,0,1,,,10,10,3,0,0,4,0,27,Cold
L0453,Prana Pvt Ltd,FinTech,501-1000,4,Hyderabad,Cold Calling,Cloud Services,215.2,False,2026-03-09,2026-03,Contacted,2,Not Interested,,No Follow-up Needed,0.0,SR04,,No,Lost,1,1,2,2,0,4,2026-05-30,112,15,15,3,5,0,10,10,58,Cold
L0454,Falcon Finserv,FinTech,51-200,2,Mumbai,LinkedIn,Cybersecurity,51.2,False,2026-03-09,2026-03,Qualified,3,Meeting Scheduled,2026-09-25,Upcoming,0.0,SR06,,No,Open,2,1,1,1,0,5,2026-05-06,136,5,10,6,5,0,10,5,41,Cold
L0455,Bolt Manufacturing,Manufacturing,201-500,3,Jaipur,Referral,Digital Transformation,147.6,False,2026-03-09,2026-03,Proposal,5,Waiting for Response,2026-10-03,Upcoming,0.0,SR03,1375000,No,Open,4,1,4,1,1,12,2026-05-31,111,10,10,10,5,12,10,5,62,Warm
L0456,Cobalt Softech,Education,1-50,1,Hyderabad,Cold Calling,Digital Transformation,5.3,False,2026-03-09,2026-03,New,1,Follow-up Required,2026-10-05,Upcoming,0.0,SR04,,No,Open,0,0,0,0,0,0,,,0,0,0,0,0,10,0,10,Cold
L0457,Kaveri Networks,E-commerce,1-50,1,Unknown,Referral,Cloud Services,5.4,False,2026-03-09,2026-03,Qualified,3,Meeting Scheduled,2026-09-26,Upcoming,0.0,SR10,,No,Open,1,0,1,0,0,4,2026-06-05,106,0,0,3,0,0,10,0,13,Cold
L0458,Lotus Enterprises,E-commerce,51-200,2,Gurgaon,LinkedIn,Cloud Services,18.0,False,2026-03-10,2026-03,Proposal,5,Waiting for Response,2026-10-10,Upcoming,0.0,SR01,305000,No,Open,3,2,2,0,2,10,2026-05-01,141,5,5,6,10,20,10,0,56,Cold
L0459,Bharat Pvt Ltd,SaaS,1-50,1,Hyderabad,Website,Cloud Services,6.0,False,2026-03-10,2026-03,Qualified,3,Follow-up Required,2026-09-21,Upcoming,0.0,SR04,,No,Open,2,2,2,1,0,6,2026-06-03,108,0,0,6,10,0,10,5,31,Cold
L0460,Rudra Systems,SaaS,201-500,3,Chennai,Website,Software Development,82.8,False,2026-03-10,2026-03,Contacted,2,Follow-up Required,2026-09-19,Due Today,0.0,SR08,,No,Open,1,1,1,0,0,3,2026-05-29,113,10,10,3,5,0,4,0,32,Cold
L0461,Cobalt Retail,Retail,1000+,5,Bengaluru,Email Campaign,Cloud Services,1474.2,False,2026-03-10,2026-03,Contacted,2,Follow-up Required,2026-10-08,Upcoming,0.0,SR07,,No,Open,0,0,2,0,0,2,2026-04-17,155,20,20,0,0,0,10,0,50,Cold
L0462,Aurora Ventures,E-commerce,501-1000,4,Pune,Cold Calling,Cloud Services,425.8,False,2026-03-10,2026-03,New,1,Follow-up Required,2026-09-25,Upcoming,0.0,SR09,,No,Open,2,0,0,0,0,2,,,15,15,6,0,0,10,0,46,Cold
L0463,Quantum Networks,Education,51-200,2,Mumbai,Website,DevOps,53.0,False,2026-03-10,2026-03,New,1,Follow-up Required,2026-09-30,Upcoming,0.0,SR09,,No,Open,0,0,0,0,0,0,,,5,10,0,0,0,4,0,19,Cold
L0464,Yonder Industries,SaaS,1-50,1,Mumbai,LinkedIn,Cloud Services,3.8,False,2026-03-11,2026-03,Qualified,3,Contacted,2026-09-28,Upcoming,0.0,SR02,,No,Open,2,1,3,3,0,7,2026-04-19,153,0,0,6,5,0,10,10,31,Cold
L0465,Uday Global,FinTech,1000+,5,Gurgaon,Referral,Cloud Services,903.4,False,2026-03-11,2026-03,Won,6,Closed,,No Follow-up Needed,0.0,SR01,1540000,Yes,Won,4,3,5,1,3,17,2026-06-07,104,20,20,10,10,20,10,5,95,Hot
L0466,Sagar Technologies,Retail,51-200,2,Mumbai,LinkedIn,Software Development,55.7,False,2026-03-11,2026-03,Contacted,2,Follow-up Required,2026-08-30,Overdue,20.0,SR02,,No,Open,2,0,2,1,0,4,2026-05-16,126,5,10,6,0,0,4,5,30,Cold
L0467,Umbra Finserv,FinTech,201-500,3,Mumbai,Referral,Software Development,99.9,False,2026-03-11,2026-03,Meeting,4,Waiting for Response,2026-09-04,Overdue,15.0,SR06,,No,Open,4,1,2,0,1,8,2026-06-06,105,10,10,10,5,12,4,0,51,Cold
L0468,Kaveri Pvt Ltd,Logistics,1-50,1,Noida,LinkedIn,Cybersecurity,4.3,False,2026-03-11,2026-03,New,1,Follow-up Required,2026-10-01,Upcoming,0.0,SR01,,No,Open,2,0,0,0,0,2,,,0,0,6,0,0,4,0,10,Cold
L0469,Umbra Group,E-commerce,201-500,3,Gurgaon,Cold Calling,Cloud Services,165.2,False,2026-03-11,2026-03,New,1,Follow-up Required,2026-09-29,Upcoming,0.0,SR10,,No,Open,0,0,0,0,0,0,,,10,10,0,0,0,10,0,30,Cold
L0470,Horizon Group,Manufacturing,1-50,1,Ahmedabad,LinkedIn,Software Development,3.6,False,2026-03-11,2026-03,Contacted,2,Waiting for Response,2026-10-09,Upcoming,0.0,SR09,,No,Open,0,0,2,0,0,2,2026-06-01,110,0,0,0,0,0,4,0,4,Cold
L0471,Oasis Group,Logistics,201-500,3,Bengaluru,LinkedIn,DevOps,186.9,False,2026-03-11,2026-03,Qualified,3,Not Interested,,No Follow-up Needed,0.0,SR07,,No,Lost,2,1,2,1,0,5,2026-05-26,116,10,10,6,5,0,4,5,40,Cold
L0472,Spark Networks,SaaS,51-200,2,Unknown,Cold Calling,Cloud Services,35.9,False,2026-03-11,2026-03,Proposal,5,Follow-up Required,2026-10-02,Upcoming,0.0,SR01,575000,No,Open,2,1,3,1,3,10,2026-05-18,124,5,5,6,5,20,10,5,56,Cold
L0473,Radiant Diagnostics,Healthcare,201-500,3,Bengaluru,Email Campaign,Digital Transformation,155.3,False,2026-03-11,2026-03,Contacted,2,Follow-up Required,2026-09-23,Upcoming,0.0,SR08,,No,Open,2,0,2,0,0,5,2026-05-20,122,10,10,6,0,0,10,0,36,Cold
L0474,Vayu Industries,E-commerce,1-50,1,Pune,LinkedIn,Digital Transformation,10.9,False,2026-03-11,2026-03,Qualified,3,Waiting for Response,2026-09-22,Upcoming,0.0,SR02,,No,Open,3,1,1,1,0,5,2026-05-17,125,0,5,6,5,0,4,5,25,Cold
L0475,Summit Technologies,Retail,501-1000,4,Gurgaon,Email Campaign,Cloud Services,410.8,True,2026-03-11,2026-03,Contacted,2,Waiting for Response,2026-08-31,Overdue,19.0,SR03,,No,Open,0,0,2,1,0,2,2026-06-07,104,15,15,0,0,0,10,5,45,Cold
L0476,Lakshya Networks,FinTech,51-200,2,Mumbai,Email Campaign,DevOps,58.7,False,2026-03-12,2026-03,New,1,Follow-up Required,2026-09-19,Due Today,0.0,SR02,,No,Open,0,0,0,0,0,0,,,5,10,0,0,0,4,0,19,Cold
L0477,Dhruv Marketplace,E-commerce,51-200,2,Hyderabad,LinkedIn,Cybersecurity,21.9,False,2026-03-12,2026-03,Qualified,3,Not Interested,,No Follow-up Needed,0.0,SR04,,No,Lost,2,1,3,2,0,7,2026-06-01,110,5,5,6,5,0,4,10,35,Cold
L0478,Delta Labs,Education,201-500,3,Hyderabad,Cold Calling,Software Development,108.4,False,2026-03-12,2026-03,Meeting,4,Waiting for Response,2026-09-29,Upcoming,0.0,SR07,,No,Open,3,2,3,2,1,10,2026-05-25,117,10,10,6,10,12,10,10,68,Warm
L0479,Pinnacle Systems,E-commerce,1-50,1,Jaipur,Website,Cybersecurity,9.6,False,2026-03-12,2026-03,Meeting,4,Meeting Scheduled,2026-09-21,Upcoming,0.0,SR03,,No,Open,3,1,3,1,2,9,2026-05-10,132,0,0,6,5,20,4,5,40,Cold
L0480,Pinnacle Technologies,FinTech,501-1000,4,Bengaluru,Google Search,Software Development,572.5,False,2026-03-12,2026-03,Meeting,4,Meeting Scheduled,2026-09-30,Upcoming,0.0,SR07,,No,Open,4,2,3,1,1,11,2026-05-17,125,15,20,10,10,12,4,5,76,Warm
L0481,Dhruv Ventures,Logistics,201-500,3,Bengaluru,LinkedIn,Software Development,121.4,True,2026-03-12,2026-03,Contacted,2,Follow-up Required,2026-09-25,Upcoming,0.0,SR04,,No,Open,1,0,2,0,0,3,2026-05-26,116,10,10,3,0,0,4,0,27,Cold
L0482,Mantra Retail,Retail,51-200,2,Gurgaon,Website,Software Development,32.9,False,2026-03-13,2026-03,Contacted,2,Contacted,2026-09-18,Overdue,1.0,SR03,,No,Open,1,0,1,0,0,2,2026-04-15,157,5,5,3,0,0,4,0,17,Cold
L0483,Novus Networks,FinTech,1-50,1,Delhi,LinkedIn,DevOps,10.9,False,2026-03-13,2026-03,Won,6,Closed,,No Follow-up Needed,0.0,SR05,355000,Yes,Won,4,3,4,1,2,14,2026-06-07,104,0,5,10,10,20,4,5,54,Cold
L0484,Pulse Softech,Healthcare,201-500,3,Mumbai,LinkedIn,Cloud Services,60.5,False,2026-03-13,2026-03,New,1,Follow-up Required,2026-09-25,Upcoming,0.0,SR09,,No,Open,1,0,0,0,0,1,,,10,10,3,0,0,4,0,27,Cold
L0485,Xenon Care Systems,Healthcare,501-1000,4,Hyderabad,Events,Digital Transformation,195.0,False,2026-03-14,2026-03,Contacted,2,Contacted,2026-09-09,Overdue,10.0,SR08,,No,Open,0,1,2,1,0,3,2026-06-05,106,15,10,0,5,0,10,5,45,Cold
L0486,Yonder Pvt Ltd,Healthcare,1-50,1,Delhi,LinkedIn,Cybersecurity,2.7,False,2026-03-14,2026-03,New,1,Follow-up Required,2026-09-21,Upcoming,0.0,SR05,,No,Open,2,0,0,0,0,2,,,0,0,6,0,0,10,0,16,Cold
L0487,Prana Group,Retail,1000+,5,Delhi,LinkedIn,Digital Transformation,2740.3,False,2026-03-14,2026-03,Won,6,Closed,,No Follow-up Needed,0.0,SR03,2475000,Yes,Won,5,2,3,1,2,14,2026-04-30,142,20,20,10,10,20,10,5,95,Hot
L0488,Xenon Diagnostics,Healthcare,201-500,3,Chennai,Cold Calling,DevOps,40.2,False,2026-03-14,2026-03,New,1,Follow-up Required,2026-09-25,Upcoming,0.0,SR04,,No,Open,2,0,0,0,0,2,,,10,5,6,0,0,4,0,25,Cold
L0489,Echo Pvt Ltd,FinTech,51-200,2,Mumbai,Referral,Cloud Services,47.8,False,2026-03-15,2026-03,New,1,Follow-up Required,2026-09-30,Upcoming,0.0,SR09,,No,Open,1,0,0,0,0,1,,,5,5,3,0,0,10,0,23,Cold
L0490,Zenith Solutions,SaaS,1-50,1,Mumbai,Events,DevOps,14.4,False,2026-03-15,2026-03,New,1,Follow-up Required,2026-09-27,Upcoming,0.0,SR09,,No,Open,1,0,0,0,0,1,,,0,5,3,0,0,10,0,18,Cold
L0491,Radiant Systems,FinTech,51-200,2,Pune,Email Campaign,Cloud Services,12.8,False,2026-03-15,2026-03,Qualified,3,Follow-up Required,2026-09-26,Upcoming,0.0,SR06,,No,Open,2,1,1,0,0,4,2026-06-08,103,5,5,6,5,0,10,0,31,Cold
L0492,Kestrel Enterprises,FinTech,1000+,5,Mumbai,Email Campaign,Cybersecurity,2492.8,False,2026-03-16,2026-03,New,1,Follow-up Required,2026-09-20,Upcoming,0.0,SR06,,No,Open,1,0,0,0,0,1,,,20,20,3,0,0,10,0,53,Cold
L0493,Lumina Labs,SaaS,501-1000,4,Mumbai,Email Campaign,DevOps,566.3,False,2026-03-16,2026-03,Contacted,2,Follow-up Required,2026-10-01,Upcoming,0.0,SR06,,No,Open,1,0,1,1,0,3,2026-05-29,113,15,20,3,0,0,10,5,53,Cold
L0494,Loop Enterprises,FinTech,51-200,2,Delhi,Cold Calling,Cloud Services,37.3,False,2026-03-16,2026-03,Meeting,4,Meeting Scheduled,2026-10-01,Upcoming,0.0,SR01,,No,Open,2,0,3,1,1,9,2026-06-09,102,5,5,6,0,12,10,5,43,Cold
L0495,Hive Systems,Logistics,201-500,3,Bengaluru,LinkedIn,Digital Transformation,123.2,False,2026-03-16,2026-03,Proposal,5,Waiting for Response,2026-09-25,Upcoming,0.0,SR07,1035000,No,Open,4,2,2,1,3,11,2026-06-07,104,10,10,10,10,20,10,5,75,Warm
L0496,Narmada Networks,E-commerce,501-1000,4,Mumbai,Website,Cloud Services,282.5,False,2026-03-16,2026-03,New,1,Follow-up Required,2026-09-29,Upcoming,0.0,SR06,,No,Open,0,0,0,0,0,0,,,15,15,0,0,0,10,0,40,Cold
L0497,Yash Industries,Education,51-200,2,Gurgaon,LinkedIn,Software Development,38.9,False,2026-03-16,2026-03,Proposal,5,Closed,,No Follow-up Needed,0.0,SR05,685000,No,Lost,5,3,4,2,2,15,2026-06-13,98,5,5,10,10,20,10,10,70,Warm
L0498,Optima Group,E-commerce,201-500,3,Mumbai,Google Search,Software Development,193.8,False,2026-03-16,2026-03,Meeting,4,Waiting for Response,2026-09-21,Upcoming,0.0,SR06,,No,Open,1,0,2,1,0,6,2026-06-14,97,10,10,3,0,0,10,5,38,Cold
L0499,Hive Enterprises,Logistics,201-500,3,Unknown,Cold Calling,Software Development,154.5,False,2026-03-17,2026-03,Contacted,2,Follow-up Required,2026-10-03,Upcoming,0.0,SR08,,No,Open,2,1,1,1,0,4,2026-04-11,161,10,10,6,5,0,4,5,40,Cold
L0500,Harbor Cloudware,SaaS,51-200,2,Pune,Cold Calling,Cloud Services,30.7,False,2026-03-17,2026-03,New,1,Follow-up Required,2026-09-26,Upcoming,0.0,SR09,,No,Open,2,0,0,0,0,2,,,5,5,6,0,0,10,0,26,Cold
L0501,Harbor Health,Healthcare,51-200,2,Mumbai,Cold Calling,Digital Transformation,53.1,False,2026-03-17,2026-03,Proposal,5,Not Interested,,No Follow-up Needed,0.0,SR09,625000,No,Lost,2,2,2,1,2,10,2026-05-29,113,5,10,6,10,20,10,5,66,Warm
L0502,Titan Wealth Tech,FinTech,51-200,2,Chennai,Events,Digital Transformation,56.6,False,2026-03-17,2026-03,Contacted,2,Contacted,2026-09-18,Overdue,1.0,SR04,,No,Open,1,1,1,0,0,3,2026-06-03,108,5,10,3,5,0,4,0,27,Cold
L0503,Drift Logistics,Logistics,51-200,2,Hyderabad,LinkedIn,DevOps,46.8,False,2026-03-18,2026-03,Meeting,4,Meeting Scheduled,2026-09-20,Upcoming,0.0,SR07,,No,Open,2,1,3,2,0,8,2026-06-11,100,5,5,6,5,0,4,10,35,Cold
L0504,Onyx Softech,E-commerce,51-200,2,Hyderabad,Email Campaign,Cloud Services,40.8,False,2026-03-18,2026-03,Contacted,2,Waiting for Response,2026-09-17,Overdue,2.0,SR08,,No,Open,0,0,1,0,0,1,2026-04-17,155,5,5,0,0,0,10,0,20,Cold
L0505,Wavelet Labs,Education,501-1000,4,Noida,Cold Calling,Software Development,165.0,False,2026-03-18,2026-03,Contacted,2,Follow-up Required,2026-10-05,Upcoming,0.0,SR05,,No,Open,2,0,1,1,0,4,2026-06-16,95,15,10,6,0,0,10,5,46,Cold
L0506,Horizon Industries,Manufacturing,1000+,5,Mumbai,Email Campaign,Digital Transformation,2313.6,False,2026-03-18,2026-03,Meeting,4,Not Interested,,No Follow-up Needed,0.0,SR06,,No,Lost,1,0,3,2,1,8,2026-06-16,95,20,20,3,0,12,10,10,75,Warm
L0507,Sagar Platforms,SaaS,201-500,3,Gurgaon,Referral,Cloud Services,72.2,False,2026-03-18,2026-03,Contacted,2,Not Interested,,No Follow-up Needed,0.0,SR05,,No,Lost,2,0,1,1,0,3,2026-04-28,144,10,10,6,0,0,10,5,41,Cold
L0508,Chakra Learning,Education,51-200,2,Bengaluru,Cold Calling,Digital Transformation,20.0,False,2026-03-18,2026-03,New,1,Follow-up Required,2026-09-29,Upcoming,0.0,SR04,,No,Open,1,0,0,0,0,1,,,5,5,3,0,0,10,0,23,Cold
L0509,Glide Softech,E-commerce,1-50,1,Mumbai,Cold Calling,DevOps,4.4,False,2026-03-18,2026-03,New,1,Follow-up Required,2026-10-07,Upcoming,0.0,SR02,,No,Open,2,0,0,0,0,2,,,0,0,6,0,0,4,0,10,Cold
L0510,Quantum Pvt Ltd,Retail,501-1000,4,Bengaluru,Website,Cybersecurity,381.6,False,2026-03-18,2026-03,Contacted,2,Waiting for Response,2026-10-10,Upcoming,0.0,SR07,,No,Open,0,0,1,1,0,1,2026-05-23,119,15,15,0,0,0,4,5,39,Cold
L0511,Horizon Ventures,Healthcare,1-50,1,Pune,Google Search,Cybersecurity,7.7,False,2026-03-19,2026-03,Qualified,3,Waiting for Response,2026-09-01,Overdue,18.0,SR06,,No,Open,3,1,2,1,0,7,2026-05-16,126,0,0,6,5,0,10,5,26,Cold
L0512,Orbit Knowledge,Education,51-200,2,Delhi,LinkedIn,Digital Transformation,57.9,False,2026-03-19,2026-03,Contacted,2,Contacted,2026-09-27,Upcoming,0.0,SR05,,No,Open,2,1,2,1,0,5,2026-05-27,115,5,10,6,5,0,10,5,41,Cold
L0513,Ishaan Industrial,Manufacturing,201-500,3,Bengaluru,Cold Calling,Cybersecurity,141.1,False,2026-03-19,2026-03,Qualified,3,Meeting Scheduled,2026-09-19,Due Today,0.0,SR07,,No,Open,1,1,2,1,0,5,2026-06-16,95,10,10,3,5,0,4,5,37,Cold
L0514,Yash Labs,FinTech,501-1000,4,Jaipur,Website,Cybersecurity,346.4,False,2026-03-19,2026-03,Meeting,4,Waiting for Response,2026-09-26,Upcoming,0.0,SR05,,No,Open,2,1,3,1,2,8,2026-05-29,113,15,15,6,5,20,10,5,76,Warm
L0515,Optima Global,Manufacturing,51-200,2,Mumbai,Email Campaign,Cybersecurity,41.1,False,2026-03-19,2026-03,Contacted,2,Follow-up Required,2026-10-02,Upcoming,0.0,SR06,,No,Open,1,0,2,0,0,4,2026-06-05,106,5,5,3,0,0,4,0,17,Cold
L0516,Ridge Ventures,Healthcare,501-1000,4,Unknown,Google Search,Software Development,548.4,False,2026-03-20,2026-03,Qualified,3,Not Interested,,No Follow-up Needed,0.0,SR09,,No,Lost,3,1,3,1,0,7,2026-06-18,93,15,20,6,5,0,4,5,55,Cold
L0517,Wisp Commerce,E-commerce,51-200,2,Mumbai,LinkedIn,Cloud Services,37.1,False,2026-03-20,2026-03,Qualified,3,Follow-up Required,2026-09-20,Upcoming,0.0,SR02,,No,Open,3,1,2,2,0,6,2026-06-08,103,5,5,6,5,0,10,10,41,Cold
L0518,Thrive Group,Healthcare,501-1000,4,Gurgaon,Cold Calling,Cybersecurity,225.4,False,2026-03-20,2026-03,Contacted,2,Contacted,2026-08-30,Overdue,20.0,SR05,,No,Open,2,0,2,1,0,4,2026-06-13,98,15,15,6,0,0,10,5,51,Cold
L0519,Willow Solutions,Retail,201-500,3,Gurgaon,Email Campaign,Cloud Services,50.9,False,2026-03-20,2026-03,New,1,Follow-up Required,2026-09-19,Due Today,0.0,SR01,,No,Open,0,0,0,0,0,0,,,10,10,0,0,0,10,0,30,Cold
L0520,Lumina Ventures,Logistics,51-200,2,Mumbai,Referral,Digital Transformation,45.8,False,2026-03-20,2026-03,Meeting,4,Meeting Scheduled,2026-09-24,Upcoming,0.0,SR09,,No,Open,3,2,2,1,1,9,2026-06-05,106,5,5,6,10,12,10,5,53,Cold
L0521,Alpine Global,Healthcare,1-50,1,Hyderabad,Website,Cybersecurity,4.0,False,2026-03-20,2026-03,Contacted,2,Waiting for Response,2026-10-01,Upcoming,0.0,SR07,,No,Open,2,0,1,1,0,4,2026-05-01,141,0,0,6,0,0,10,5,21,Cold
L0522,Yonder Labs,E-commerce,1-50,1,Bengaluru,Cold Calling,Digital Transformation,11.8,False,2026-03-20,2026-03,Contacted,2,Follow-up Required,2026-09-19,Due Today,0.0,SR04,,No,Open,2,0,1,0,0,3,2026-06-04,107,0,5,6,0,0,4,0,15,Cold
L0523,Vertex Retail,Retail,501-1000,4,Mumbai,Referral,Cloud Services,337.0,False,2026-03-21,2026-03,Contacted,2,Not Interested,,No Follow-up Needed,0.0,SR09,,No,Lost,1,0,1,1,0,3,2026-05-17,125,15,15,3,0,0,10,5,48,Cold
L0524,Orbit Ventures,SaaS,51-200,2,Delhi,LinkedIn,Software Development,58.7,False,2026-03-21,2026-03,New,1,Follow-up Required,2026-10-03,Upcoming,0.0,SR01,,No,Open,1,0,0,0,0,1,,,5,10,3,0,0,4,0,22,Cold
L0525,Harbor Ventures,FinTech,201-500,3,Mumbai,Events,Cybersecurity,98.8,False,2026-03-21,2026-03,Qualified,3,Follow-up Required,2026-09-18,Overdue,1.0,SR06,,No,Open,3,0,1,0,0,5,2026-06-17,94,10,10,6,0,0,10,0,36,Cold
L0526,Zeal Networks,FinTech,201-500,3,Bengaluru,Cold Calling,Cybersecurity,132.5,False,2026-03-21,2026-03,Qualified,3,Follow-up Required,2026-09-22,Upcoming,0.0,SR07,,No,Open,3,0,2,0,0,7,2026-06-16,95,10,10,6,0,0,10,0,36,Cold
L0527,Madhav Enterprises,E-commerce,51-200,2,Mumbai,Cold Calling,Cybersecurity,16.2,False,2026-03-21,2026-03,New,1,Follow-up Required,2026-09-24,Upcoming,0.0,SR09,,No,Open,1,0,0,0,0,1,,,5,5,3,0,0,4,0,17,Cold
L0528,Nimbus Softech,Logistics,51-200,2,Unknown,Events,Digital Transformation,47.3,False,2026-03-21,2026-03,Contacted,2,Waiting for Response,2026-09-27,Upcoming,0.0,SR10,,No,Open,0,0,1,0,0,1,2026-04-27,145,5,5,0,0,0,10,0,20,Cold
L0529,Xenon Systems,SaaS,51-200,2,Delhi,Google Search,Cloud Services,50.3,False,2026-03-21,2026-03,Qualified,3,Follow-up Required,2026-09-20,Upcoming,0.0,SR01,,No,Open,1,1,3,1,0,5,2026-06-03,108,5,10,3,5,0,10,5,38,Cold
L0530,Vista Ventures,Education,51-200,2,Unknown,Cold Calling,Software Development,54.6,False,2026-03-22,2026-03,New,1,Follow-up Required,2026-10-05,Upcoming,0.0,SR09,,No,Open,2,0,0,0,0,2,,,5,10,6,0,0,10,0,31,Cold
L0531,Ion Payments,FinTech,501-1000,4,Hyderabad,Cold Calling,Digital Transformation,481.2,False,2026-03-22,2026-03,New,1,Follow-up Required,2026-10-04,Upcoming,0.0,SR04,,No,Open,1,0,0,0,0,1,,,15,15,3,0,0,4,0,37,Cold
L0532,Lumina MedTech,Healthcare,1000+,5,Delhi,Referral,Software Development,2642.8,False,2026-03-22,2026-03,Meeting,4,Follow-up Required,2026-09-28,Upcoming,0.0,SR10,,No,Open,1,2,2,0,2,8,2026-06-13,98,20,20,3,10,20,4,0,77,Warm
L0533,Vista Group,Healthcare,1000+,5,Chennai,Cold Calling,DevOps,1800.7,False,2026-03-22,2026-03,Qualified,3,Meeting Scheduled,2026-09-23,Upcoming,0.0,SR07,,No,Open,3,0,1,0,0,6,2026-05-11,131,20,20,6,0,0,4,0,50,Cold
L0534,Drift Industries,Healthcare,1000+,5,Chennai,Email Campaign,Cybersecurity,1354.0,False,2026-03-22,2026-03,Proposal,5,Not Interested,,No Follow-up Needed,0.0,SR07,1820000,No,Lost,5,1,4,1,2,15,2026-06-04,107,20,20,10,5,20,10,5,90,Hot
L0535,Loop Health,Healthcare,501-1000,4,Delhi,Website,Software Development,519.7,False,2026-03-22,2026-03,Qualified,3,Follow-up Required,2026-09-23,Upcoming,0.0,SR03,,No,Open,1,1,3,3,0,5,2026-06-20,91,15,20,3,5,0,4,10,57,Cold
L0536,Ember Wealth Tech,FinTech,51-200,2,Noida,Referral,DevOps,38.8,False,2026-03-23,2026-03,Meeting,4,Meeting Scheduled,2026-09-22,Upcoming,0.0,SR10,,No,Open,3,2,2,0,2,10,2026-06-20,91,5,5,6,10,20,4,0,50,Cold
L0537,Tundra Payments,FinTech,51-200,2,Delhi,Website,Cloud Services,33.6,False,2026-03-23,2026-03,Meeting,4,Waiting for Response,2026-09-11,Overdue,8.0,SR05,,No,Open,3,0,3,3,1,9,2026-06-05,106,5,5,6,0,12,10,10,48,Cold
L0538,Gravity Pvt Ltd,Manufacturing,1000+,5,Delhi,Email Campaign,Digital Transformation,2071.3,False,2026-03-23,2026-03,Contacted,2,Not Interested,,No Follow-up Needed,0.0,SR01,,No,Lost,2,0,1,1,0,3,2026-05-09,133,20,20,6,0,0,10,5,61,Warm
L0539,Bluepeak Wealth Tech,FinTech,501-1000,4,Chennai,Cold Calling,DevOps,599.9,False,2026-03-23,2026-03,Meeting,4,Waiting for Response,2026-10-07,Upcoming,0.0,SR08,,No,Open,3,1,3,0,0,9,2026-06-10,101,15,20,6,5,0,4,0,50,Cold
L0540,Flux Health,Healthcare,201-500,3,Jaipur,Cold Calling,Cybersecurity,110.5,False,2026-03-23,2026-03,Contacted,2,Waiting for Response,2026-09-01,Overdue,18.0,SR05,,No,Open,0,0,2,1,0,2,2026-03-31,172,10,10,0,0,0,10,5,35,Cold
L0541,Zeal Global,E-commerce,51-200,2,Delhi,LinkedIn,DevOps,13.7,False,2026-03-23,2026-03,Contacted,2,Follow-up Required,2026-10-09,Upcoming,0.0,SR01,,No,Open,1,0,2,1,0,3,2026-05-22,120,5,5,3,0,0,4,5,22,Cold
L0542,Apex Systems,Healthcare,1-50,1,Bengaluru,Cold Calling,Digital Transformation,7.9,False,2026-03-23,2026-03,Contacted,2,Waiting for Response,2026-10-01,Upcoming,0.0,SR08,,No,Open,0,0,1,1,0,2,2026-05-17,125,0,0,0,0,0,10,5,15,Cold
L0543,Astra Brands,Retail,51-200,2,Hyderabad,Cold Calling,Software Development,12.6,False,2026-03-24,2026-03,New,1,Follow-up Required,2026-10-03,Upcoming,0.0,SR07,,No,Open,2,0,0,0,0,2,,,5,5,6,0,0,4,0,20,Cold
L0544,Jade Group,Retail,501-1000,4,Hyderabad,Cold Calling,Cloud Services,410.8,True,2026-03-24,2026-03,Contacted,2,Follow-up Required,2026-09-29,Upcoming,0.0,SR07,,No,Open,2,1,1,0,0,4,2026-05-21,121,15,15,6,5,0,10,0,51,Cold
L0545,Echo Ventures,FinTech,201-500,3,Ahmedabad,Cold Calling,Cybersecurity,154.6,False,2026-03-24,2026-03,New,1,Follow-up Required,2026-09-18,Overdue,1.0,SR02,,No,Open,1,0,0,0,0,1,,,10,10,3,0,0,10,0,33,Cold
L0546,Aurora Engineering,Manufacturing,1-50,1,Delhi,LinkedIn,Digital Transformation,4.5,False,2026-03-24,2026-03,Qualified,3,Waiting for Response,2026-09-14,Overdue,5.0,SR10,,No,Open,2,0,2,2,0,6,2026-05-28,114,0,0,6,0,0,10,10,26,Cold
L0547,Vayu Global,SaaS,501-1000,4,Hyderabad,LinkedIn,Digital Transformation,202.1,False,2026-03-24,2026-03,Contacted,2,Waiting for Response,2026-09-28,Upcoming,0.0,SR04,,No,Open,0,0,1,1,0,2,2026-05-08,134,15,15,0,0,0,4,5,39,Cold
L0548,Umbra Ventures,Manufacturing,1-50,1,Gurgaon,Cold Calling,Digital Transformation,9.7,False,2026-03-24,2026-03,Meeting,4,Not Interested,,No Follow-up Needed,0.0,SR03,,No,Lost,3,0,2,1,1,7,2026-05-12,130,0,0,6,0,12,10,5,33,Cold
L0549,Aryan Industries,E-commerce,201-500,3,Pune,Events,Software Development,144.6,False,2026-03-24,2026-03,New,1,Follow-up Required,2026-09-19,Due Today,0.0,SR06,,No,Open,1,0,0,0,0,1,,,10,10,3,0,0,10,0,33,Cold
L0550,Neptune Global,Healthcare,1000+,5,Ahmedabad,Email Campaign,Software Development,1775.2,True,2026-03-24,2026-03,Contacted,2,Contacted,2026-09-19,Due Today,0.0,SR06,,No,Open,1,1,1,1,0,3,2026-05-08,134,20,20,3,5,0,4,5,57,Cold
L0551,Alpine Systems,E-commerce,51-200,2,Bengaluru,Website,Digital Transformation,55.6,False,2026-03-25,2026-03,New,1,Follow-up Required,2026-09-23,Upcoming,0.0,SR08,,No,Open,0,0,0,0,0,0,,,5,10,0,0,0,4,0,19,Cold
L0552,Vayu Softech,Retail,201-500,3,Bengaluru,Email Campaign,Cloud Services,121.4,True,2026-03-25,2026-03,New,1,Follow-up Required,2026-09-30,Upcoming,0.0,SR04,,No,Open,1,0,0,0,0,1,,,10,10,3,0,0,10,0,33,Cold
L0553,Jolt Cloudware,SaaS,201-500,3,Delhi,LinkedIn,Cloud Services,114.9,False,2026-03-25,2026-03,Won,6,Closed,,No Follow-up Needed,0.0,SR03,1305000,Yes,Won,4,1,3,1,1,12,2026-06-16,95,10,10,10,5,12,10,5,62,Warm
L0554,Titan Solutions,Healthcare,51-200,2,Delhi,Events,Software Development,23.6,False,2026-03-25,2026-03,Contacted,2,Contacted,2026-09-19,Due Today,0.0,SR05,,No,Open,0,0,2,0,0,2,2026-06-12,99,5,5,0,0,0,4,0,14,Cold
L0555,Evergreen Ventures,SaaS,51-200,2,Pune,Google Search,DevOps,52.6,False,2026-03-25,2026-03,Contacted,2,Contacted,2026-09-30,Upcoming,0.0,SR09,,No,Open,0,0,1,0,0,1,2026-04-13,159,5,10,0,0,0,10,0,25,Cold
L0556,Wavelet Industries,Logistics,201-500,3,Pune,Cold Calling,Digital Transformation,47.6,False,2026-03-25,2026-03,Proposal,5,Follow-up Required,2026-08-31,Overdue,19.0,SR02,1175000,No,Open,2,2,2,1,1,10,2026-06-11,100,10,5,6,10,12,10,5,58,Cold
L0557,Zephyr Industries,SaaS,1-50,1,Chennai,Referral,Cloud Services,11.2,False,2026-03-25,2026-03,Won,6,Closed,,No Follow-up Needed,0.0,SR04,270000,Yes,Won,5,1,4,3,3,17,2026-06-02,109,0,5,10,5,20,10,10,60,Warm
L0558,Gravity Softech,Manufacturing,501-1000,4,Delhi,LinkedIn,DevOps,397.7,False,2026-03-25,2026-03,Meeting,4,Meeting Scheduled,2026-09-26,Upcoming,0.0,SR03,,No,Open,1,1,3,2,2,7,2026-06-11,100,15,15,3,5,20,4,10,72,Warm
L0559,Himalaya Systems,Education,201-500,3,Delhi,LinkedIn,DevOps,75.9,False,2026-03-25,2026-03,Meeting,4,Meeting Scheduled,2026-09-27,Upcoming,0.0,SR05,,No,Open,2,1,3,1,0,9,2026-06-11,100,10,10,6,5,0,4,5,40,Cold
L0560,Wisp Networks,FinTech,51-200,2,Chennai,LinkedIn,Digital Transformation,43.5,False,2026-03-25,2026-03,Contacted,2,Waiting for Response,2026-10-06,Upcoming,0.0,SR08,,No,Open,0,0,2,1,0,2,2026-06-16,95,5,5,0,0,0,4,5,19,Cold
L0561,Relay Pvt Ltd,Logistics,1-50,1,Gurgaon,Email Campaign,Digital Transformation,10.1,False,2026-03-25,2026-03,New,1,Follow-up Required,2026-10-10,Upcoming,0.0,SR01,,No,Open,1,0,0,0,0,1,,,0,5,3,0,0,10,0,18,Cold
L0562,Flux Global,Retail,51-200,2,Mumbai,Referral,Digital Transformation,56.4,False,2026-03-26,2026-03,Contacted,2,Follow-up Required,2026-09-19,Due Today,0.0,SR02,,No,Open,2,0,1,0,0,3,2026-04-01,171,5,10,6,0,0,10,0,31,Cold
L0563,Indus Software,SaaS,1-50,1,Pune,Cold Calling,DevOps,5.9,False,2026-03-26,2026-03,New,1,Follow-up Required,2026-09-23,Upcoming,0.0,SR09,,No,Open,0,0,0,0,0,0,,,0,0,0,0,0,10,0,10,Cold
L0564,Nimbus Enterprises,E-commerce,51-200,2,Bengaluru,Events,Software Development,21.2,False,2026-03-26,2026-03,Meeting,4,Waiting for Response,2026-10-03,Upcoming,0.0,SR07,,No,Open,4,2,3,0,2,12,2026-06-22,89,5,5,10,10,20,10,0,60,Warm
L0565,Spark Retail,Retail,51-200,2,Bengaluru,Cold Calling,Software Development,15.8,False,2026-03-26,2026-03,New,1,Follow-up Required,2026-10-02,Upcoming,0.0,SR08,,No,Open,2,0,0,0,0,2,,,5,5,6,0,0,4,0,20,Cold
L0566,Umbra Global,Education,201-500,3,Delhi,Referral,Cybersecurity,123.8,False,2026-03-26,2026-03,Won,6,Closed,,No Follow-up Needed,0.0,SR03,1060000,Yes,Won,5,4,4,1,2,17,2026-06-18,93,10,10,10,10,20,4,5,69,Warm
L0567,Alpine Technologies,Retail,1000+,5,Pune,Email Campaign,Digital Transformation,2303.0,False,2026-03-27,2026-03,New,1,Follow-up Required,2026-09-20,Upcoming,0.0,SR09,,No,Open,1,0,0,0,0,1,,,20,20,3,0,0,10,0,53,Cold
L0568,Umbra Labs,Retail,1-50,1,Mumbai,Website,Digital Transformation,7.1,False,2026-03-27,2026-03,Qualified,3,Follow-up Required,2026-09-06,Overdue,13.0,SR02,,No,Open,2,1,2,0,0,6,2026-06-18,93,0,0,6,5,0,10,0,21,Cold
L0569,Meridian Cargo,Logistics,1000+,5,Ahmedabad,Referral,Cybersecurity,2965.4,False,2026-03-27,2026-03,Meeting,4,Meeting Scheduled,2026-09-25,Upcoming,0.0,SR06,,No,Open,4,2,2,0,1,10,2026-06-25,86,20,20,10,10,12,4,0,76,Warm
L0570,Quantum Cloudware,SaaS,501-1000,4,Noida,Website,Cloud Services,310.7,False,2026-03-27,2026-03,Qualified,3,Not Interested,,No Follow-up Needed,0.0,SR01,,No,Lost,1,1,3,3,0,6,2026-06-18,93,15,15,3,5,0,10,10,58,Cold
L0571,Nimbus Technologies,Education,51-200,2,Unknown,Email Campaign,Cloud Services,22.9,False,2026-03-27,2026-03,New,1,Follow-up Required,2026-09-21,Upcoming,0.0,SR10,,No,Open,1,0,0,0,0,1,,,5,5,3,0,0,4,0,17,Cold
L0572,Ember Networks,FinTech,51-200,2,Delhi,Website,Cybersecurity,23.4,False,2026-03-27,2026-03,Contacted,2,Follow-up Required,2026-09-26,Upcoming,0.0,SR05,,No,Open,2,0,2,1,0,4,2026-06-15,96,5,5,6,0,0,10,5,31,Cold
L0573,Yash Supply Chain,Logistics,1000+,5,Pune,Referral,Digital Transformation,664.5,False,2026-03-27,2026-03,Contacted,2,Not Interested,,No Follow-up Needed,0.0,SR02,,No,Lost,0,0,2,0,0,2,2026-06-10,101,20,20,0,0,0,10,0,50,Cold
L0574,Kestrel Finserv,FinTech,201-500,3,Noida,Cold Calling,Cloud Services,194.3,False,2026-03-27,2026-03,Proposal,5,Waiting for Response,2026-09-24,Upcoming,0.0,SR05,820000,No,Open,4,2,4,2,3,14,2026-06-23,88,10,10,10,10,20,10,10,80,Hot
L0575,Echo Enterprises,Manufacturing,1-50,1,Delhi,Website,Digital Transformation,8.1,True,2026-03-27,2026-03,New,1,Follow-up Required,2026-09-21,Upcoming,0.0,SR10,,No,Open,0,0,0,0,0,0,,,0,0,0,0,0,10,0,10,Cold
L0576,Spark Technologies,Healthcare,501-1000,4,Bengaluru,LinkedIn,Cybersecurity,353.0,False,2026-03-28,2026-03,Qualified,3,Waiting for Response,2026-09-04,Overdue,15.0,SR04,,No,Open,2,2,1,1,0,5,2026-05-19,123,15,15,6,10,0,10,5,61,Warm
L0577,Oasis Solutions,E-commerce,201-500,3,Ahmedabad,Cold Calling,Software Development,192.8,False,2026-03-28,2026-03,Meeting,4,Not Interested,,No Follow-up Needed,0.0,SR02,,No,Lost,3,2,3,1,1,10,2026-06-22,89,10,10,6,10,12,10,5,63,Warm
L0578,Prana Cargo,Logistics,51-200,2,Noida,Cold Calling,Digital Transformation,27.0,False,2026-03-28,2026-03,Contacted,2,Waiting for Response,2026-10-03,Upcoming,0.0,SR01,,No,Open,0,0,2,1,0,2,2026-05-11,131,5,5,0,0,0,10,5,25,Cold
L0579,Cobalt Brands,Retail,201-500,3,Delhi,Cold Calling,Digital Transformation,50.8,False,2026-03-28,2026-03,New,1,Follow-up Required,2026-09-25,Upcoming,0.0,SR03,,No,Open,2,0,0,0,0,2,,,10,10,6,0,0,10,0,36,Cold
L0580,Yonder Global,FinTech,1-50,1,Chennai,Email Campaign,Cybersecurity,6.3,False,2026-03-28,2026-03,Contacted,2,Follow-up Required,2026-09-20,Upcoming,0.0,SR04,,No,Open,0,1,1,1,0,2,2026-05-31,111,0,0,0,5,0,10,5,20,Cold
L0581,Helix Group,Education,1-50,1,Bengaluru,Cold Calling,Digital Transformation,2.4,False,2026-03-28,2026-03,Contacted,2,Contacted,2026-09-19,Due Today,0.0,SR04,,No,Open,0,0,2,0,0,2,2026-06-03,108,0,0,0,0,0,10,0,10,Cold
L0582,Vanguard Softech,Manufacturing,1000+,5,Delhi,Events,Cloud Services,578.1,False,2026-03-28,2026-03,Contacted,2,Contacted,2026-09-14,Overdue,5.0,SR01,,No,Open,0,0,2,1,0,3,2026-05-12,130,20,20,0,0,0,10,5,55,Cold
L0583,Kestrel Commerce,E-commerce,1-50,1,Bengaluru,LinkedIn,Software Development,6.0,False,2026-03-28,2026-03,New,1,Follow-up Required,2026-09-14,Overdue,5.0,SR04,,No,Open,1,0,0,0,0,1,,,0,0,3,0,0,10,0,13,Cold
L0584,Lotus Online,E-commerce,51-200,2,Pune,Google Search,Cloud Services,15.2,False,2026-03-28,2026-03,Meeting,4,Waiting for Response,2026-10-07,Upcoming,0.0,SR09,,No,Open,3,1,2,0,2,8,2026-06-19,92,5,5,6,5,20,10,0,51,Cold
L0585,Pulse MedTech,Healthcare,201-500,3,Mumbai,Email Campaign,Cybersecurity,54.6,False,2026-03-28,2026-03,Meeting,4,Waiting for Response,2026-10-06,Upcoming,0.0,SR09,,No,Open,1,1,3,1,1,6,2026-06-22,89,10,10,3,5,12,10,5,55,Cold
L0586,Sagar Health,Healthcare,201-500,3,Ahmedabad,Email Campaign,Cybersecurity,125.9,False,2026-03-28,2026-03,New,1,Follow-up Required,2026-10-05,Upcoming,0.0,SR09,,No,Open,0,0,0,0,0,0,,,10,10,0,0,0,10,0,30,Cold
L0587,Hive Labs,SaaS,1-50,1,Pune,Cold Calling,Cloud Services,14.6,False,2026-03-29,2026-03,Contacted,2,Contacted,2026-10-02,Upcoming,0.0,SR09,,No,Open,0,1,2,0,0,3,2026-06-04,107,0,5,0,5,0,10,0,20,Cold
L0588,Bolt Global,E-commerce,51-200,2,Jaipur,Cold Calling,Software Development,14.6,False,2026-03-29,2026-03,Contacted,2,Follow-up Required,2026-09-19,Due Today,0.0,SR03,,No,Open,1,0,2,1,0,3,2026-05-03,139,5,5,3,0,0,10,5,28,Cold
L0589,Willow Pvt Ltd,FinTech,51-200,2,Mumbai,Google Search,DevOps,52.0,False,2026-03-29,2026-03,Won,6,Closed,,No Follow-up Needed,0.0,SR02,310000,Yes,Won,4,2,5,1,2,17,2026-06-12,99,5,10,10,10,20,4,5,64,Warm
L0590,Titan Enterprises,Logistics,201-500,3,Bengaluru,Email Campaign,Cybersecurity,109.1,False,2026-03-29,2026-03,New,1,Follow-up Required,2026-10-10,Upcoming,0.0,SR08,,No,Open,2,0,0,0,0,2,,,10,10,6,0,0,4,0,30,Cold
L0591,Helix Global,Logistics,201-500,3,Pune,LinkedIn,Cloud Services,83.5,False,2026-03-29,2026-03,Meeting,4,Not Interested,,No Follow-up Needed,0.0,SR02,,No,Lost,3,2,3,1,1,9,2026-06-21,90,10,10,6,10,12,10,5,63,Warm
L0592,Vivid Cloudware,SaaS,1-50,1,Chennai,Website,DevOps,14.0,False,2026-03-29,2026-03,Qualified,3,Follow-up Required,2026-10-05,Upcoming,0.0,SR04,,No,Open,2,1,2,0,0,5,2026-05-14,128,0,5,6,5,0,10,0,26,Cold
L0593,Pulse Networks,Retail,1-50,1,Mumbai,LinkedIn,Software Development,10.5,False,2026-03-29,2026-03,Contacted,2,Follow-up Required,2026-10-01,Upcoming,0.0,SR02,,No,Open,0,0,2,0,0,3,2026-06-26,85,0,5,0,0,0,4,0,9,Cold
L0594,Crest Components,Manufacturing,1-50,1,Bengaluru,Events,Digital Transformation,8.3,False,2026-03-29,2026-03,Qualified,3,Contacted,2026-09-16,Overdue,3.0,SR08,,No,Open,3,0,1,0,0,5,2026-04-22,150,0,0,6,0,0,10,0,16,Cold
L0595,Zest Systems,Education,51-200,2,Pune,LinkedIn,Cloud Services,45.1,False,2026-03-30,2026-03,Meeting,4,Meeting Scheduled,2026-09-25,Upcoming,0.0,SR02,,No,Open,1,1,2,0,2,7,2026-06-27,84,5,5,3,5,20,4,0,42,Cold
L0596,Horizon Manufacturing,Manufacturing,51-200,2,Bengaluru,Google Search,Software Development,58.2,False,2026-03-30,2026-03,Qualified,3,Not Interested,,No Follow-up Needed,0.0,SR04,,No,Lost,3,1,2,1,0,7,2026-06-14,97,5,10,6,5,0,4,5,35,Cold
L0597,Banyan Softech,Healthcare,201-500,3,Hyderabad,Email Campaign,Digital Transformation,153.5,False,2026-03-30,2026-03,New,1,Follow-up Required,2026-09-28,Upcoming,0.0,SR04,,No,Open,0,0,0,0,0,0,,,10,10,0,0,0,10,0,30,Cold
L0598,Crest Care Systems,Healthcare,501-1000,4,Hyderabad,LinkedIn,Digital Transformation,504.6,False,2026-03-30,2026-03,Qualified,3,Not Interested,,No Follow-up Needed,0.0,SR07,,No,Lost,3,0,3,1,0,8,2026-06-12,99,15,20,6,0,0,10,5,56,Cold
L0599,Gravity Cloudware,SaaS,501-1000,4,Ahmedabad,LinkedIn,Cloud Services,455.1,False,2026-03-30,2026-03,Meeting,4,Waiting for Response,2026-09-23,Upcoming,0.0,SR09,,No,Open,4,1,2,1,1,9,2026-06-13,98,15,15,10,5,12,10,5,72,Warm
L0600,Cedar Technologies,Manufacturing,1-50,1,Gurgaon,Website,Cloud Services,12.0,False,2026-03-30,2026-03,Contacted,2,Follow-up Required,2026-09-13,Overdue,6.0,SR10,,No,Open,0,0,2,0,0,2,2026-05-23,119,0,5,0,0,0,10,0,15,Cold
L0601,Tundra Commerce,E-commerce,51-200,2,Jaipur,LinkedIn,Cybersecurity,19.5,False,2026-03-30,2026-03,Qualified,3,Waiting for Response,2026-09-26,Upcoming,0.0,SR01,,No,Open,0,2,1,0,0,3,2026-06-05,106,5,5,0,10,0,4,0,24,Cold
L0602,Crest Group,Healthcare,201-500,3,Bengaluru,Website,Digital Transformation,162.2,False,2026-03-31,2026-03,Meeting,4,Not Interested,,No Follow-up Needed,0.0,SR04,,No,Lost,2,1,2,0,2,9,2026-06-28,83,10,10,6,5,20,10,0,61,Warm
L0603,Vista Systems,E-commerce,201-500,3,Chennai,Email Campaign,DevOps,124.1,False,2026-03-31,2026-03,Contacted,2,Contacted,2026-09-25,Upcoming,0.0,SR08,,No,Open,2,0,2,1,0,4,2026-05-26,116,10,10,6,0,0,4,5,35,Cold
L0604,Lotus Systems,Education,1-50,1,Mumbai,Cold Calling,Cloud Services,14.2,False,2026-03-31,2026-03,New,1,Follow-up Required,2026-09-23,Upcoming,0.0,SR02,,No,Open,1,0,0,0,0,1,,,0,5,3,0,0,4,0,12,Cold
L0605,Trident Retail,Retail,51-200,2,Mumbai,Cold Calling,DevOps,32.9,False,2026-03-31,2026-03,Contacted,2,Waiting for Response,2026-09-14,Overdue,5.0,SR06,,No,Open,1,1,1,0,0,3,2026-04-03,169,5,5,3,5,0,4,0,22,Cold
L0606,Zeal Group,SaaS,1-50,1,Gurgaon,Google Search,DevOps,12.0,False,2026-03-31,2026-03,New,1,Follow-up Required,2026-10-05,Upcoming,0.0,SR01,,No,Open,0,0,0,0,0,0,,,0,5,0,0,0,10,0,15,Cold
L0607,Uday Pvt Ltd,E-commerce,1000+,5,Bengaluru,LinkedIn,Software Development,1611.9,False,2026-03-31,2026-03,Proposal,5,Closed,,No Follow-up Needed,0.0,SR07,1980000,No,Lost,2,1,2,1,2,10,2026-06-07,104,20,20,6,5,20,10,5,86,Hot
L0608,Vertex Industrial,Manufacturing,501-1000,4,Pune,Events,Cloud Services,484.1,False,2026-03-31,2026-03,New,1,Follow-up Required,2026-10-03,Upcoming,0.0,SR09,,No,Open,1,0,0,0,0,1,,,15,15,3,0,0,10,0,43,Cold
L0609,Gravity Solutions,SaaS,51-200,2,Mumbai,Website,Software Development,49.1,False,2026-03-31,2026-03,Meeting,4,Contacted,2026-10-06,Upcoming,0.0,SR09,,No,Open,1,0,3,2,1,7,2026-05-20,122,5,5,3,0,12,4,10,39,Cold
L0610,Mosaic Diagnostics,Healthcare,51-200,2,Ahmedabad,Email Campaign,Cybersecurity,31.7,False,2026-04-01,2026-04,Meeting,4,Meeting Scheduled,2026-09-25,Upcoming,0.0,SR09,,No,Open,4,2,2,1,2,11,2026-06-17,94,5,5,10,10,20,10,5,65,Warm
L0611,Gravity Systems,FinTech,201-500,3,Delhi,LinkedIn,Cybersecurity,193.5,False,2026-04-01,2026-04,Proposal,5,Not Interested,,No Follow-up Needed,0.0,SR01,905000,No,Lost,2,2,4,3,2,11,2026-06-21,90,10,10,6,10,20,10,10,76,Warm
L0612,Loop Finserv,FinTech,1-50,1,Bengaluru,Google Search,Software Development,11.7,False,2026-04-01,2026-04,Qualified,3,Contacted,2026-09-09,Overdue,10.0,SR07,,No,Open,2,1,2,0,0,6,2026-06-23,88,0,5,6,5,0,4,0,20,Cold
L0613,Flux Mart,Retail,51-200,2,Bengaluru,LinkedIn,Cybersecurity,13.8,False,2026-04-01,2026-04,Won,6,Closed,,No Follow-up Needed,0.0,SR08,760000,Yes,Won,3,1,3,1,3,12,2026-06-09,102,5,5,6,5,20,4,5,50,Cold
L0614,Urban Software,SaaS,201-500,3,Mumbai,Cold Calling,Software Development,57.7,False,2026-04-01,2026-04,Contacted,2,Follow-up Required,2026-09-08,Overdue,11.0,SR09,,No,Open,1,0,2,1,0,3,2026-06-15,96,10,10,3,0,0,4,5,32,Cold
L0615,Neptune Networks,SaaS,1000+,5,Bengaluru,Cold Calling,Software Development,2785.2,False,2026-04-01,2026-04,New,1,Follow-up Required,2026-09-26,Upcoming,0.0,SR04,,No,Open,0,0,0,0,0,0,,,20,20,0,0,0,4,0,44,Cold
L0616,Yash Health,Healthcare,201-500,3,Hyderabad,Google Search,Cybersecurity,178.7,False,2026-04-01,2026-04,Won,6,Closed,,No Follow-up Needed,0.0,SR04,1060000,Yes,Won,3,1,4,1,3,15,2026-06-16,95,10,10,6,5,20,10,5,66,Warm
L0617,Crest Wealth Tech,FinTech,51-200,2,Chennai,Events,Digital Transformation,47.9,False,2026-04-02,2026-04,Contacted,2,Waiting for Response,2026-09-30,Upcoming,0.0,SR04,,No,Open,0,1,1,0,0,2,2026-06-15,96,5,5,0,5,0,4,0,19,Cold
L0618,Rudra Group,E-commerce,201-500,3,Ahmedabad,Email Campaign,DevOps,62.7,False,2026-04-02,2026-04,New,1,Follow-up Required,2026-09-22,Upcoming,0.0,SR09,,No,Open,2,0,0,0,0,2,,,10,10,6,0,0,4,0,30,Cold
L0619,Hive Industries,E-commerce,201-500,3,Jaipur,Events,Cloud Services,182.9,False,2026-04-02,2026-04,New,1,Follow-up Required,2026-09-15,Overdue,4.0,SR10,,No,Open,1,0,0,0,0,1,,,10,10,3,0,0,10,0,33,Cold
L0620,Urban Technologies,Healthcare,201-500,3,Gurgaon,Email Campaign,DevOps,73.9,False,2026-04-02,2026-04,Meeting,4,Meeting Scheduled,2026-09-23,Upcoming,0.0,SR10,,No,Open,2,2,2,0,2,9,2026-06-16,95,10,10,6,10,20,4,0,60,Warm
L0621,Unity Systems,Healthcare,201-500,3,Pune,Website,Software Development,139.8,False,2026-04-02,2026-04,New,1,Follow-up Required,2026-09-26,Upcoming,0.0,SR06,,No,Open,0,0,0,0,0,0,,,10,10,0,0,0,4,0,24,Cold
L0622,Flux Enterprises,Education,1-50,1,Chennai,Website,Digital Transformation,8.1,True,2026-04-03,2026-04,Proposal,5,Waiting for Response,2026-09-25,Upcoming,0.0,SR04,420000,No,Open,3,2,3,0,2,10,2026-06-29,82,0,0,6,10,20,10,0,46,Cold
L0623,Zeal Labs,Education,1000+,5,Pune,LinkedIn,DevOps,2105.3,False,2026-04-03,2026-04,Contacted,2,Waiting for Response,2026-09-25,Upcoming,0.0,SR06,,No,Open,1,1,2,2,0,4,2026-06-25,86,20,20,3,5,0,4,10,62,Warm
L0624,Wavelet Payments,FinTech,1-50,1,Bengaluru,Website,DevOps,7.5,False,2026-04-03,2026-04,Contacted,2,Follow-up Required,2026-09-19,Due Today,0.0,SR08,,No,Open,0,0,2,1,0,2,2026-06-13,98,0,0,0,0,0,4,5,9,Cold
L0625,Mantra Apps,SaaS,1-50,1,Chennai,Cold Calling,DevOps,8.1,True,2026-04-03,2026-04,New,1,Follow-up Required,2026-09-26,Upcoming,0.0,SR04,,No,Open,2,0,0,0,0,2,,,0,0,6,0,0,10,0,16,Cold
L0626,Ekam Technologies,Education,501-1000,4,Hyderabad,Events,Software Development,596.9,False,2026-04-03,2026-04,Proposal,5,Not Interested,,No Follow-up Needed,0.0,SR08,2140000,No,Lost,3,2,4,1,2,12,2026-06-28,83,15,20,6,10,20,10,5,86,Hot
L0627,Wisp Softech,Manufacturing,51-200,2,Mumbai,Email Campaign,Software Development,22.0,False,2026-04-03,2026-04,New,1,Follow-up Required,2026-10-04,Upcoming,0.0,SR09,,No,Open,1,0,0,0,0,1,,,5,5,3,0,0,4,0,17,Cold
L0628,Jade Networks,SaaS,501-1000,4,Delhi,Cold Calling,Cloud Services,410.8,True,2026-04-03,2026-04,New,1,Follow-up Required,2026-09-19,Due Today,0.0,SR05,,No,Open,2,0,0,0,0,2,,,15,15,6,0,0,10,0,46,Cold
L0629,Glide Labs,SaaS,1-50,1,Bengaluru,LinkedIn,Cloud Services,8.1,False,2026-04-03,2026-04,Qualified,3,Not Interested,,No Follow-up Needed,0.0,SR04,,No,Lost,0,0,2,0,0,3,2026-06-07,104,0,0,0,0,0,10,0,10,Cold
L0630,Chakra Technologies,Retail,201-500,3,Hyderabad,Email Campaign,Digital Transformation,79.2,False,2026-04-04,2026-04,New,1,Follow-up Required,2026-10-01,Upcoming,0.0,SR08,,No,Open,1,0,0,0,0,1,,,10,10,3,0,0,10,0,33,Cold
L0631,Garuda Networks,Education,201-500,3,Gurgaon,Website,Digital Transformation,81.6,False,2026-04-04,2026-04,Contacted,2,Follow-up Required,2026-10-01,Upcoming,0.0,SR01,,No,Open,0,0,2,1,0,3,2026-05-30,112,10,10,0,0,0,10,5,35,Cold
L0632,Onyx Ventures,Manufacturing,501-1000,4,Mumbai,Referral,Digital Transformation,333.8,False,2026-04-04,2026-04,New,1,Follow-up Required,2026-09-20,Upcoming,0.0,SR09,,No,Open,0,0,0,0,0,0,,,15,15,0,0,0,10,0,40,Cold
L0633,Horizon Networks,Manufacturing,201-500,3,Bengaluru,Events,Digital Transformation,69.0,False,2026-04-04,2026-04,Qualified,3,Waiting for Response,2026-09-19,Due Today,0.0,SR04,,No,Open,0,1,1,1,0,2,2026-05-27,115,10,10,0,5,0,10,5,40,Cold
L0634,Nimbus Group,E-commerce,51-200,2,Mumbai,Cold Calling,Digital Transformation,49.0,False,2026-04-04,2026-04,Contacted,2,Waiting for Response,2026-09-19,Due Today,0.0,SR09,,No,Open,1,0,2,1,0,4,2026-06-15,96,5,5,3,0,0,4,5,22,Cold
L0635,Prism Cloudware,SaaS,51-200,2,Bengaluru,Referral,Cybersecurity,56.5,False,2026-04-04,2026-04,New,1,Follow-up Required,2026-09-05,Overdue,14.0,SR07,,No,Open,1,0,0,0,0,1,,,5,10,3,0,0,4,0,22,Cold
L0636,Tundra Global,FinTech,1-50,1,Delhi,Referral,Digital Transformation,12.4,False,2026-04-04,2026-04,Contacted,2,Waiting for Response,2026-09-02,Overdue,17.0,SR05,,No,Open,0,0,2,2,0,2,2026-06-08,103,0,5,0,0,0,4,10,19,Cold
L0637,Novus Technologies,Healthcare,1000+,5,Hyderabad,Referral,Digital Transformation,1149.8,False,2026-04-04,2026-04,Proposal,5,Not Interested,,No Follow-up Needed,0.0,SR07,1815000,No,Lost,2,4,3,0,3,12,2026-07-01,80,20,20,6,10,20,10,0,86,Hot
L0638,Bharat Engineering,Manufacturing,1000+,5,Gurgaon,Email Campaign,Digital Transformation,2809.4,False,2026-04-04,2026-04,Qualified,3,Contacted,2026-09-30,Upcoming,0.0,SR05,,No,Open,3,0,3,1,0,7,2026-06-01,110,20,20,6,0,0,10,5,61,Warm
L0639,Vertex Networks,Education,1-50,1,Delhi,LinkedIn,Cybersecurity,14.8,False,2026-04-05,2026-04,New,1,Follow-up Required,2026-08-31,Overdue,19.0,SR03,,No,Open,0,0,0,0,0,0,,,0,5,0,0,0,4,0,9,Cold
L0640,Lumina Capital Tech,FinTech,1000+,5,Bengaluru,Cold Calling,Cybersecurity,2720.4,False,2026-04-05,2026-04,Contacted,2,Follow-up Required,2026-09-25,Upcoming,0.0,SR04,,No,Open,0,1,1,0,0,2,2026-04-16,156,20,20,0,5,0,10,0,55,Cold
L0641,Titan Ventures,FinTech,201-500,3,Delhi,Cold Calling,Software Development,87.0,False,2026-04-05,2026-04,Meeting,4,Waiting for Response,2026-09-06,Overdue,13.0,SR10,,No,Open,4,1,3,3,1,12,2026-07-01,80,10,10,10,5,12,4,10,61,Warm
L0642,Mantra Industries,Manufacturing,1-50,1,Bengaluru,Email Campaign,DevOps,11.3,False,2026-04-05,2026-04,Qualified,3,Contacted,2026-09-15,Overdue,4.0,SR07,,No,Open,2,2,1,0,0,5,2026-07-01,80,0,5,6,10,0,4,0,25,Cold
L0643,Echo Software,SaaS,1-50,1,Gurgaon,Email Campaign,Cybersecurity,13.9,False,2026-04-05,2026-04,New,1,Follow-up Required,2026-09-27,Upcoming,0.0,SR10,,No,Open,1,0,0,0,0,1,,,0,5,3,0,0,4,0,12,Cold
L0644,Paragon Cargo,Logistics,1000+,5,Delhi,Email Campaign,Digital Transformation,1148.1,False,2026-04-05,2026-04,New,1,Follow-up Required,2026-09-25,Upcoming,0.0,SR10,,No,Open,0,0,0,0,0,0,,,20,20,0,0,0,10,0,50,Cold
L0645,Banyan Solutions,FinTech,51-200,2,Bengaluru,LinkedIn,Digital Transformation,32.6,False,2026-04-05,2026-04,Contacted,2,Not Interested,,No Follow-up Needed,0.0,SR08,,No,Lost,2,0,2,2,0,4,2026-06-01,110,5,5,6,0,0,4,10,30,Cold
L0646,Quest Software,SaaS,201-500,3,Delhi,Google Search,Cloud Services,106.9,False,2026-04-05,2026-04,Meeting,4,Waiting for Response,2026-10-10,Upcoming,0.0,SR03,,No,Open,1,1,2,0,1,6,2026-06-24,87,10,10,3,5,12,10,0,50,Cold
L0647,Solace Ventures,E-commerce,51-200,2,Delhi,Referral,Cloud Services,27.8,False,2026-04-06,2026-04,Meeting,4,Not Interested,,No Follow-up Needed,0.0,SR05,,No,Lost,2,2,2,1,1,9,2026-05-28,114,5,5,6,10,12,10,5,53,Cold
L0648,Novus Ventures,Logistics,1-50,1,Mumbai,Referral,Digital Transformation,4.1,False,2026-04-06,2026-04,Contacted,2,Waiting for Response,2026-10-06,Upcoming,0.0,SR06,,No,Open,0,0,1,0,0,2,2026-04-21,151,0,0,0,0,0,10,0,10,Cold
L0649,Delta Capital Tech,FinTech,501-1000,4,Chennai,Cold Calling,Cloud Services,506.5,False,2026-04-06,2026-04,Contacted,2,Contacted,2026-09-22,Upcoming,0.0,SR08,,No,Open,0,1,2,0,0,3,2026-06-22,89,15,20,0,5,0,10,0,50,Cold
L0650,Umbra Industrial,Manufacturing,501-1000,4,Gurgaon,Cold Calling,Cloud Services,410.8,True,2026-04-06,2026-04,Contacted,2,Waiting for Response,2026-10-06,Upcoming,0.0,SR05,,No,Open,0,1,2,1,0,3,2026-07-04,77,15,15,0,5,0,10,5,50,Cold
L0651,Nimbus Care Systems,Healthcare,201-500,3,Delhi,LinkedIn,Cybersecurity,137.2,False,2026-04-06,2026-04,Contacted,2,Follow-up Required,2026-10-06,Upcoming,0.0,SR01,,No,Open,0,0,1,0,0,1,2026-04-27,145,10,10,0,0,0,10,0,30,Cold
L0652,Kinetic Ventures,E-commerce,1-50,1,Delhi,Email Campaign,Software Development,14.3,False,2026-04-06,2026-04,Contacted,2,Not Interested,,No Follow-up Needed,0.0,SR10,,No,Lost,0,0,2,0,0,2,2026-06-21,90,0,5,0,0,0,10,0,15,Cold
L0653,Ekam Industries,FinTech,1000+,5,Delhi,Website,Digital Transformation,915.7,False,2026-04-06,2026-04,Won,6,Closed,,No Follow-up Needed,0.0,SR01,1860000,Yes,Won,6,4,3,2,3,17,2026-06-25,86,20,20,10,10,20,4,10,94,Hot
L0654,Aurora Group,Healthcare,201-500,3,Bengaluru,Cold Calling,Cybersecurity,91.4,False,2026-04-06,2026-04,Proposal,5,Waiting for Response,2026-10-08,Upcoming,0.0,SR04,870000,No,Open,3,0,4,1,3,14,2026-06-17,94,10,10,6,0,20,10,5,61,Warm
L0655,Banyan Enterprises,SaaS,1000+,5,Gurgaon,LinkedIn,Cloud Services,1358.1,False,2026-04-06,2026-04,Contacted,2,Follow-up Required,2026-09-08,Overdue,11.0,SR01,,No,Open,1,0,1,0,0,2,2026-04-17,155,20,20,3,0,0,10,0,53,Cold
L0656,Lotus Pvt Ltd,Education,501-1000,4,Delhi,LinkedIn,Cloud Services,404.4,False,2026-04-06,2026-04,New,1,Follow-up Required,2026-09-16,Overdue,3.0,SR05,,No,Open,1,0,0,0,0,1,,,15,15,3,0,0,4,0,37,Cold
L0657,Uday Software,SaaS,51-200,2,Delhi,LinkedIn,Software Development,39.6,False,2026-04-07,2026-04,Contacted,2,Contacted,2026-10-05,Upcoming,0.0,SR03,,No,Open,2,0,2,0,0,5,2026-05-23,119,5,5,6,0,0,4,0,20,Cold
L0658,Dhruv Solutions,Manufacturing,1-50,1,Noida,LinkedIn,Digital Transformation,4.9,False,2026-04-07,2026-04,Qualified,3,Waiting for Response,2026-10-10,Upcoming,0.0,SR10,,No,Open,2,0,3,2,0,7,2026-06-27,84,0,0,6,0,0,10,10,26,Cold
L0659,Paragon Finserv,FinTech,1000+,5,Delhi,LinkedIn,Cybersecurity,760.5,False,2026-04-07,2026-04,Meeting,4,Follow-up Required,2026-10-04,Upcoming,0.0,SR01,,No,Open,3,3,3,1,1,10,2026-06-29,82,20,20,6,10,12,10,5,83,Hot
L0660,Astra Technologies,Retail,51-200,2,Mumbai,Website,Cloud Services,50.0,False,2026-04-07,2026-04,Contacted,2,Follow-up Required,2026-10-08,Upcoming,0.0,SR06,,No,Open,0,1,1,0,0,2,2026-07-06,75,5,10,0,5,0,10,0,30,Cold
L0661,Zest Labs,Education,1-50,1,Bengaluru,Website,Digital Transformation,7.4,False,2026-04-07,2026-04,Contacted,2,Waiting for Response,2026-10-10,Upcoming,0.0,SR08,,No,Open,1,0,2,1,0,3,2026-05-24,118,0,0,3,0,0,10,5,18,Cold
L0662,Kestrel Labs,Healthcare,501-1000,4,Pune,Events,Cybersecurity,306.8,False,2026-04-08,2026-04,Proposal,5,Waiting for Response,2026-09-26,Upcoming,0.0,SR06,1995000,No,Open,5,4,2,0,2,13,2026-07-06,75,15,15,10,10,20,10,0,80,Hot
L0663,Flux Systems,Healthcare,501-1000,4,Bengaluru,Website,Cybersecurity,363.1,False,2026-04-08,2026-04,Contacted,2,Waiting for Response,2026-09-28,Upcoming,0.0,SR07,,No,Open,2,0,1,1,0,3,2026-04-14,158,15,15,6,0,0,10,5,51,Cold
L0664,Mosaic Enterprises,SaaS,1-50,1,Hyderabad,Referral,DevOps,2.4,False,2026-04-08,2026-04,Contacted,2,Contacted,2026-09-20,Upcoming,0.0,SR07,,No,Open,1,0,2,2,0,3,2026-07-03,78,0,0,3,0,0,10,10,23,Cold
L0665,Lakshya Marketplace,E-commerce,1-50,1,Hyderabad,Referral,Cybersecurity,4.5,False,2026-04-08,2026-04,Won,6,Closed,,No Follow-up Needed,0.0,SR07,190000,Yes,Won,4,2,3,1,2,13,2026-06-18,93,0,0,10,10,20,4,5,49,Cold
L0666,Hive Global,Logistics,51-200,2,Bengaluru,Cold Calling,Cybersecurity,20.7,False,2026-04-08,2026-04,Contacted,2,Contacted,2026-10-09,Upcoming,0.0,SR08,,No,Open,1,0,1,1,0,2,2026-06-09,102,5,5,3,0,0,4,5,22,Cold
L0667,Vivid Finserv,FinTech,1-50,1,Hyderabad,Website,Software Development,4.8,False,2026-04-08,2026-04,Contacted,2,Not Interested,,No Follow-up Needed,0.0,SR08,,No,Lost,2,1,2,1,0,5,2026-06-29,82,0,0,6,5,0,4,5,20,Cold
L0668,Orbit Industrial,Manufacturing,51-200,2,Noida,Referral,Cloud Services,48.3,False,2026-04-08,2026-04,Meeting,4,Not Interested,,No Follow-up Needed,0.0,SR10,,No,Lost,1,2,2,0,1,6,2026-06-27,84,5,5,3,10,12,10,0,45,Cold
L0669,Kaveri Manufacturing,Manufacturing,51-200,2,Bengaluru,Email Campaign,Digital Transformation,27.4,False,2026-04-08,2026-04,Contacted,2,Contacted,2026-09-23,Upcoming,0.0,SR07,,No,Open,1,0,2,2,0,4,2026-06-22,89,5,5,3,0,0,10,10,33,Cold
L0670,Yash Mart,Retail,1-50,1,Mumbai,LinkedIn,Cloud Services,6.9,False,2026-04-08,2026-04,New,1,Follow-up Required,2026-09-19,Due Today,0.0,SR06,,No,Open,2,0,0,0,0,2,,,0,0,6,0,0,10,0,16,Cold
L0671,Zest Retail,Retail,51-200,2,Noida,Google Search,Cloud Services,21.3,False,2026-04-08,2026-04,Won,6,Closed,,No Follow-up Needed,0.0,SR03,695000,Yes,Won,6,3,4,1,1,16,2026-07-02,79,5,5,10,10,12,10,5,57,Cold
L0672,Lotus Knowledge,Education,1-50,1,Bengaluru,LinkedIn,Digital Transformation,13.5,False,2026-04-09,2026-04,New,1,Follow-up Required,2026-09-04,Overdue,15.0,SR04,,No,Open,0,0,0,0,0,0,,,0,5,0,0,0,10,0,15,Cold
L0673,Paragon Mart,Retail,51-200,2,Chennai,Referral,Digital Transformation,20.9,False,2026-04-09,2026-04,Qualified,3,Contacted,2026-09-30,Upcoming,0.0,SR04,,No,Open,1,1,3,0,0,6,2026-06-08,103,5,5,3,5,0,10,0,28,Cold
L0674,Mantra Solutions,Healthcare,201-500,3,Bengaluru,Email Campaign,Digital Transformation,60.1,False,2026-04-09,2026-04,Contacted,2,Waiting for Response,2026-09-28,Upcoming,0.0,SR08,,No,Open,0,1,2,1,0,3,2026-07-04,77,10,10,0,5,0,10,5,40,Cold
L0675,Jolt Enterprises,Retail,51-200,2,Jaipur,Cold Calling,Cybersecurity,55.7,False,2026-04-09,2026-04,New,1,Follow-up Required,2026-09-19,Due Today,0.0,SR01,,No,Open,0,0,0,0,0,0,,,5,10,0,0,0,4,0,19,Cold
L0676,Trident Technologies,SaaS,1000+,5,Mumbai,Email Campaign,DevOps,867.0,False,2026-04-09,2026-04,New,1,Follow-up Required,2026-10-08,Upcoming,0.0,SR06,,No,Open,1,0,0,0,0,1,,,20,20,3,0,0,10,0,53,Cold
L0677,Oasis Softech,FinTech,501-1000,4,Delhi,Google Search,Cybersecurity,457.9,False,2026-04-09,2026-04,Meeting,4,Meeting Scheduled,2026-09-21,Upcoming,0.0,SR01,,No,Open,4,2,3,0,1,10,2026-06-16,95,15,15,10,10,12,10,0,72,Warm
L0678,Alpine Diagnostics,Healthcare,501-1000,4,Pune,LinkedIn,Cybersecurity,582.5,False,2026-04-09,2026-04,Won,6,Closed,,No Follow-up Needed,0.0,SR09,1345000,Yes,Won,5,3,5,1,2,18,2026-07-01,80,15,20,10,10,20,10,5,90,Hot
L0679,Kestrel Technologies,SaaS,1-50,1,Jaipur,Email Campaign,Software Development,2.0,False,2026-04-09,2026-04,Qualified,3,Contacted,2026-10-05,Upcoming,0.0,SR10,,No,Open,2,1,1,1,0,5,2026-05-07,135,0,0,6,5,0,4,5,20,Cold
L0680,Wavelet Technologies,SaaS,51-200,2,Gurgaon,Cold Calling,Software Development,45.7,False,2026-04-09,2026-04,New,1,Follow-up Required,2026-10-05,Upcoming,0.0,SR03,,No,Open,1,0,0,0,0,1,,,5,5,3,0,0,4,0,17,Cold
L0681,Hive Technologies,SaaS,51-200,2,Bengaluru,Email Campaign,Cloud Services,25.2,False,2026-04-09,2026-04,Qualified,3,Waiting for Response,2026-10-01,Upcoming,0.0,SR04,,No,Open,2,1,3,0,0,6,2026-06-19,92,5,5,6,5,0,10,0,31,Cold
L0682,Orbit Industries,SaaS,201-500,3,Bengaluru,Cold Calling,DevOps,94.1,False,2026-04-09,2026-04,Meeting,4,Meeting Scheduled,2026-09-20,Upcoming,0.0,SR04,,No,Open,2,1,3,2,2,9,2026-07-07,74,10,10,6,5,20,10,10,71,Warm
L0683,Mantra Pvt Ltd,FinTech,501-1000,4,Mumbai,Website,Digital Transformation,477.5,False,2026-04-09,2026-04,Won,6,Closed,,No Follow-up Needed,0.0,SR06,1240000,Yes,Won,5,1,4,1,1,14,2026-07-05,76,15,15,10,5,12,4,5,66,Warm
L0684,Unity Pvt Ltd,Retail,501-1000,4,Bengaluru,LinkedIn,Cloud Services,322.6,False,2026-04-10,2026-04,Qualified,3,Waiting for Response,2026-08-30,Overdue,20.0,SR04,,No,Open,0,1,1,0,0,2,2026-06-23,88,15,15,0,5,0,10,0,45,Cold
L0685,Alpine Industries,Education,51-200,2,Bengaluru,Email Campaign,Software Development,25.0,False,2026-04-10,2026-04,New,1,Follow-up Required,2026-09-05,Overdue,14.0,SR07,,No,Open,0,0,0,0,0,0,,,5,5,0,0,0,10,0,20,Cold
L0686,Novus Manufacturing,Manufacturing,51-200,2,Mumbai,Google Search,Software Development,46.3,False,2026-04-10,2026-04,Contacted,2,Not Interested,,No Follow-up Needed,0.0,SR09,,No,Lost,0,0,2,0,0,3,2026-06-17,94,5,5,0,0,0,4,0,14,Cold
L0687,Garuda Softech,FinTech,51-200,2,Hyderabad,Cold Calling,Cloud Services,39.1,False,2026-04-10,2026-04,Qualified,3,Meeting Scheduled,2026-09-22,Upcoming,0.0,SR08,,No,Open,1,1,3,0,0,5,2026-06-24,87,5,5,3,5,0,10,0,28,Cold
L0688,Helix Networks,SaaS,51-200,2,Delhi,Email Campaign,Cloud Services,17.5,False,2026-04-10,2026-04,Won,6,Closed,,No Follow-up Needed,0.0,SR05,435000,Yes,Won,4,3,4,1,3,14,2026-07-06,75,5,5,10,10,20,10,5,65,Warm
L0689,Chakra Networks,FinTech,51-200,2,Hyderabad,Cold Calling,Cloud Services,18.1,False,2026-04-10,2026-04,Contacted,2,Not Interested,,No Follow-up Needed,0.0,SR04,,No,Lost,0,0,2,1,0,2,2026-07-04,77,5,5,0,0,0,10,5,25,Cold
L0690,Tundra Ventures,FinTech,51-200,2,Delhi,Email Campaign,Software Development,42.7,False,2026-04-10,2026-04,Qualified,3,Waiting for Response,2026-09-23,Upcoming,0.0,SR01,,No,Open,2,2,2,1,0,6,2026-06-13,98,5,5,6,10,0,4,5,35,Cold
L0691,Quantum Academy Systems,Education,1000+,5,Mumbai,Email Campaign,Cybersecurity,2955.9,False,2026-04-10,2026-04,Contacted,2,Contacted,2026-10-06,Upcoming,0.0,SR09,,No,Open,0,0,2,0,0,3,2026-05-16,126,20,20,0,0,0,4,0,44,Cold
L0692,Thrive Ventures,Healthcare,201-500,3,Bengaluru,Google Search,Digital Transformation,150.5,False,2026-04-10,2026-04,Contacted,2,Follow-up Required,2026-09-27,Upcoming,0.0,SR07,,No,Open,0,1,2,1,0,3,2026-05-21,121,10,10,0,5,0,10,5,40,Cold
L0693,Drift Online,E-commerce,51-200,2,Pune,LinkedIn,DevOps,38.4,False,2026-04-10,2026-04,Qualified,3,Waiting for Response,2026-09-21,Upcoming,0.0,SR06,,No,Open,3,1,1,1,0,6,2026-06-18,93,5,5,6,5,0,4,5,30,Cold
L0694,Unity Global,Healthcare,201-500,3,Chennai,LinkedIn,Cybersecurity,121.4,True,2026-04-10,2026-04,New,1,Follow-up Required,2026-09-20,Upcoming,0.0,SR07,,No,Open,1,0,0,0,0,1,,,10,10,3,0,0,10,0,33,Cold
L0695,Radiant Enterprises,Healthcare,51-200,2,Delhi,Google Search,Digital Transformation,42.1,False,2026-04-10,2026-04,Qualified,3,Follow-up Required,2026-09-28,Upcoming,0.0,SR03,,No,Open,1,1,2,2,0,4,2026-06-22,89,5,5,3,5,0,10,10,38,Cold
L0696,Thrive Labs,Logistics,51-200,2,Hyderabad,Cold Calling,Software Development,57.4,False,2026-04-10,2026-04,Meeting,4,Follow-up Required,2026-09-30,Upcoming,0.0,SR08,,No,Open,3,1,2,1,1,8,2026-07-08,73,5,10,6,5,12,4,5,47,Cold
L0697,Unity Industries,SaaS,1-50,1,Pune,LinkedIn,Cloud Services,14.4,False,2026-04-11,2026-04,Meeting,4,Meeting Scheduled,2026-09-28,Upcoming,0.0,SR06,,No,Open,1,1,2,1,2,6,2026-07-03,78,0,5,3,5,20,10,5,48,Cold
L0698,Lakshya Ventures,Logistics,501-1000,4,Gurgaon,Email Campaign,Cybersecurity,293.8,False,2026-04-11,2026-04,Proposal,5,Follow-up Required,2026-09-19,Due Today,0.0,SR10,1980000,No,Open,5,2,2,1,2,11,2026-06-23,88,15,15,10,10,20,4,5,79,Warm
L0699,Madhav Technologies,Healthcare,201-500,3,Mumbai,Google Search,Digital Transformation,146.2,False,2026-04-11,2026-04,Meeting,4,Meeting Scheduled,2026-09-20,Upcoming,0.0,SR06,,No,Open,2,2,3,1,2,9,2026-06-23,88,10,10,6,10,20,10,5,71,Warm
L0700,Kaveri Enterprises,Manufacturing,51-200,2,Hyderabad,Referral,Digital Transformation,60.0,False,2026-04-11,2026-04,New,1,Follow-up Required,2026-10-10,Upcoming,0.0,SR07,,No,Open,1,0,0,0,0,1,,,5,10,3,0,0,10,0,28,Cold
L0701,Bluepeak Industries,SaaS,1-50,1,Bengaluru,Cold Calling,DevOps,3.6,False,2026-04-11,2026-04,Qualified,3,Follow-up Required,2026-09-29,Upcoming,0.0,SR07,,No,Open,1,1,3,1,0,5,2026-07-07,74,0,0,3,5,0,10,5,23,Cold
L0702,Neptune Group,E-commerce,1-50,1,Mumbai,Events,Digital Transformation,7.5,False,2026-04-11,2026-04,Won,6,Closed,,No Follow-up Needed,0.0,SR09,335000,Yes,Won,4,0,4,2,2,15,2026-07-09,72,0,0,10,0,20,4,10,44,Cold
L0703,Madhav Softech,SaaS,1-50,1,Gurgaon,Referral,DevOps,10.2,False,2026-04-11,2026-04,Contacted,2,Waiting for Response,2026-09-02,Overdue,17.0,SR05,,No,Open,1,0,2,1,0,3,2026-07-05,76,0,5,3,0,0,10,5,23,Cold
L0704,Lumina Knowledge,Education,1-50,1,Unknown,Cold Calling,DevOps,8.6,False,2026-04-12,2026-04,Qualified,3,Follow-up Required,2026-09-20,Upcoming,0.0,SR02,,No,Open,0,1,2,0,0,3,2026-06-14,97,0,0,0,5,0,4,0,9,Cold
L0705,Mosaic Systems,SaaS,1-50,1,Mumbai,Email Campaign,Cybersecurity,10.6,False,2026-04-12,2026-04,New,1,Follow-up Required,2026-09-19,Due Today,0.0,SR02,,No,Open,2,0,0,0,0,2,,,0,5,6,0,0,4,0,15,Cold
L0706,Urban Ventures,Retail,201-500,3,Ahmedabad,Email Campaign,Digital Transformation,123.6,False,2026-04-12,2026-04,Qualified,3,Waiting for Response,2026-09-29,Upcoming,0.0,SR02,,No,Open,2,1,2,0,0,6,2026-07-02,79,10,10,6,5,0,10,0,41,Cold
L0707,Glide Cloudware,SaaS,1-50,1,Hyderabad,LinkedIn,Digital Transformation,4.2,False,2026-04-12,2026-04,Meeting,4,Waiting for Response,2026-09-10,Overdue,9.0,SR08,,No,Open,4,2,2,0,0,11,2026-06-22,89,0,0,10,10,0,4,0,24,Cold
L0708,Crest Payments,FinTech,1-50,1,Bengaluru,Referral,Cloud Services,3.7,False,2026-04-12,2026-04,Meeting,4,Waiting for Response,2026-09-30,Upcoming,0.0,SR08,,No,Open,4,2,3,3,2,12,2026-07-10,71,0,0,10,10,20,10,10,60,Warm
L0709,Horizon Enterprises,FinTech,1-50,1,Bengaluru,LinkedIn,DevOps,3.1,False,2026-04-13,2026-04,Meeting,4,Not Interested,,No Follow-up Needed,0.0,SR08,,No,Lost,3,2,3,1,1,9,2026-07-02,79,0,0,6,10,12,4,5,37,Cold
L0710,Vivid Solutions,Education,501-1000,4,Mumbai,Email Campaign,Digital Transformation,163.9,False,2026-04-13,2026-04,Qualified,3,Contacted,2026-10-09,Upcoming,0.0,SR06,,No,Open,2,0,2,0,0,6,2026-07-06,75,15,10,6,0,0,10,0,41,Cold
L0711,Alpine Labs,Retail,1000+,5,Noida,Events,Cybersecurity,2729.9,False,2026-04-13,2026-04,Qualified,3,Follow-up Required,2026-09-14,Overdue,5.0,SR01,,No,Open,3,0,1,0,0,5,2026-05-12,130,20,20,6,0,0,4,0,50,Cold
L0712,Radiant Technologies,Retail,201-500,3,Bengaluru,Email Campaign,Cybersecurity,70.7,False,2026-04-13,2026-04,Qualified,3,Not Interested,,No Follow-up Needed,0.0,SR08,,No,Lost,1,1,1,0,0,4,2026-07-07,74,10,10,3,5,0,4,0,32,Cold
L0713,Kaveri Global,Retail,51-200,2,Ahmedabad,LinkedIn,Cloud Services,21.0,False,2026-04-13,2026-04,New,1,Follow-up Required,2026-10-10,Upcoming,0.0,SR06,,No,Open,0,0,0,0,0,0,,,5,5,0,0,0,10,0,20,Cold
L0714,Lotus Networks,Manufacturing,501-1000,4,Pune,Referral,Cloud Services,410.8,True,2026-04-13,2026-04,Qualified,3,Waiting for Response,2026-10-09,Upcoming,0.0,SR06,,No,Open,3,1,1,0,0,5,2026-05-24,118,15,15,6,5,0,10,0,51,Cold
L0715,Oasis Apps,SaaS,201-500,3,Mumbai,Email Campaign,Software Development,109.5,False,2026-04-13,2026-04,Proposal,5,Follow-up Required,2026-09-25,Upcoming,0.0,SR09,1145000,No,Open,2,2,4,2,3,11,2026-07-04,77,10,10,6,10,20,4,10,70,Warm
L0716,Umbra Industries,Logistics,1-50,1,Mumbai,Referral,Cloud Services,2.1,False,2026-04-13,2026-04,Qualified,3,Not Interested,,No Follow-up Needed,0.0,SR02,,No,Lost,2,1,1,1,0,5,2026-06-18,93,0,0,6,5,0,10,5,26,Cold
L0717,Sagar Payments,FinTech,1-50,1,Delhi,Events,Cybersecurity,11.6,False,2026-04-13,2026-04,New,1,Follow-up Required,2026-09-26,Upcoming,0.0,SR05,,No,Open,2,0,0,0,0,2,,,0,5,6,0,0,10,0,21,Cold
L0718,Sapphire Mart,Retail,201-500,3,Jaipur,LinkedIn,Software Development,93.0,False,2026-04-13,2026-04,Contacted,2,Waiting for Response,2026-10-07,Upcoming,0.0,SR03,,No,Open,2,1,2,1,0,5,2026-06-11,100,10,10,6,5,0,4,5,40,Cold
L0719,Astra Apps,SaaS,1000+,5,Bengaluru,Cold Calling,Digital Transformation,2402.1,False,2026-04-14,2026-04,Contacted,2,Waiting for Response,2026-09-20,Upcoming,0.0,SR08,,No,Open,2,1,2,1,0,5,2026-07-11,70,20,20,6,5,0,4,5,60,Warm
L0720,Wisp Pvt Ltd,Retail,201-500,3,Pune,Cold Calling,Digital Transformation,129.2,False,2026-04-14,2026-04,New,1,Follow-up Required,2026-10-08,Upcoming,0.0,SR06,,No,Open,1,0,0,0,0,1,,,10,10,3,0,0,10,0,33,Cold
L0721,Garuda Ventures,Healthcare,501-1000,4,Hyderabad,Cold Calling,Digital Transformation,319.6,False,2026-04-14,2026-04,New,1,Follow-up Required,2026-09-16,Overdue,3.0,SR08,,No,Open,1,0,0,0,0,1,,,15,15,3,0,0,10,0,43,Cold
L0722,Meridian Components,Manufacturing,1-50,1,Bengaluru,Email Campaign,Digital Transformation,8.1,True,2026-04-14,2026-04,Contacted,2,Follow-up Required,2026-10-08,Upcoming,0.0,SR08,,No,Open,2,0,1,0,0,4,2026-06-25,86,0,0,6,0,0,10,0,16,Cold
L0723,Aryan Ventures,E-commerce,501-1000,4,Chennai,Events,Software Development,547.7,False,2026-04-14,2026-04,Meeting,4,Not Interested,,No Follow-up Needed,0.0,SR04,,No,Lost,2,0,3,0,2,8,2026-07-03,78,15,20,6,0,20,10,0,71,Warm
L0724,Ridge Group,FinTech,1-50,1,Delhi,Website,Cybersecurity,2.4,False,2026-04-15,2026-04,Contacted,2,Contacted,2026-09-03,Overdue,16.0,SR03,,No,Open,2,0,1,0,0,3,2026-07-13,68,0,0,6,0,0,10,0,16,Cold
L0725,Lotus Industries,Healthcare,201-500,3,Ahmedabad,LinkedIn,Digital Transformation,121.2,False,2026-04-15,2026-04,Contacted,2,Contacted,2026-08-30,Overdue,20.0,SR06,,No,Open,2,0,2,0,0,5,2026-07-10,71,10,10,6,0,0,10,0,36,Cold
L0726,Jolt Labs,Manufacturing,201-500,3,Bengaluru,Google Search,Software Development,200.0,False,2026-04-15,2026-04,Won,6,Closed,,No Follow-up Needed,0.0,SR04,1175000,Yes,Won,5,3,3,2,3,15,2026-07-01,80,10,15,10,10,20,4,10,79,Warm
L0727,Prana Health,Healthcare,51-200,2,Mumbai,Referral,Cybersecurity,38.1,False,2026-04-15,2026-04,Proposal,5,Waiting for Response,2026-09-29,Upcoming,0.0,SR02,585000,No,Open,5,3,3,3,1,13,2026-07-14,67,5,5,10,10,12,10,10,62,Warm
L0728,Lakshya Softech,FinTech,201-500,3,Mumbai,LinkedIn,Cybersecurity,121.4,True,2026-04-15,2026-04,Qualified,3,Waiting for Response,2026-09-29,Upcoming,0.0,SR02,,No,Open,3,1,3,1,0,7,2026-07-02,79,10,10,6,5,0,10,5,46,Cold
L0729,Neptune Softech,SaaS,1-50,1,Mumbai,Cold Calling,Digital Transformation,13.8,False,2026-04-15,2026-04,New,1,Follow-up Required,2026-10-08,Upcoming,0.0,SR06,,No,Open,1,0,0,0,0,1,,,0,5,3,0,0,4,0,12,Cold
L0730,Alpine Manufacturing,Manufacturing,51-200,2,Delhi,Email Campaign,Digital Transformation,31.7,False,2026-04-15,2026-04,Contacted,2,Waiting for Response,2026-10-03,Upcoming,0.0,SR05,,No,Open,1,0,1,1,0,2,2026-07-03,78,5,5,3,0,0,10,5,28,Cold
L0731,Wisp Industries,Logistics,201-500,3,Mumbai,LinkedIn,Cybersecurity,173.3,False,2026-04-15,2026-04,Qualified,3,Follow-up Required,2026-09-28,Upcoming,0.0,SR02,,No,Open,3,0,2,2,0,6,2026-07-05,76,10,10,6,0,0,4,10,40,Cold
L0732,Ekam Solutions,E-commerce,1000+,5,Bengaluru,Cold Calling,Software Development,1230.6,False,2026-04-15,2026-04,Qualified,3,Contacted,2026-09-19,Due Today,0.0,SR08,,No,Open,1,1,3,0,0,5,2026-06-10,101,20,20,3,5,0,10,0,58,Cold
L0733,Banyan Global,E-commerce,1-50,1,Hyderabad,Website,Cloud Services,5.4,False,2026-04-15,2026-04,Contacted,2,Not Interested,,No Follow-up Needed,0.0,SR04,,No,Lost,0,1,1,0,0,2,2026-06-27,84,0,0,0,5,0,10,0,15,Cold
L0734,Garuda Solutions,SaaS,201-500,3,Bengaluru,Cold Calling,Cloud Services,134.6,False,2026-04-15,2026-04,New,1,Follow-up Required,2026-09-26,Upcoming,0.0,SR04,,No,Open,0,0,0,0,0,0,,,10,10,0,0,0,10,0,30,Cold
L0735,Relay Group,SaaS,201-500,3,Bengaluru,Email Campaign,Cybersecurity,194.4,False,2026-04-16,2026-04,Contacted,2,Waiting for Response,2026-09-21,Upcoming,0.0,SR07,,No,Open,2,1,1,1,0,4,2026-04-30,142,10,10,6,5,0,4,5,40,Cold
L0736,Ridge Stores,Retail,201-500,3,Chennai,Cold Calling,Digital Transformation,155.1,False,2026-04-16,2026-04,New,1,Follow-up Required,2026-10-02,Upcoming,0.0,SR08,,No,Open,1,0,0,0,0,1,,,10,10,3,0,0,10,0,33,Cold
L0737,Lumina Stores,Retail,1-50,1,Delhi,LinkedIn,Cloud Services,13.8,False,2026-04-16,2026-04,New,1,Follow-up Required,2026-09-19,Due Today,0.0,SR03,,No,Open,1,0,0,0,0,1,,,0,5,3,0,0,10,0,18,Cold
L0738,Dhruv Enterprises,FinTech,1-50,1,Delhi,Cold Calling,Cybersecurity,8.1,True,2026-04-16,2026-04,Contacted,2,Waiting for Response,2026-10-09,Upcoming,0.0,SR03,,No,Open,2,1,2,0,0,5,2026-06-26,85,0,0,6,5,0,10,0,21,Cold
L0739,Aryan Networks,Retail,1-50,1,Bengaluru,Referral,Digital Transformation,8.7,False,2026-04-16,2026-04,Meeting,4,Follow-up Required,2026-09-21,Upcoming,0.0,SR07,,No,Open,2,1,2,1,1,8,2026-07-11,70,0,0,6,5,12,10,5,38,Cold
L0740,Uday Freight,Logistics,51-200,2,Mumbai,Events,Software Development,25.6,False,2026-04-16,2026-04,Qualified,3,Contacted,2026-09-22,Upcoming,0.0,SR06,,No,Open,0,1,2,0,0,3,2026-06-09,102,5,5,0,5,0,4,0,19,Cold
L0741,Willow Global,Retail,51-200,2,Bengaluru,Referral,Software Development,38.2,False,2026-04-16,2026-04,Qualified,3,Waiting for Response,2026-09-30,Upcoming,0.0,SR04,,No,Open,3,0,3,1,0,7,2026-06-26,85,5,5,6,0,0,4,5,25,Cold
L0742,Jade Softech,FinTech,1000+,5,Hyderabad,Cold Calling,Cybersecurity,1994.6,False,2026-04-16,2026-04,New,1,Follow-up Required,2026-09-22,Upcoming,0.0,SR07,,No,Open,1,0,0,0,0,1,,,20,20,3,0,0,10,0,53,Cold
L0743,Himalaya Industries,Healthcare,501-1000,4,Pune,LinkedIn,Cloud Services,436.5,False,2026-04-16,2026-04,Qualified,3,Follow-up Required,2026-09-25,Upcoming,0.0,SR02,,No,Open,2,1,1,0,0,4,2026-07-13,68,15,15,6,5,0,4,0,45,Cold
L0744,Thrive Capital Tech,FinTech,1-50,1,Hyderabad,LinkedIn,Cloud Services,2.1,False,2026-04-16,2026-04,Contacted,2,Follow-up Required,2026-09-08,Overdue,11.0,SR04,,No,Open,1,0,2,0,0,3,2026-07-03,78,0,0,3,0,0,10,0,13,Cold
L0745,Jade Ventures,E-commerce,1000+,5,Bengaluru,Cold Calling,DevOps,1803.3,False,2026-04-16,2026-04,Proposal,5,Not Interested,,No Follow-up Needed,0.0,SR04,1850000,No,Lost,4,1,4,0,2,12,2026-07-09,72,20,20,10,5,20,4,0,79,Warm
L0746,Evergreen Technologies,FinTech,201-500,3,Pune,Website,Cybersecurity,121.4,True,2026-04-16,2026-04,Contacted,2,Waiting for Response,2026-09-20,Upcoming,0.0,SR02,,No,Open,1,1,1,0,0,3,2026-06-27,84,10,10,3,5,0,10,0,38,Cold
L0747,Lotus Care Systems,Healthcare,51-200,2,Hyderabad,LinkedIn,Cybersecurity,34.4,False,2026-04-16,2026-04,Qualified,3,Waiting for Response,2026-09-30,Upcoming,0.0,SR08,,No,Open,0,0,1,1,0,2,2026-06-08,103,5,5,0,0,0,10,5,25,Cold
L0748,Relay Supply Chain,Logistics,1000+,5,Bengaluru,Cold Calling,Software Development,1735.9,False,2026-04-17,2026-04,Contacted,2,Contacted,2026-10-09,Upcoming,0.0,SR04,,No,Open,2,0,1,0,0,3,2026-05-13,129,20,20,6,0,0,4,0,50,Cold
L0749,Himalaya Softech,Healthcare,1-50,1,Delhi,LinkedIn,Cloud Services,4.0,False,2026-04-17,2026-04,Meeting,4,Waiting for Response,2026-09-22,Upcoming,0.0,SR03,,No,Open,3,2,3,0,2,11,2026-06-28,83,0,0,6,10,20,4,0,40,Cold
L0750,Prism Supply Chain,Logistics,201-500,3,Pune,LinkedIn,Software Development,99.8,False,2026-04-17,2026-04,Proposal,5,Not Interested,,No Follow-up Needed,0.0,SR02,665000,No,Lost,4,2,3,2,2,13,2026-07-14,67,10,10,10,10,20,4,10,74,Warm
L0751,Falcon Cloudware,SaaS,1-50,1,Delhi,Events,Cloud Services,12.2,False,2026-04-17,2026-04,Contacted,2,Waiting for Response,2026-09-23,Upcoming,0.0,SR01,,No,Open,1,0,1,0,0,3,2026-07-01,80,0,5,3,0,0,10,0,18,Cold
L0752,Mantra Global,E-commerce,501-1000,4,Delhi,LinkedIn,DevOps,183.8,False,2026-04-17,2026-04,Contacted,2,Contacted,2026-10-03,Upcoming,0.0,SR05,,No,Open,0,1,2,2,0,3,2026-07-01,80,15,10,0,5,0,4,10,44,Cold
L0753,Bharat Labs,FinTech,51-200,2,Chennai,LinkedIn,Cloud Services,49.7,False,2026-04-17,2026-04,New,1,Follow-up Required,2026-09-21,Upcoming,0.0,SR08,,No,Open,0,0,0,0,0,0,,,5,5,0,0,0,10,0,20,Cold
L0754,Bolt Knowledge,Education,201-500,3,Delhi,LinkedIn,Cloud Services,121.4,True,2026-04-17,2026-04,New,1,Follow-up Required,2026-09-19,Due Today,0.0,SR10,,No,Open,0,0,0,0,0,0,,,10,10,0,0,0,4,0,24,Cold
L0755,Thrive Industries,SaaS,201-500,3,Ahmedabad,Events,Software Development,157.5,False,2026-04-17,2026-04,Meeting,4,Contacted,2026-09-04,Overdue,15.0,SR06,,No,Open,2,0,2,1,2,8,2026-07-12,69,10,10,6,0,20,4,5,55,Cold
L0756,Yonder Enterprises,Education,201-500,3,Bengaluru,Cold Calling,Cloud Services,127.7,False,2026-04-18,2026-04,Contacted,2,Waiting for Response,2026-09-30,Upcoming,0.0,SR04,,No,Open,1,0,1,1,0,2,2026-05-13,129,10,10,3,0,0,4,5,32,Cold
L0757,Delta Group,Retail,51-200,2,Bengaluru,Cold Calling,Cloud Services,53.3,False,2026-04-18,2026-04,Contacted,2,Not Interested,,No Follow-up Needed,0.0,SR07,,No,Lost,0,1,2,1,0,3,2026-07-17,64,5,10,0,5,0,10,5,35,Cold
L0758,Titan Pvt Ltd,FinTech,501-1000,4,Hyderabad,Email Campaign,Cloud Services,370.2,False,2026-04-18,2026-04,Proposal,5,Waiting for Response,2026-09-30,Upcoming,0.0,SR08,1615000,No,Open,5,3,4,2,2,15,2026-07-13,68,15,15,10,10,20,10,10,90,Hot
L0759,Sagar Supply Chain,Logistics,201-500,3,Mumbai,Google Search,Digital Transformation,174.8,False,2026-04-18,2026-04,New,1,Follow-up Required,2026-09-20,Upcoming,0.0,SR06,,No,Open,1,0,0,0,0,1,,,10,10,3,0,0,10,0,33,Cold
L0760,Ishaan Wealth Tech,FinTech,201-500,3,Ahmedabad,Referral,Cloud Services,94.0,False,2026-04-18,2026-04,Qualified,3,Meeting Scheduled,2026-09-23,Upcoming,0.0,SR09,,No,Open,0,1,1,1,0,2,2026-06-12,99,10,10,0,5,0,10,5,40,Cold
L0761,Ember Industrial,Manufacturing,51-200,2,Bengaluru,Cold Calling,Software Development,26.4,False,2026-04-18,2026-04,New,1,Follow-up Required,2026-09-17,Overdue,2.0,SR07,,No,Open,0,0,0,0,0,0,,,5,5,0,0,0,4,0,14,Cold
L0762,Zest Logistics,Logistics,1000+,5,Hyderabad,Referral,Cloud Services,1485.0,False,2026-04-18,2026-04,Meeting,4,Not Interested,,No Follow-up Needed,0.0,SR07,,No,Lost,3,2,2,0,2,10,2026-07-16,65,20,20,6,10,20,10,0,86,Hot
L0763,Drift Enterprises,Retail,201-500,3,Mumbai,LinkedIn,Digital Transformation,121.4,False,2026-04-18,2026-04,Qualified,3,Waiting for Response,2026-09-28,Upcoming,0.0,SR02,,No,Open,3,1,3,2,0,7,2026-07-12,69,10,10,6,5,0,10,10,51,Cold
L0764,Meridian Networks,SaaS,51-200,2,Bengaluru,Website,Software Development,30.6,False,2026-04-19,2026-04,Contacted,2,Follow-up Required,2026-09-07,Overdue,12.0,SR04,,No,Open,1,0,1,0,0,3,2026-05-29,113,5,5,3,0,0,4,0,17,Cold
L0765,Yash Softech,SaaS,51-200,2,Chennai,Referral,Cybersecurity,29.5,False,2026-04-19,2026-04,Proposal,5,Closed,,No Follow-up Needed,0.0,SR04,370000,No,Lost,3,1,4,4,2,11,2026-07-11,70,5,5,6,5,20,4,10,55,Cold
L0766,Ekam Finserv,FinTech,1-50,1,Bengaluru,Cold Calling,Cybersecurity,4.9,False,2026-04-19,2026-04,Contacted,2,Waiting for Response,2026-09-19,Due Today,0.0,SR04,,No,Open,0,0,1,0,0,1,2026-07-13,68,0,0,0,0,0,10,0,10,Cold
L0767,Relay Labs,FinTech,201-500,3,Bengaluru,Events,Cybersecurity,70.0,False,2026-04-19,2026-04,Qualified,3,Waiting for Response,2026-09-20,Upcoming,0.0,SR07,,No,Open,0,1,2,0,0,4,2026-07-17,64,10,10,0,5,0,10,0,35,Cold
L0768,Uday Softech,FinTech,1-50,1,Mumbai,LinkedIn,Cybersecurity,11.0,False,2026-04-19,2026-04,Proposal,5,Closed,,No Follow-up Needed,0.0,SR02,365000,No,Lost,4,1,4,0,2,14,2026-07-01,80,0,5,10,5,20,10,0,50,Cold
L0769,Jolt Freight,Logistics,1000+,5,Gurgaon,LinkedIn,Software Development,2733.2,False,2026-04-19,2026-04,Meeting,4,Waiting for Response,2026-09-19,Due Today,0.0,SR05,,No,Open,4,0,3,1,1,10,2026-06-18,93,20,20,10,0,12,4,5,71,Warm
L0770,Kaveri Group,E-commerce,1-50,1,Gurgaon,Email Campaign,Cloud Services,9.5,False,2026-04-19,2026-04,New,1,Follow-up Required,2026-10-05,Upcoming,0.0,SR10,,No,Open,2,0,0,0,0,2,,,0,0,6,0,0,10,0,16,Cold
L0771,Solace Technologies,SaaS,1-50,1,Jaipur,Referral,Cybersecurity,11.7,False,2026-04-19,2026-04,Proposal,5,Closed,,No Follow-up Needed,0.0,SR05,290000,No,Lost,4,1,4,0,2,13,2026-07-14,67,0,5,10,5,20,4,0,44,Cold
L0772,Aryan EdTech,Education,201-500,3,Gurgaon,Cold Calling,Software Development,46.3,False,2026-04-19,2026-04,Contacted,2,Follow-up Required,2026-10-06,Upcoming,0.0,SR05,,No,Open,1,0,2,1,0,3,2026-07-10,71,10,5,3,0,0,10,5,33,Cold
L0773,Willow Softech,FinTech,1-50,1,Bengaluru,Referral,Digital Transformation,5.7,False,2026-04-19,2026-04,Qualified,3,Waiting for Response,2026-09-23,Upcoming,0.0,SR08,,No,Open,2,2,3,2,0,7,2026-06-18,93,0,0,6,10,0,4,10,30,Cold
L0774,Ekam Ventures,FinTech,1-50,1,Delhi,Cold Calling,Cloud Services,11.8,False,2026-04-20,2026-04,Qualified,3,Waiting for Response,2026-10-01,Upcoming,0.0,SR05,,No,Open,2,1,3,1,0,6,2026-07-15,66,0,5,6,5,0,10,5,31,Cold
L0775,Gravity Global,Retail,201-500,3,Delhi,Referral,DevOps,48.4,False,2026-04-20,2026-04,Proposal,5,Not Interested,,No Follow-up Needed,0.0,SR05,560000,No,Lost,5,2,3,1,1,13,2026-07-06,75,10,5,10,10,12,4,5,56,Cold
L0776,Mantra Ventures,Retail,201-500,3,Mumbai,Cold Calling,Software Development,63.7,False,2026-04-20,2026-04,Contacted,2,Contacted,2026-09-24,Upcoming,0.0,SR06,,No,Open,2,0,2,1,0,4,2026-07-19,62,10,10,6,0,0,4,5,35,Cold
L0777,Onyx Technologies,SaaS,201-500,3,Jaipur,Cold Calling,Cloud Services,42.0,False,2026-04-20,2026-04,Meeting,4,Meeting Scheduled,2026-10-02,Upcoming,0.0,SR03,,No,Open,2,1,2,1,1,6,2026-06-11,100,10,5,6,5,12,10,5,53,Cold
L0778,Loop Softech,Healthcare,1-50,1,Mumbai,Cold Calling,Cybersecurity,3.2,False,2026-04-20,2026-04,Contacted,2,Follow-up Required,2026-09-20,Upcoming,0.0,SR06,,No,Open,2,1,2,2,0,5,2026-05-14,128,0,0,6,5,0,10,10,31,Cold
L0779,Chakra Enterprises,FinTech,1-50,1,Gurgaon,Website,Cloud Services,7.6,False,2026-04-20,2026-04,Qualified,3,Contacted,2026-09-28,Upcoming,0.0,SR05,,No,Open,3,2,3,2,0,8,2026-06-29,82,0,0,6,10,0,10,10,36,Cold
L0780,Pinnacle Industries,Manufacturing,1000+,5,Delhi,Referral,DevOps,1934.3,False,2026-04-20,2026-04,Won,6,Closed,,No Follow-up Needed,0.0,SR10,1380000,Yes,Won,6,3,3,1,2,17,2026-07-14,67,20,20,10,10,20,4,5,89,Hot
L0781,Jade Labs,Healthcare,51-200,2,Hyderabad,Email Campaign,Software Development,42.9,False,2026-04-20,2026-04,Qualified,3,Waiting for Response,2026-09-23,Upcoming,0.0,SR04,,No,Open,0,1,1,0,0,3,2026-07-12,69,5,5,0,5,0,4,0,19,Cold
L0782,Wisp Wealth Tech,FinTech,51-200,2,Bengaluru,Referral,Cybersecurity,49.0,False,2026-04-21,2026-04,Meeting,4,Not Interested,,No Follow-up Needed,0.0,SR08,,No,Lost,4,1,3,1,2,11,2026-07-18,63,5,5,10,5,20,10,5,60,Warm
L0783,Falcon Health,Healthcare,1-50,1,Delhi,Google Search,Cybersecurity,4.0,False,2026-04-21,2026-04,Qualified,3,Waiting for Response,2026-09-22,Upcoming,0.0,SR03,,No,Open,3,1,3,1,0,8,2026-07-14,67,0,0,6,5,0,10,5,26,Cold
L0784,Quantum Enterprises,E-commerce,51-200,2,Chennai,Cold Calling,Software Development,57.2,False,2026-04-21,2026-04,Contacted,2,Follow-up Required,2026-09-25,Upcoming,0.0,SR07,,No,Open,2,1,2,1,0,5,2026-07-10,71,5,10,6,5,0,10,5,41,Cold
L0785,Nexora Pvt Ltd,E-commerce,501-1000,4,Hyderabad,Cold Calling,Digital Transformation,442.7,False,2026-04-21,2026-04,Proposal,5,Not Interested,,No Follow-up Needed,0.0,SR07,1205000,No,Lost,5,2,3,3,2,14,2026-07-12,69,15,15,10,10,20,4,10,84,Hot
L0786,Apex Diagnostics,Healthcare,51-200,2,Mumbai,Referral,Cybersecurity,29.6,False,2026-04-21,2026-04,Contacted,2,Contacted,2026-09-27,Upcoming,0.0,SR09,,No,Open,2,1,1,0,0,4,2026-07-20,61,5,5,6,5,0,10,0,31,Cold
L0787,Narmada Ventures,SaaS,1-50,1,Bengaluru,Email Campaign,Cloud Services,6.7,False,2026-04-21,2026-04,Meeting,4,Meeting Scheduled,2026-09-24,Upcoming,0.0,SR04,,No,Open,3,3,2,1,1,9,2026-06-29,82,0,0,6,10,12,10,5,43,Cold
L0788,Bharat EdTech,Education,201-500,3,Bengaluru,Email Campaign,Cloud Services,121.4,True,2026-04-21,2026-04,Qualified,3,Waiting for Response,2026-10-09,Upcoming,0.0,SR07,,No,Open,0,0,2,1,0,3,2026-07-11,70,10,10,0,0,0,4,5,29,Cold
L0789,Novus Cargo,Logistics,501-1000,4,Hyderabad,Email Campaign,Cloud Services,410.8,True,2026-04-21,2026-04,Contacted,2,Follow-up Required,2026-09-25,Upcoming,0.0,SR08,,No,Open,2,0,2,0,0,4,2026-07-03,78,15,15,6,0,0,10,0,46,Cold
L0790,Dhruv Global,Logistics,51-200,2,Bengaluru,LinkedIn,Software Development,32.5,False,2026-04-21,2026-04,Qualified,3,Waiting for Response,2026-09-21,Upcoming,0.0,SR07,,No,Open,0,0,3,2,0,4,2026-07-07,74,5,5,0,0,0,4,10,24,Cold
L0791,Bharat Wealth Tech,FinTech,201-500,3,Bengaluru,Cold Calling,Digital Transformation,103.3,False,2026-04-22,2026-04,Contacted,2,Contacted,2026-10-04,Upcoming,0.0,SR04,,No,Open,1,0,1,0,0,2,2026-05-23,119,10,10,3,0,0,4,0,27,Cold
L0792,Kinetic Global,Healthcare,51-200,2,Delhi,Events,Cloud Services,29.0,False,2026-04-22,2026-04,Qualified,3,Meeting Scheduled,2026-10-03,Upcoming,0.0,SR03,,No,Open,3,1,3,0,0,7,2026-05-27,115,5,5,6,5,0,4,0,25,Cold
L0793,Uday Systems,Healthcare,201-500,3,Ahmedabad,Cold Calling,Software Development,160.2,False,2026-04-22,2026-04,Contacted,2,Follow-up Required,2026-09-21,Upcoming,0.0,SR02,,No,Open,2,0,1,1,0,4,2026-05-14,128,10,10,6,0,0,4,5,35,Cold
L0794,Unity Enterprises,Retail,201-500,3,Unknown,LinkedIn,Cloud Services,197.2,False,2026-04-22,2026-04,Contacted,2,Follow-up Required,2026-09-01,Overdue,18.0,SR01,,No,Open,2,0,1,1,0,3,2026-07-14,67,10,10,6,0,0,10,5,41,Cold
L0795,Hive Commerce,E-commerce,51-200,2,Gurgaon,Website,Digital Transformation,29.5,False,2026-04-22,2026-04,Contacted,2,Contacted,2026-10-07,Upcoming,0.0,SR01,,No,Open,0,0,1,1,0,1,2026-05-16,126,5,5,0,0,0,4,5,19,Cold
L0796,Mosaic Retail,Retail,51-200,2,Delhi,Cold Calling,Digital Transformation,40.4,False,2026-04-23,2026-04,Contacted,2,Follow-up Required,2026-09-17,Overdue,2.0,SR05,,No,Open,0,0,1,0,0,1,2026-05-22,120,5,5,0,0,0,10,0,20,Cold
L0797,Ekam Cargo,Logistics,201-500,3,Ahmedabad,LinkedIn,Digital Transformation,91.3,False,2026-04-23,2026-04,Qualified,3,Follow-up Required,2026-10-08,Upcoming,0.0,SR06,,No,Open,0,0,2,1,0,3,2026-06-20,91,10,10,0,0,0,10,5,35,Cold
L0798,Astra Software,SaaS,1-50,1,Delhi,Email Campaign,Cybersecurity,13.1,False,2026-04-23,2026-04,Contacted,2,Waiting for Response,2026-09-21,Upcoming,0.0,SR03,,No,Open,0,1,1,1,0,2,2026-07-06,75,0,5,0,5,0,4,5,19,Cold
L0799,Evergreen Global,Retail,201-500,3,Delhi,Email Campaign,Cloud Services,53.4,False,2026-04-23,2026-04,Qualified,3,Waiting for Response,2026-10-01,Upcoming,0.0,SR01,,No,Open,3,1,2,1,0,6,2026-07-13,68,10,10,6,5,0,10,5,46,Cold
L0800,Zeal Apps,SaaS,201-500,3,Hyderabad,Email Campaign,Cloud Services,58.7,False,2026-04-23,2026-04,Meeting,4,Waiting for Response,2026-10-04,Upcoming,0.0,SR04,,No,Open,2,1,3,2,1,9,2026-07-22,59,10,10,6,5,12,10,10,63,Warm
L0801,Relay Industries,E-commerce,51-200,2,Hyderabad,LinkedIn,Cloud Services,47.9,False,2026-04-23,2026-04,Won,6,Closed,,No Follow-up Needed,0.0,SR04,570000,Yes,Won,4,3,3,1,2,12,2026-07-14,67,5,5,10,10,20,10,5,65,Warm
L0802,Sagar Global,Retail,1000+,5,Jaipur,LinkedIn,Cybersecurity,2039.0,False,2026-04-23,2026-04,Contacted,2,Contacted,2026-09-29,Upcoming,0.0,SR03,,No,Open,0,0,2,1,0,2,2026-07-15,66,20,20,0,0,0,4,5,49,Cold
L0803,Sagar Industries,FinTech,51-200,2,Bengaluru,Email Campaign,Software Development,28.5,False,2026-04-24,2026-04,New,1,Follow-up Required,2026-10-09,Upcoming,0.0,SR04,,No,Open,1,0,0,0,0,1,,,5,5,3,0,0,4,0,17,Cold
L0804,Cobalt Stores,Retail,501-1000,4,Jaipur,Events,Cloud Services,480.7,False,2026-04-24,2026-04,New,1,Follow-up Required,2026-09-13,Overdue,6.0,SR03,,No,Open,2,0,0,0,0,2,,,15,15,6,0,0,10,0,46,Cold
L0805,Prana Networks,Manufacturing,1-50,1,Pune,Website,Digital Transformation,5.6,False,2026-04-24,2026-04,Contacted,2,Follow-up Required,2026-09-22,Upcoming,0.0,SR09,,No,Open,2,0,2,1,0,4,2026-07-21,60,0,0,6,0,0,10,5,21,Cold
L0806,Evergreen Industries,FinTech,1-50,1,Delhi,LinkedIn,DevOps,13.0,False,2026-04-24,2026-04,Contacted,2,Waiting for Response,2026-10-10,Upcoming,0.0,SR01,,No,Open,0,0,2,2,0,3,2026-07-15,66,0,5,0,0,0,4,10,19,Cold
L0807,Cobalt Cloudware,SaaS,1-50,1,Hyderabad,Google Search,Software Development,2.1,False,2026-04-25,2026-04,New,1,Follow-up Required,2026-09-26,Upcoming,0.0,SR04,,No,Open,2,0,0,0,0,2,,,0,0,6,0,0,4,0,10,Cold
L0808,Prana Industries,Manufacturing,51-200,2,Delhi,Google Search,Digital Transformation,51.4,False,2026-04-25,2026-04,Contacted,2,Waiting for Response,2026-10-01,Upcoming,0.0,SR01,,No,Open,2,1,1,1,0,4,2026-07-01,80,5,10,6,5,0,10,5,41,Cold
L0809,Wisp Solutions,FinTech,51-200,2,Chennai,Email Campaign,DevOps,52.3,False,2026-04-25,2026-04,Qualified,3,Waiting for Response,2026-09-22,Upcoming,0.0,SR04,,No,Open,0,0,1,0,0,2,2026-07-07,74,5,10,0,0,0,4,0,19,Cold
L0810,Lumina Industries,E-commerce,1-50,1,Mumbai,Referral,Digital Transformation,11.2,False,2026-04-25,2026-04,New,1,Follow-up Required,2026-09-26,Upcoming,0.0,SR09,,No,Open,0,0,0,0,0,0,,,0,5,0,0,0,4,0,9,Cold
L0811,Ekam Enterprises,Manufacturing,1000+,5,Hyderabad,Events,Digital Transformation,1212.2,False,2026-04-26,2026-04,Meeting,4,Not Interested,,No Follow-up Needed,0.0,SR08,,No,Lost,4,1,2,1,1,9,2026-07-08,73,20,20,10,5,12,10,5,82,Hot
L0812,Nimbus Online,E-commerce,501-1000,4,Delhi,Events,Software Development,520.9,False,2026-04-26,2026-04,Qualified,3,Waiting for Response,2026-09-15,Overdue,4.0,SR01,,No,Open,1,1,3,1,0,6,2026-06-17,94,15,20,3,5,0,10,5,58,Cold
L0813,Unity Solutions,Healthcare,1-50,1,Delhi,Referral,Software Development,9.8,False,2026-04-26,2026-04,Won,6,Closed,,No Follow-up Needed,0.0,SR01,205000,Yes,Won,5,4,5,1,3,18,2026-07-23,58,0,0,10,10,20,4,5,49,Cold
L0814,Delta Networks,Manufacturing,1-50,1,Chennai,Referral,DevOps,9.9,False,2026-04-26,2026-04,Proposal,5,Waiting for Response,2026-10-02,Upcoming,0.0,SR07,180000,No,Open,3,1,3,1,2,10,2026-07-24,57,0,0,6,5,20,4,5,40,Cold
L0815,Zest MedTech,Healthcare,501-1000,4,Chennai,Google Search,Digital Transformation,173.9,False,2026-04-26,2026-04,Contacted,2,Contacted,2026-09-27,Upcoming,0.0,SR04,,No,Open,1,0,2,2,0,4,2026-07-11,70,15,10,3,0,0,10,10,48,Cold
L0816,Astra Retail,Retail,1000+,5,Jaipur,Events,Cybersecurity,1514.0,False,2026-04-26,2026-04,Proposal,5,Follow-up Required,2026-09-28,Upcoming,0.0,SR05,1830000,No,Open,4,0,4,1,1,12,2026-07-10,71,20,20,10,0,12,4,5,71,Warm
L0817,Astra Cloudware,SaaS,1-50,1,Gurgaon,Referral,Cloud Services,11.6,False,2026-04-26,2026-04,Qualified,3,Follow-up Required,2026-09-19,Due Today,0.0,SR10,,No,Open,2,0,3,1,0,6,2026-07-15,66,0,5,6,0,0,10,5,26,Cold
L0818,Banyan Retail Tech,E-commerce,201-500,3,Mumbai,Cold Calling,Cloud Services,170.1,False,2026-04-26,2026-04,Proposal,5,Not Interested,,No Follow-up Needed,0.0,SR09,700000,No,Lost,3,2,2,0,2,11,2026-07-01,80,10,10,6,10,20,10,0,66,Warm
L0819,Helix Freight,Logistics,1000+,5,Delhi,LinkedIn,Software Development,1846.1,False,2026-04-27,2026-04,New,1,Follow-up Required,2026-08-30,Overdue,20.0,SR05,,No,Open,0,0,0,0,0,0,,,20,20,0,0,0,4,0,44,Cold
L0820,Apex Group,E-commerce,51-200,2,Hyderabad,Cold Calling,Digital Transformation,30.6,False,2026-04-27,2026-04,New,1,Follow-up Required,2026-10-09,Upcoming,0.0,SR07,,No,Open,2,0,0,0,0,2,,,5,5,6,0,0,4,0,20,Cold
L0821,Flux Capital Tech,FinTech,1-50,1,Chennai,Cold Calling,Cloud Services,6.1,False,2026-04-27,2026-04,Qualified,3,Follow-up Required,2026-09-23,Upcoming,0.0,SR07,,No,Open,3,1,2,0,0,6,2026-07-17,64,0,0,6,5,0,10,0,21,Cold
L0822,Pinnacle Mart,Retail,1-50,1,Mumbai,Email Campaign,Digital Transformation,6.8,False,2026-04-27,2026-04,New,1,Follow-up Required,2026-09-22,Upcoming,0.0,SR09,,No,Open,1,0,0,0,0,1,,,0,0,3,0,0,10,0,13,Cold
L0823,Mosaic Ventures,Healthcare,1-50,1,Mumbai,Cold Calling,Digital Transformation,4.7,False,2026-04-27,2026-04,Contacted,2,Follow-up Required,2026-09-22,Upcoming,0.0,SR06,,No,Open,2,0,2,0,0,4,2026-07-16,65,0,0,6,0,0,10,0,16,Cold
L0824,Meridian Capital Tech,FinTech,1-50,1,Bengaluru,Events,Cybersecurity,8.3,False,2026-04-28,2026-04,Qualified,3,Contacted,2026-10-10,Upcoming,0.0,SR08,,No,Open,0,0,2,0,0,3,2026-07-24,57,0,0,0,0,0,10,0,10,Cold
L0825,Lumina Software,SaaS,201-500,3,Mumbai,Events,Cybersecurity,184.2,False,2026-04-28,2026-04,Won,6,Closed,,No Follow-up Needed,0.0,SR02,1385000,Yes,Won,6,5,4,2,2,17,2026-07-22,59,10,10,10,10,20,4,10,74,Warm
L0826,Yonder Freight,Logistics,51-200,2,Chennai,Events,Software Development,13.4,False,2026-04-28,2026-04,Proposal,5,Not Interested,,No Follow-up Needed,0.0,SR04,450000,No,Lost,2,1,3,1,3,10,2026-07-26,55,5,5,6,5,20,4,5,50,Cold
L0827,Yash Stores,Retail,201-500,3,Hyderabad,Cold Calling,Software Development,59.5,False,2026-04-28,2026-04,Contacted,2,Follow-up Required,2026-09-01,Overdue,18.0,SR07,,No,Open,2,0,2,1,0,5,2026-07-16,65,10,10,6,0,0,4,5,35,Cold
L0828,Apex Solutions,Education,1000+,5,Hyderabad,Referral,Cloud Services,2942.0,False,2026-04-28,2026-04,Qualified,3,Follow-up Required,2026-09-17,Overdue,2.0,SR04,,No,Open,1,0,3,2,0,6,2026-07-23,58,20,20,3,0,0,4,10,57,Cold
L0829,Paragon Systems,FinTech,1-50,1,Ahmedabad,Email Campaign,Cybersecurity,5.0,False,2026-04-28,2026-04,New,1,Follow-up Required,2026-10-07,Upcoming,0.0,SR06,,No,Open,1,0,0,0,0,1,,,0,0,3,0,0,10,0,13,Cold
L0830,Prana Industrial,Manufacturing,1-50,1,Jaipur,Email Campaign,Software Development,13.1,False,2026-04-28,2026-04,Qualified,3,Waiting for Response,2026-10-04,Upcoming,0.0,SR03,,No,Open,2,1,2,2,0,6,2026-07-26,55,0,5,6,5,0,4,10,30,Cold
L0831,Vanguard Networks,SaaS,1000+,5,Delhi,Website,Digital Transformation,2737.0,False,2026-04-28,2026-04,New,1,Follow-up Required,2026-10-10,Upcoming,0.0,SR05,,No,Open,2,0,0,0,0,2,,,20,20,6,0,0,4,0,50,Cold
L0832,Zephyr Health,Healthcare,1000+,5,Jaipur,Referral,Digital Transformation,1546.7,False,2026-04-28,2026-04,New,1,Follow-up Required,2026-10-05,Upcoming,0.0,SR03,,No,Open,2,0,0,0,0,2,,,20,20,6,0,0,10,0,56,Cold
L0833,Lotus Technologies,E-commerce,501-1000,4,Bengaluru,Events,Cloud Services,296.1,False,2026-04-29,2026-04,Contacted,2,Waiting for Response,2026-10-05,Upcoming,0.0,SR08,,No,Open,2,0,1,1,0,3,2026-07-23,58,15,15,6,0,0,10,5,51,Cold
L0834,Sapphire Academy Systems,Education,201-500,3,Pune,Email Campaign,DevOps,186.9,False,2026-04-29,2026-04,New,1,Follow-up Required,2026-09-26,Upcoming,0.0,SR06,,No,Open,2,0,0,0,0,2,,,10,10,6,0,0,4,0,30,Cold
L0835,Vanguard Solutions,FinTech,51-200,2,Delhi,LinkedIn,Software Development,28.6,False,2026-04-29,2026-04,Contacted,2,Contacted,2026-09-19,Due Today,0.0,SR05,,No,Open,2,0,1,0,0,3,2026-07-06,75,5,5,6,0,0,4,0,20,Cold
L0836,Summit Industries,Logistics,201-500,3,Bengaluru,Google Search,DevOps,74.3,False,2026-04-29,2026-04,Qualified,3,Contacted,2026-09-21,Upcoming,0.0,SR08,,No,Open,0,1,1,0,0,3,2026-07-11,70,10,10,0,5,0,4,0,29,Cold
L0837,Drift MedTech,Healthcare,201-500,3,Noida,Website,Digital Transformation,72.9,False,2026-04-29,2026-04,New,1,Follow-up Required,2026-09-19,Due Today,0.0,SR03,,No,Open,2,0,0,0,0,2,,,10,10,6,0,0,10,0,36,Cold
L0838,Flux MedTech,Healthcare,201-500,3,Noida,Cold Calling,Cybersecurity,118.6,False,2026-04-29,2026-04,Contacted,2,Not Interested,,No Follow-up Needed,0.0,SR01,,No,Lost,0,0,1,0,0,1,2026-06-22,89,10,10,0,0,0,10,0,30,Cold
L0839,Ishaan Enterprises,Manufacturing,1-50,1,Gurgaon,Cold Calling,Cloud Services,13.4,False,2026-04-29,2026-04,Contacted,2,Contacted,2026-08-30,Overdue,20.0,SR10,,No,Open,2,1,1,0,0,4,2026-06-16,95,0,5,6,5,0,10,0,26,Cold
L0840,Lumina Global,SaaS,1000+,5,Mumbai,LinkedIn,Cloud Services,2978.3,False,2026-04-30,2026-04,Proposal,5,Follow-up Required,2026-10-03,Upcoming,0.0,SR09,2280000,No,Open,4,3,3,2,2,12,2026-07-20,61,20,20,10,10,20,10,10,100,Hot
L0841,Helix Industries,Education,51-200,2,Mumbai,Cold Calling,Cybersecurity,30.2,False,2026-04-30,2026-04,Qualified,3,Not Interested,,No Follow-up Needed,0.0,SR06,,No,Lost,0,0,1,1,0,2,2026-07-12,69,5,5,0,0,0,4,5,19,Cold
L0842,Quest Solutions,SaaS,51-200,2,Delhi,Cold Calling,Cloud Services,15.4,False,2026-04-30,2026-04,New,1,Follow-up Required,2026-09-25,Upcoming,0.0,SR10,,No,Open,1,0,0,0,0,1,,,5,5,3,0,0,10,0,23,Cold
L0843,Cedar Softech,FinTech,51-200,2,Hyderabad,Cold Calling,Cloud Services,36.8,True,2026-04-30,2026-04,Contacted,2,Follow-up Required,2026-09-30,Upcoming,0.0,SR08,,No,Open,1,0,1,0,0,2,2026-06-01,110,5,5,3,0,0,10,0,23,Cold
L0844,Ishaan Brands,Retail,1-50,1,Bengaluru,LinkedIn,Cybersecurity,8.1,True,2026-04-30,2026-04,New,1,Follow-up Required,2026-09-08,Overdue,11.0,SR07,,No,Open,0,0,0,0,0,0,,,0,0,0,0,0,4,0,4,Cold
L0845,Helix Supply Chain,Logistics,1000+,5,Ahmedabad,Cold Calling,DevOps,1942.8,False,2026-04-30,2026-04,New,1,Follow-up Required,2026-10-07,Upcoming,0.0,SR09,,No,Open,0,0,0,0,0,0,,,20,20,0,0,0,4,0,44,Cold
L0846,Mantra Logistics,Logistics,201-500,3,Bengaluru,Cold Calling,Cloud Services,54.3,False,2026-04-30,2026-04,Contacted,2,Waiting for Response,2026-10-08,Upcoming,0.0,SR07,,No,Open,2,1,2,0,0,5,2026-07-01,80,10,10,6,5,0,10,0,41,Cold
L0847,Helix Systems,FinTech,1-50,1,Bengaluru,Cold Calling,Cloud Services,3.7,False,2026-04-30,2026-04,Contacted,2,Waiting for Response,2026-09-19,Due Today,0.0,SR08,,No,Open,1,0,1,0,0,2,2026-07-28,53,0,0,3,0,0,10,0,13,Cold
L0848,Bluepeak Systems,Manufacturing,201-500,3,Pune,LinkedIn,Digital Transformation,73.9,False,2026-04-30,2026-04,Meeting,4,Meeting Scheduled,2026-10-03,Upcoming,0.0,SR02,,No,Open,4,1,3,2,1,11,2026-07-29,52,10,10,10,5,12,10,10,67,Warm
L0849,Lakshya Labs,E-commerce,501-1000,4,Mumbai,Email Campaign,Software Development,423.4,False,2026-05-01,2026-05,New,1,Follow-up Required,2026-09-27,Upcoming,0.0,SR02,,No,Open,2,0,0,0,0,2,,,15,15,6,0,0,10,0,46,Cold
L0850,Ember Group,SaaS,501-1000,4,Delhi,Cold Calling,Cloud Services,477.0,False,2026-05-01,2026-05,Proposal,5,Follow-up Required,2026-09-19,Due Today,0.0,SR01,1200000,No,Open,3,3,4,2,3,13,2026-07-24,57,15,15,6,10,20,10,10,86,Hot
L0851,Gravity Networks,Education,51-200,2,Chennai,Website,Cloud Services,31.2,False,2026-05-01,2026-05,Contacted,2,Follow-up Required,2026-10-01,Upcoming,0.0,SR07,,No,Open,2,0,2,0,0,4,2026-05-20,122,5,5,6,0,0,4,0,20,Cold
L0852,Ishaan Global,Retail,501-1000,4,Mumbai,Google Search,Cybersecurity,511.0,False,2026-05-01,2026-05,Contacted,2,Waiting for Response,2026-10-05,Upcoming,0.0,SR09,,No,Open,1,1,1,0,0,3,2026-07-10,71,15,20,3,5,0,4,0,47,Cold
L0853,Umbra Technologies,Retail,51-200,2,Mumbai,Email Campaign,DevOps,57.4,False,2026-05-01,2026-05,Contacted,2,Follow-up Required,2026-09-19,Due Today,0.0,SR02,,No,Open,1,0,1,1,0,3,2026-05-31,111,5,10,3,0,0,4,5,27,Cold
L0854,Cedar Global,Retail,51-200,2,Pune,Google Search,Cloud Services,56.2,False,2026-05-01,2026-05,Proposal,5,Not Interested,,No Follow-up Needed,0.0,SR09,780000,No,Lost,4,1,4,2,1,13,2026-07-24,57,5,10,10,5,12,10,10,62,Warm
L0855,Echo Apps,SaaS,1-50,1,Delhi,Email Campaign,Cybersecurity,8.1,True,2026-05-02,2026-05,Qualified,3,Not Interested,,No Follow-up Needed,0.0,SR01,,No,Lost,2,0,3,1,0,6,2026-07-13,68,0,0,6,0,0,4,5,15,Cold
L0856,Zenith Ventures,Healthcare,201-500,3,Delhi,Website,Digital Transformation,152.3,False,2026-05-02,2026-05,Proposal,5,Waiting for Response,2026-09-19,Due Today,0.0,SR01,1480000,No,Open,4,2,2,1,3,13,2026-07-29,52,10,10,10,10,20,10,5,75,Warm
L0857,Summit Global,Logistics,1-50,1,Mumbai,LinkedIn,Software Development,8.8,False,2026-05-02,2026-05,Contacted,2,Contacted,2026-10-07,Upcoming,0.0,SR09,,No,Open,2,0,1,0,0,4,2026-06-22,89,0,0,6,0,0,4,0,10,Cold
L0858,Unity Apps,SaaS,501-1000,4,Delhi,LinkedIn,Cybersecurity,313.1,False,2026-05-02,2026-05,Contacted,2,Contacted,2026-10-05,Upcoming,0.0,SR10,,No,Open,2,0,1,0,0,4,2026-05-19,123,15,15,6,0,0,4,0,40,Cold
L0859,Neptune Ventures,Manufacturing,201-500,3,Mumbai,LinkedIn,Digital Transformation,131.9,False,2026-05-02,2026-05,Won,6,Closed,,No Follow-up Needed,0.0,SR06,1350000,Yes,Won,6,1,5,1,2,17,2026-07-22,59,10,10,10,5,20,10,5,70,Warm
L0860,Alpine Group,SaaS,51-200,2,Gurgaon,Cold Calling,DevOps,11.3,False,2026-05-02,2026-05,Meeting,4,Follow-up Required,2026-09-19,Due Today,0.0,SR03,,No,Open,1,1,2,0,2,7,2026-07-15,66,5,5,3,5,20,10,0,48,Cold
L0861,Bharat Ventures,Healthcare,1-50,1,Unknown,LinkedIn,Digital Transformation,3.9,False,2026-05-02,2026-05,Won,6,Closed,,No Follow-up Needed,0.0,SR10,425000,Yes,Won,3,2,4,2,1,14,2026-07-27,54,0,0,6,10,12,10,10,48,Cold
L0862,Vivid Technologies,SaaS,201-500,3,Mumbai,LinkedIn,DevOps,104.6,False,2026-05-02,2026-05,Qualified,3,Follow-up Required,2026-09-21,Upcoming,0.0,SR09,,No,Open,2,1,2,1,0,6,2026-07-10,71,10,10,6,5,0,10,5,46,Cold
L0863,Ember Industries,E-commerce,501-1000,4,Mumbai,Website,Cybersecurity,525.0,False,2026-05-02,2026-05,Qualified,3,Waiting for Response,2026-09-19,Due Today,0.0,SR09,,No,Open,2,0,1,1,0,4,2026-07-07,74,15,20,6,0,0,4,5,50,Cold
L0864,Bharat Softech,FinTech,1-50,1,Chennai,Cold Calling,Cloud Services,11.3,False,2026-05-03,2026-05,Qualified,3,Follow-up Required,2026-09-29,Upcoming,0.0,SR07,,No,Open,3,1,2,1,0,6,2026-07-15,66,0,5,6,5,0,10,5,31,Cold
L0865,Kinetic MedTech,Healthcare,51-200,2,Hyderabad,Cold Calling,Cloud Services,18.0,False,2026-05-03,2026-05,Contacted,2,Waiting for Response,2026-09-19,Due Today,0.0,SR07,,No,Open,0,0,2,1,0,2,2026-06-30,81,5,5,0,0,0,4,5,19,Cold
L0866,Wisp Ventures,E-commerce,201-500,3,Mumbai,Email Campaign,Cloud Services,127.4,False,2026-05-03,2026-05,Contacted,2,Follow-up Required,2026-09-20,Upcoming,0.0,SR09,,No,Open,1,1,1,0,0,3,2026-07-11,70,10,10,3,5,0,10,0,38,Cold
L0867,Flux Stores,Retail,1-50,1,Ahmedabad,Cold Calling,Digital Transformation,11.6,False,2026-05-03,2026-05,New,1,Follow-up Required,2026-09-19,Due Today,0.0,SR06,,No,Open,1,0,0,0,0,1,,,0,5,3,0,0,10,0,18,Cold
L0868,Alpine Apps,SaaS,1-50,1,Bengaluru,Cold Calling,Cybersecurity,13.0,False,2026-05-03,2026-05,Meeting,4,Contacted,2026-09-14,Overdue,5.0,SR04,,No,Open,1,0,2,1,2,7,2026-07-20,61,0,5,3,0,20,4,5,37,Cold
L0869,Dhruv Softech,Healthcare,201-500,3,Delhi,Referral,Digital Transformation,174.9,False,2026-05-03,2026-05,Won,6,Closed,,No Follow-up Needed,0.0,SR10,1505000,Yes,Won,4,2,3,0,2,14,2026-07-20,61,10,10,10,10,20,10,0,70,Warm
L0870,Thrive Retail,Retail,51-200,2,Chennai,LinkedIn,Digital Transformation,11.3,False,2026-05-03,2026-05,Qualified,3,Follow-up Required,2026-10-10,Upcoming,0.0,SR07,,No,Open,1,1,2,1,0,4,2026-07-21,60,5,5,3,5,0,10,5,33,Cold
L0871,Ekam Brands,Retail,501-1000,4,Pune,LinkedIn,Cloud Services,588.4,False,2026-05-03,2026-05,Meeting,4,Meeting Scheduled,2026-09-21,Upcoming,0.0,SR02,,No,Open,1,1,2,0,2,7,2026-07-25,56,15,20,3,5,20,10,0,73,Warm
L0872,Pinnacle Enterprises,SaaS,51-200,2,Hyderabad,LinkedIn,Software Development,14.3,False,2026-05-03,2026-05,Qualified,3,Follow-up Required,2026-09-22,Upcoming,0.0,SR08,,No,Open,2,0,2,2,0,5,2026-05-24,118,5,5,6,0,0,4,10,30,Cold
L0873,Willow Systems,E-commerce,1000+,5,Gurgaon,Email Campaign,DevOps,2183.5,False,2026-05-04,2026-05,Qualified,3,Follow-up Required,2026-09-24,Upcoming,0.0,SR01,,No,Open,3,2,1,1,0,6,2026-06-10,101,20,20,6,10,0,4,5,65,Warm
L0874,Umbra Systems,Education,1000+,5,Bengaluru,Cold Calling,Digital Transformation,2559.8,False,2026-05-05,2026-05,Qualified,3,Meeting Scheduled,2026-09-21,Upcoming,0.0,SR07,,No,Open,0,2,3,1,0,5,2026-07-26,55,20,20,0,10,0,10,5,65,Warm
L0875,Himalaya Solutions,Education,51-200,2,Hyderabad,Referral,Software Development,24.9,False,2026-05-05,2026-05,Won,6,Closed,,No Follow-up Needed,0.0,SR08,490000,Yes,Won,5,2,5,3,0,15,2026-07-21,60,5,5,10,10,0,10,10,50,Cold
L0876,Relay Software,SaaS,501-1000,4,Noida,Website,Software Development,320.0,False,2026-05-05,2026-05,Qualified,3,Not Interested,,No Follow-up Needed,0.0,SR10,,No,Lost,0,1,3,0,0,5,2026-07-26,55,15,15,0,5,0,4,0,39,Cold
L0877,Mosaic Freight,Logistics,201-500,3,Mumbai,Website,Cybersecurity,156.1,False,2026-05-05,2026-05,New,1,Follow-up Required,2026-09-19,Due Today,0.0,SR06,,No,Open,2,0,0,0,0,2,,,10,10,6,0,0,4,0,30,Cold
L0878,Bluepeak Pvt Ltd,SaaS,201-500,3,Hyderabad,Cold Calling,Cloud Services,130.1,False,2026-05-05,2026-05,New,1,Follow-up Required,2026-09-03,Overdue,16.0,SR07,,No,Open,2,0,0,0,0,2,,,10,10,6,0,0,10,0,36,Cold
L0879,Ekam Pvt Ltd,E-commerce,51-200,2,Mumbai,Cold Calling,Cloud Services,31.7,False,2026-05-05,2026-05,Qualified,3,Follow-up Required,2026-09-20,Upcoming,0.0,SR06,,No,Open,0,0,3,1,0,4,2026-07-30,51,5,5,0,0,0,10,5,25,Cold
L0880,Hive Pvt Ltd,E-commerce,51-200,2,Chennai,LinkedIn,Cloud Services,41.9,False,2026-05-05,2026-05,Contacted,2,Follow-up Required,2026-09-29,Upcoming,0.0,SR07,,No,Open,1,1,2,1,0,4,2026-07-01,80,5,5,3,5,0,10,5,33,Cold
L0881,Pinnacle Global,Retail,501-1000,4,Mumbai,Google Search,Digital Transformation,153.5,False,2026-05-05,2026-05,Qualified,3,Contacted,2026-09-05,Overdue,14.0,SR09,,No,Open,0,1,1,0,0,3,2026-07-30,51,15,10,0,5,0,10,0,40,Cold
L0882,Kaveri Labs,FinTech,51-200,2,Pune,Website,Cybersecurity,45.6,False,2026-05-06,2026-05,Meeting,4,Contacted,2026-10-10,Upcoming,0.0,SR06,,No,Open,2,0,3,1,2,8,2026-07-31,50,5,5,6,0,20,10,5,51,Cold
L0883,Urban Enterprises,Manufacturing,201-500,3,Gurgaon,Email Campaign,Digital Transformation,87.9,False,2026-05-06,2026-05,Contacted,2,Not Interested,,No Follow-up Needed,0.0,SR05,,No,Lost,1,0,1,1,0,2,2026-05-22,120,10,10,3,0,0,10,5,38,Cold
L0884,Zephyr Pvt Ltd,Retail,1-50,1,Hyderabad,Website,Software Development,3.9,False,2026-05-06,2026-05,Qualified,3,Follow-up Required,2026-09-26,Upcoming,0.0,SR07,,No,Open,0,1,2,1,0,3,2026-07-15,66,0,0,0,5,0,4,5,14,Cold
L0885,Cobalt Solutions,SaaS,1-50,1,Bengaluru,Email Campaign,Cybersecurity,4.3,False,2026-05-06,2026-05,Meeting,4,Not Interested,,No Follow-up Needed,0.0,SR04,,No,Lost,4,2,3,1,0,10,2026-07-26,55,0,0,10,10,0,4,5,29,Cold
L0886,Bharat Group,Healthcare,51-200,2,Hyderabad,Website,Cloud Services,28.8,False,2026-05-06,2026-05,New,1,Follow-up Required,2026-09-29,Upcoming,0.0,SR04,,No,Open,0,0,0,0,0,0,,,5,5,0,0,0,4,0,14,Cold
L0887,Harbor Retail Tech,E-commerce,1-50,1,Jaipur,Cold Calling,Cloud Services,13.0,False,2026-05-06,2026-05,Contacted,2,Follow-up Required,2026-10-02,Upcoming,0.0,SR03,,No,Open,2,0,1,0,0,3,2026-06-07,104,0,5,6,0,0,10,0,21,Cold
L0888,Vivid Global,SaaS,1-50,1,Bengaluru,Referral,Software Development,4.9,False,2026-05-06,2026-05,Qualified,3,Not Interested,,No Follow-up Needed,0.0,SR08,,No,Lost,1,1,1,0,0,3,2026-07-09,72,0,0,3,5,0,4,0,12,Cold
L0889,Vertex Care Systems,Healthcare,501-1000,4,Delhi,Cold Calling,Cybersecurity,448.0,False,2026-05-07,2026-05,Won,6,Closed,,No Follow-up Needed,0.0,SR05,1960000,Yes,Won,3,2,4,0,2,14,2026-07-27,54,15,15,6,10,20,10,0,76,Warm
L0890,Helix Ventures,E-commerce,1-50,1,Bengaluru,LinkedIn,Cloud Services,14.5,False,2026-05-07,2026-05,Qualified,3,Meeting Scheduled,2026-10-02,Upcoming,0.0,SR07,,No,Open,3,2,3,0,0,8,2026-08-01,49,0,5,6,10,0,10,0,31,Cold
L0891,Quest Finserv,FinTech,51-200,2,Delhi,Website,Cloud Services,29.9,False,2026-05-07,2026-05,Qualified,3,Follow-up Required,2026-09-26,Upcoming,0.0,SR05,,No,Open,2,1,2,2,0,5,2026-07-29,52,5,5,6,5,0,10,10,41,Cold
L0892,Falcon Softech,SaaS,201-500,3,Delhi,Cold Calling,Software Development,121.4,True,2026-05-07,2026-05,New,1,Follow-up Required,2026-09-19,Due Today,0.0,SR03,,No,Open,2,0,0,0,0,2,,,10,10,6,0,0,4,0,30,Cold
L0893,Spark Online,E-commerce,201-500,3,Chennai,Cold Calling,Software Development,108.4,False,2026-05-07,2026-05,Qualified,3,Follow-up Required,2026-09-22,Upcoming,0.0,SR07,,No,Open,3,0,3,2,0,7,2026-07-26,55,10,10,6,0,0,10,10,46,Cold
L0894,Harbor Logistics,Logistics,1-50,1,Delhi,LinkedIn,Digital Transformation,3.7,False,2026-05-07,2026-05,Proposal,5,Waiting for Response,2026-09-10,Overdue,9.0,SR01,325000,No,Open,4,2,3,2,2,11,2026-08-05,45,0,0,10,10,20,10,10,60,Warm
L0895,Alpine Enterprises,FinTech,51-200,2,Chennai,Google Search,Cybersecurity,36.4,False,2026-05-07,2026-05,Qualified,3,Contacted,2026-10-03,Upcoming,0.0,SR07,,No,Open,2,1,3,2,0,6,2026-08-02,48,5,5,6,5,0,10,10,41,Cold
L0896,Urban Freight,Logistics,51-200,2,Chennai,Cold Calling,Cloud Services,49.7,False,2026-05-07,2026-05,New,1,Follow-up Required,2026-09-21,Upcoming,0.0,SR08,,No,Open,0,0,0,0,0,0,,,5,5,0,0,0,10,0,20,Cold
L0897,Wisp Online,E-commerce,1-50,1,Chennai,LinkedIn,Software Development,13.6,False,2026-05-07,2026-05,New,1,Follow-up Required,2026-10-03,Upcoming,0.0,SR04,,No,Open,1,0,0,0,0,1,,,0,5,3,0,0,10,0,18,Cold
L0898,Unity Group,FinTech,51-200,2,Mumbai,LinkedIn,Cloud Services,33.8,False,2026-05-07,2026-05,New,1,Follow-up Required,2026-09-29,Upcoming,0.0,SR09,,No,Open,1,0,0,0,0,1,,,5,5,3,0,0,10,0,23,Cold
L0899,Orbit Retail,Retail,51-200,2,Noida,Website,Cloud Services,45.7,False,2026-05-07,2026-05,New,1,Follow-up Required,2026-09-09,Overdue,10.0,SR03,,No,Open,2,0,0,0,0,2,,,5,5,6,0,0,10,0,26,Cold
L0900,Aurora Industries,Retail,51-200,2,Jaipur,LinkedIn,Software Development,32.9,False,2026-05-07,2026-05,Qualified,3,Follow-up Required,2026-09-26,Upcoming,0.0,SR03,,No,Open,0,2,3,2,0,5,2026-08-05,45,5,5,0,10,0,4,10,34,Cold
L0901,Urban Softech,SaaS,51-200,2,Mumbai,Cold Calling,Software Development,36.8,True,2026-05-08,2026-05,Meeting,4,Contacted,2026-09-23,Upcoming,0.0,SR02,,No,Open,2,1,3,1,0,7,2026-07-24,57,5,5,6,5,0,4,5,30,Cold
L0902,Narmada Stores,Retail,201-500,3,Delhi,Referral,Digital Transformation,188.6,False,2026-05-08,2026-05,Meeting,4,Not Interested,,No Follow-up Needed,0.0,SR01,,No,Lost,4,1,2,0,1,9,2026-07-12,69,10,10,10,5,12,10,0,57,Cold
L0903,Novus Commerce,E-commerce,51-200,2,Delhi,Cold Calling,Software Development,30.5,False,2026-05-08,2026-05,New,1,Follow-up Required,2026-09-30,Upcoming,0.0,SR03,,No,Open,1,0,0,0,0,1,,,5,5,3,0,0,10,0,23,Cold
L0904,Cobalt Industries,Logistics,201-500,3,Unknown,Events,Cloud Services,179.8,False,2026-05-08,2026-05,New,1,Follow-up Required,2026-10-10,Upcoming,0.0,SR05,,No,Open,1,0,0,0,0,1,,,10,10,3,0,0,10,0,33,Cold
L0905,Sapphire Ventures,Education,1000+,5,Pune,LinkedIn,Digital Transformation,1173.0,False,2026-05-08,2026-05,Qualified,3,Follow-up Required,2026-10-03,Upcoming,0.0,SR02,,No,Open,2,1,3,1,0,7,2026-08-05,45,20,20,6,5,0,10,5,66,Warm
L0906,Oasis Pvt Ltd,SaaS,501-1000,4,Delhi,LinkedIn,Cloud Services,591.7,False,2026-05-08,2026-05,New,1,Follow-up Required,2026-09-22,Upcoming,0.0,SR01,,No,Open,1,0,0,0,0,1,,,15,20,3,0,0,10,0,48,Cold
L0907,Pinnacle Payments,FinTech,51-200,2,Pune,Google Search,Cloud Services,57.3,False,2026-05-08,2026-05,Won,6,Closed,,No Follow-up Needed,0.0,SR06,445000,Yes,Won,3,1,4,1,1,13,2026-08-04,46,5,10,6,5,12,10,5,53,Cold
L0908,Quartz Enterprises,Education,1-50,1,Bengaluru,Events,Digital Transformation,2.7,False,2026-05-08,2026-05,Contacted,2,Follow-up Required,2026-10-10,Upcoming,0.0,SR04,,No,Open,1,0,1,1,0,3,2026-06-23,88,0,0,3,0,0,10,5,18,Cold
L0909,Crest Ventures,FinTech,51-200,2,Noida,LinkedIn,Cybersecurity,37.0,False,2026-05-08,2026-05,New,1,Follow-up Required,2026-10-01,Upcoming,0.0,SR10,,No,Open,1,0,0,0,0,1,,,5,5,3,0,0,10,0,23,Cold
L0910,Zenith MedTech,Healthcare,51-200,2,Mumbai,Referral,Software Development,33.8,False,2026-05-08,2026-05,Proposal,5,Not Interested,,No Follow-up Needed,0.0,SR02,660000,No,Lost,4,0,3,1,2,11,2026-07-17,64,5,5,10,0,20,4,5,49,Cold
L0911,Dhruv Industries,Education,1-50,1,Hyderabad,Google Search,Software Development,7.0,False,2026-05-09,2026-05,Meeting,4,Meeting Scheduled,2026-09-23,Upcoming,0.0,SR04,,No,Open,4,1,2,1,1,10,2026-07-14,67,0,0,10,5,12,10,5,42,Cold
L0912,Nexora Softech,Manufacturing,51-200,2,Hyderabad,Cold Calling,Digital Transformation,38.9,False,2026-05-09,2026-05,Contacted,2,Contacted,2026-09-23,Upcoming,0.0,SR07,,No,Open,2,1,1,0,0,4,2026-07-15,66,5,5,6,5,0,10,0,31,Cold
L0913,Ion Technologies,E-commerce,1-50,1,Chennai,Cold Calling,Software Development,8.1,True,2026-05-09,2026-05,Meeting,4,Follow-up Required,2026-09-28,Upcoming,0.0,SR07,,No,Open,3,2,2,2,1,9,2026-07-22,59,0,0,6,10,12,10,10,48,Cold
L0914,Vertex MedTech,Healthcare,201-500,3,Jaipur,Email Campaign,Cloud Services,181.6,False,2026-05-09,2026-05,Contacted,2,Not Interested,,No Follow-up Needed,0.0,SR10,,No,Lost,0,0,2,1,0,3,2026-07-11,70,10,10,0,0,0,4,5,29,Cold
L0915,Vivid Components,Manufacturing,201-500,3,Ahmedabad,Website,DevOps,128.7,False,2026-05-10,2026-05,Proposal,5,Follow-up Required,2026-10-03,Upcoming,0.0,SR09,980000,No,Open,5,0,3,1,3,14,2026-08-06,44,10,10,10,0,20,4,5,59,Cold
L0916,Narmada Marketplace,E-commerce,1-50,1,Mumbai,Cold Calling,Software Development,9.6,False,2026-05-10,2026-05,Contacted,2,Contacted,2026-09-28,Upcoming,0.0,SR06,,No,Open,0,1,1,0,0,2,2026-07-13,68,0,0,0,5,0,10,0,15,Cold
L0917,Summit Ventures,SaaS,201-500,3,Chennai,Events,Software Development,189.8,False,2026-05-10,2026-05,Qualified,3,Follow-up Required,2026-09-07,Overdue,12.0,SR07,,No,Open,1,1,2,1,0,4,2026-08-08,42,10,10,3,5,0,4,5,37,Cold
L0918,Wisp Technologies,SaaS,1-50,1,Pune,Cold Calling,Cloud Services,9.0,False,2026-05-10,2026-05,Contacted,2,Follow-up Required,2026-09-28,Upcoming,0.0,SR09,,No,Open,1,0,2,1,0,3,2026-07-10,71,0,0,3,0,0,10,5,18,Cold
L0919,Kinetic Freight,Logistics,1000+,5,Jaipur,Referral,Cybersecurity,887.1,False,2026-05-10,2026-05,Qualified,3,Waiting for Response,2026-10-01,Upcoming,0.0,SR10,,No,Open,0,0,3,0,0,5,2026-08-05,45,20,20,0,0,0,4,0,44,Cold
L0920,Cedar Group,Manufacturing,51-200,2,Mumbai,Email Campaign,DevOps,10.2,False,2026-05-10,2026-05,New,1,Follow-up Required,2026-09-24,Upcoming,0.0,SR02,,No,Open,2,0,0,0,0,2,,,5,5,6,0,0,4,0,20,Cold
L0921,Sapphire Industries,Manufacturing,51-200,2,Gurgaon,Google Search,Cloud Services,20.2,False,2026-05-10,2026-05,New,1,Follow-up Required,2026-09-14,Overdue,5.0,SR10,,No,Open,2,0,0,0,0,2,,,5,5,6,0,0,10,0,26,Cold
L0922,Apex Technologies,SaaS,201-500,3,Pune,Google Search,Digital Transformation,125.8,False,2026-05-10,2026-05,New,1,Follow-up Required,2026-09-15,Overdue,4.0,SR06,,No,Open,2,0,0,0,0,2,,,10,10,6,0,0,4,0,30,Cold
L0923,Rudra Industries,SaaS,1-50,1,Pune,Events,Cloud Services,8.3,False,2026-05-10,2026-05,Proposal,5,Not Interested,,No Follow-up Needed,0.0,SR09,370000,No,Lost,4,2,2,2,2,12,2026-07-28,53,0,0,10,10,20,10,10,60,Warm
L0924,Prism Pvt Ltd,FinTech,201-500,3,Pune,LinkedIn,Cloud Services,124.1,False,2026-05-10,2026-05,Meeting,4,Contacted,2026-09-25,Upcoming,0.0,SR06,,No,Open,2,3,3,0,1,9,2026-07-31,50,10,10,6,10,12,10,0,58,Cold
L0925,Summit Enterprises,E-commerce,501-1000,4,Pune,Referral,Cloud Services,498.1,False,2026-05-11,2026-05,Qualified,3,Follow-up Required,2026-09-06,Overdue,13.0,SR09,,No,Open,0,1,2,2,0,3,2026-08-03,47,15,15,0,5,0,10,10,55,Cold
L0926,Madhav Finserv,FinTech,501-1000,4,Pune,Referral,Software Development,383.7,False,2026-05-11,2026-05,Meeting,4,Contacted,2026-09-22,Upcoming,0.0,SR06,,No,Open,1,1,3,0,2,8,2026-07-22,59,15,15,3,5,20,4,0,62,Warm
L0927,Chakra Retail Tech,E-commerce,51-200,2,Jaipur,Events,Cloud Services,42.2,False,2026-05-11,2026-05,Meeting,4,Not Interested,,No Follow-up Needed,0.0,SR03,,No,Lost,1,0,2,1,1,7,2026-07-17,64,5,5,3,0,12,10,5,40,Cold
L0928,Garuda Technologies,Retail,51-200,2,Mumbai,Events,Digital Transformation,16.2,False,2026-05-11,2026-05,Qualified,3,Follow-up Required,2026-09-29,Upcoming,0.0,SR02,,No,Open,1,0,3,1,0,5,2026-08-06,44,5,5,3,0,0,10,5,28,Cold
L0929,Harbor Care Systems,Healthcare,201-500,3,Mumbai,Google Search,Cloud Services,65.4,False,2026-05-11,2026-05,New,1,Follow-up Required,2026-09-27,Upcoming,0.0,SR02,,No,Open,0,0,0,0,0,0,,,10,10,0,0,0,4,0,24,Cold
L0930,Prana Labs,Healthcare,501-1000,4,Delhi,Google Search,Digital Transformation,284.6,False,2026-05-12,2026-05,New,1,Follow-up Required,2026-10-04,Upcoming,0.0,SR10,,No,Open,2,0,0,0,0,2,,,15,15,6,0,0,10,0,46,Cold
L0931,Ember Components,Manufacturing,1000+,5,Jaipur,Cold Calling,Digital Transformation,1493.2,False,2026-05-12,2026-05,New,1,Follow-up Required,2026-09-23,Upcoming,0.0,SR05,,No,Open,1,0,0,0,0,1,,,20,20,3,0,0,10,0,53,Cold
L0932,Loop Solutions,Retail,1000+,5,Bengaluru,Website,Digital Transformation,536.5,False,2026-05-12,2026-05,Contacted,2,Follow-up Required,2026-10-10,Upcoming,0.0,SR04,,No,Open,2,0,2,1,0,4,2026-08-03,47,20,20,6,0,0,10,5,61,Warm
L0933,Yash Global,Manufacturing,51-200,2,Hyderabad,LinkedIn,Cybersecurity,26.4,False,2026-05-12,2026-05,Contacted,2,Waiting for Response,2026-09-19,Due Today,0.0,SR04,,No,Open,0,0,2,1,0,2,2026-07-12,69,5,5,0,0,0,4,5,19,Cold
L0934,Lumina Softech,FinTech,1-50,1,Mumbai,Events,Cybersecurity,3.5,False,2026-05-12,2026-05,Proposal,5,Waiting for Response,2026-09-27,Upcoming,0.0,SR06,290000,No,Open,2,2,2,2,3,11,2026-08-05,45,0,0,6,10,20,10,10,56,Cold
L0935,Unity Software,SaaS,201-500,3,Mumbai,Cold Calling,Cybersecurity,122.2,False,2026-05-12,2026-05,Contacted,2,Waiting for Response,2026-10-09,Upcoming,0.0,SR06,,No,Open,2,1,1,0,0,4,2026-06-10,101,10,10,6,5,0,4,0,35,Cold
L0936,Zeal Components,Manufacturing,51-200,2,Delhi,Cold Calling,Digital Transformation,50.6,False,2026-05-12,2026-05,Contacted,2,Waiting for Response,2026-10-01,Upcoming,0.0,SR01,,No,Open,0,0,2,1,0,2,2026-06-08,103,5,10,0,0,0,10,5,30,Cold
L0937,Pulse Ventures,Healthcare,51-200,2,Hyderabad,LinkedIn,Cybersecurity,33.5,False,2026-05-12,2026-05,Won,6,Closed,,No Follow-up Needed,0.0,SR04,630000,Yes,Won,6,0,4,2,2,15,2026-08-09,41,5,5,10,0,20,10,10,60,Warm
L0938,Uday Logistics,Logistics,201-500,3,Bengaluru,Cold Calling,Software Development,124.7,False,2026-05-13,2026-05,Contacted,2,Follow-up Required,2026-09-29,Upcoming,0.0,SR04,,No,Open,0,0,1,0,0,1,2026-08-01,49,10,10,0,0,0,4,0,24,Cold
L0939,Lakshya Brands,Retail,1-50,1,Delhi,Email Campaign,Digital Transformation,13.8,False,2026-05-13,2026-05,New,1,Follow-up Required,2026-10-08,Upcoming,0.0,SR03,,No,Open,2,0,0,0,0,2,,,0,5,6,0,0,10,0,21,Cold
L0940,Evergreen Labs,FinTech,201-500,3,Mumbai,Cold Calling,Cybersecurity,65.4,False,2026-05-13,2026-05,Contacted,2,Contacted,2026-09-23,Upcoming,0.0,SR06,,No,Open,2,0,1,0,0,3,2026-06-14,97,10,10,6,0,0,10,0,36,Cold
L0941,Cobalt Knowledge,Education,1-50,1,Gurgaon,LinkedIn,Cloud Services,8.2,False,2026-05-13,2026-05,New,1,Follow-up Required,2026-09-26,Upcoming,0.0,SR01,,No,Open,1,0,0,0,0,1,,,0,0,3,0,0,4,0,7,Cold
L0942,Delta Solutions,Healthcare,201-500,3,Bengaluru,Events,Cybersecurity,123.0,False,2026-05-13,2026-05,Won,6,Closed,,No Follow-up Needed,0.0,SR07,685000,Yes,Won,4,1,3,2,2,14,2026-08-06,44,10,10,10,5,20,10,10,75,Warm
L0943,Garuda Online,E-commerce,51-200,2,Mumbai,Cold Calling,Digital Transformation,16.6,False,2026-05-14,2026-05,New,1,Follow-up Required,2026-10-09,Upcoming,0.0,SR02,,No,Open,2,0,0,0,0,2,,,5,5,6,0,0,4,0,20,Cold
L0944,Delta Softech,FinTech,1-50,1,Mumbai,LinkedIn,Cloud Services,13.6,False,2026-05-14,2026-05,New,1,Follow-up Required,2026-09-22,Upcoming,0.0,SR06,,No,Open,0,0,0,0,0,0,,,0,5,0,0,0,10,0,15,Cold
L0945,Urban Learning,Education,501-1000,4,Bengaluru,Events,DevOps,205.5,False,2026-05-14,2026-05,Proposal,5,Waiting for Response,2026-10-03,Upcoming,0.0,SR07,1675000,No,Open,5,0,3,1,2,13,2026-07-31,50,15,15,10,0,20,4,5,69,Warm
L0946,Radiant Global,FinTech,51-200,2,Gurgaon,Cold Calling,Cybersecurity,46.3,False,2026-05-14,2026-05,New,1,Follow-up Required,2026-10-08,Upcoming,0.0,SR05,,No,Open,0,0,0,0,0,0,,,5,5,0,0,0,10,0,20,Cold
L0947,Lumina Pvt Ltd,Logistics,51-200,2,Bengaluru,Referral,Digital Transformation,37.5,False,2026-05-14,2026-05,Meeting,4,Not Interested,,No Follow-up Needed,0.0,SR08,,No,Lost,3,2,3,1,2,11,2026-08-05,45,5,5,6,10,20,10,5,61,Warm
L0948,Prana Systems,Education,1-50,1,Mumbai,LinkedIn,Digital Transformation,13.9,False,2026-05-14,2026-05,New,1,Follow-up Required,2026-09-20,Upcoming,0.0,SR06,,No,Open,0,0,0,0,0,0,,,0,5,0,0,0,10,0,15,Cold
L0949,Ion Global,Healthcare,201-500,3,Mumbai,Google Search,Digital Transformation,198.5,False,2026-05-15,2026-05,Contacted,2,Waiting for Response,2026-09-17,Overdue,2.0,SR09,,No,Open,2,0,1,0,0,3,2026-06-20,91,10,10,6,0,0,10,0,36,Cold
L0950,Helix Capital Tech,FinTech,51-200,2,Pune,Events,Cloud Services,11.0,False,2026-05-15,2026-05,New,1,Follow-up Required,2026-10-07,Upcoming,0.0,SR09,,No,Open,1,0,0,0,0,1,,,5,5,3,0,0,10,0,23,Cold
L0951,Zeal Engineering,Manufacturing,1-50,1,Bengaluru,Referral,Digital Transformation,8.0,False,2026-05-15,2026-05,New,1,Follow-up Required,2026-10-03,Upcoming,0.0,SR08,,No,Open,1,0,0,0,0,1,,,0,0,3,0,0,10,0,13,Cold
L0952,Lakshya Commerce,E-commerce,51-200,2,Mumbai,Referral,Digital Transformation,18.9,False,2026-05-15,2026-05,Meeting,4,Meeting Scheduled,2026-09-28,Upcoming,0.0,SR02,,No,Open,1,3,3,1,0,8,2026-08-08,42,5,5,3,10,0,4,5,32,Cold
L0953,Banyan Technologies,SaaS,1000+,5,Pune,Cold Calling,DevOps,2824.3,False,2026-05-15,2026-05,New,1,Follow-up Required,2026-09-27,Upcoming,0.0,SR02,,No,Open,0,0,0,0,0,0,,,20,20,0,0,0,10,0,50,Cold
L0954,Willow Software,SaaS,501-1000,4,Mumbai,LinkedIn,DevOps,535.2,False,2026-05-15,2026-05,Proposal,5,Follow-up Required,2026-09-25,Upcoming,0.0,SR02,1605000,No,Open,4,1,4,1,3,13,2026-08-10,40,15,20,10,5,20,10,5,85,Hot
L0955,Cobalt Networks,SaaS,51-200,2,Delhi,Cold Calling,DevOps,23.6,False,2026-05-15,2026-05,Qualified,3,Follow-up Required,2026-09-15,Overdue,4.0,SR10,,No,Open,3,0,1,0,0,6,2026-06-22,89,5,5,6,0,0,10,0,26,Cold
L0956,Zenith Systems,Healthcare,51-200,2,Mumbai,LinkedIn,DevOps,37.5,False,2026-05-16,2026-05,Proposal,5,Waiting for Response,2026-10-09,Upcoming,0.0,SR02,495000,No,Open,4,1,4,1,1,12,2026-08-07,43,5,5,10,5,12,4,5,46,Cold
L0957,Yash Knowledge,Education,201-500,3,Bengaluru,Cold Calling,Digital Transformation,190.1,False,2026-05-16,2026-05,Contacted,2,Contacted,2026-09-30,Upcoming,0.0,SR04,,No,Open,2,0,2,2,0,4,2026-07-20,61,10,10,6,0,0,10,10,46,Cold
L0958,Ember Pvt Ltd,Logistics,501-1000,4,Delhi,Website,Digital Transformation,547.9,False,2026-05-16,2026-05,Contacted,2,Waiting for Response,2026-10-08,Upcoming,0.0,SR10,,No,Open,1,0,2,0,0,3,2026-08-03,47,15,20,3,0,0,10,0,48,Cold
L0959,Cedar Solutions,E-commerce,201-500,3,Delhi,Website,DevOps,122.2,False,2026-05-16,2026-05,New,1,Follow-up Required,2026-09-29,Upcoming,0.0,SR10,,No,Open,1,0,0,0,0,1,,,10,10,3,0,0,4,0,27,Cold
L0960,Ekam Global,Retail,201-500,3,Hyderabad,Email Campaign,Digital Transformation,121.4,True,2026-05-16,2026-05,New,1,Follow-up Required,2026-09-19,Due Today,0.0,SR07,,No,Open,2,0,0,0,0,2,,,10,10,6,0,0,10,0,36,Cold
L0961,Kinetic Cargo,Logistics,51-200,2,Pune,Cold Calling,Cybersecurity,49.2,False,2026-05-16,2026-05,Contacted,2,Waiting for Response,2026-10-03,Upcoming,0.0,SR09,,No,Open,1,0,1,1,0,3,2026-07-12,69,5,5,3,0,0,4,5,22,Cold
L0962,Lumina Networks,FinTech,1-50,1,Ahmedabad,Cold Calling,DevOps,12.1,False,2026-05-16,2026-05,New,1,Follow-up Required,2026-09-02,Overdue,17.0,SR09,,No,Open,2,0,0,0,0,2,,,0,5,6,0,0,4,0,15,Cold
L0963,Spark Manufacturing,Manufacturing,1-50,1,Unknown,Google Search,Digital Transformation,11.5,False,2026-05-16,2026-05,Contacted,2,Not Interested,,No Follow-up Needed,0.0,SR09,,No,Lost,0,0,1,1,0,1,2026-08-13,37,0,5,0,0,0,10,5,20,Cold
L0964,Onyx Systems,Education,201-500,3,Hyderabad,Email Campaign,Cybersecurity,89.8,False,2026-05-16,2026-05,Qualified,3,Not Interested,,No Follow-up Needed,0.0,SR07,,No,Lost,0,0,1,1,0,2,2026-07-21,60,10,10,0,0,0,4,5,29,Cold
L0965,Vista Enterprises,E-commerce,51-200,2,Mumbai,Cold Calling,Digital Transformation,55.9,False,2026-05-16,2026-05,Qualified,3,Contacted,2026-10-10,Upcoming,0.0,SR02,,No,Open,1,1,2,1,0,4,2026-05-21,121,5,10,3,5,0,4,5,32,Cold
L0966,Zenith Pvt Ltd,Education,201-500,3,Hyderabad,Referral,Software Development,137.1,False,2026-05-17,2026-05,Meeting,4,Contacted,2026-10-03,Upcoming,0.0,SR07,,No,Open,4,2,2,0,2,10,2026-08-14,36,10,10,10,10,20,10,0,70,Warm
L0967,Pinnacle Ventures,Education,1-50,1,Bengaluru,Cold Calling,Digital Transformation,12.9,False,2026-05-17,2026-05,Contacted,2,Waiting for Response,2026-09-28,Upcoming,0.0,SR07,,No,Open,2,1,2,1,0,5,2026-07-24,57,0,5,6,5,0,10,5,31,Cold
L0968,Vayu Networks,Healthcare,1-50,1,Hyderabad,Events,Cybersecurity,10.3,False,2026-05-17,2026-05,Contacted,2,Follow-up Required,2026-10-05,Upcoming,0.0,SR07,,No,Open,1,0,2,1,0,3,2026-07-07,74,0,5,3,0,0,10,5,23,Cold
L0969,Jade Technologies,Healthcare,201-500,3,Bengaluru,Cold Calling,Software Development,41.0,False,2026-05-17,2026-05,Qualified,3,Not Interested,,No Follow-up Needed,0.0,SR08,,No,Lost,0,2,2,0,0,4,2026-07-16,65,10,5,0,10,0,4,0,29,Cold
L0970,Nexora Networks,SaaS,501-1000,4,Mumbai,Website,Cloud Services,520.4,False,2026-05-17,2026-05,Contacted,2,Follow-up Required,2026-10-04,Upcoming,0.0,SR09,,No,Open,0,0,1,1,0,2,2026-07-09,72,15,20,0,0,0,10,5,50,Cold
L0971,Zeal Technologies,Logistics,51-200,2,Delhi,Website,Software Development,20.2,False,2026-05-17,2026-05,New,1,Follow-up Required,2026-09-02,Overdue,17.0,SR05,,No,Open,1,0,0,0,0,1,,,5,5,3,0,0,4,0,17,Cold
L0972,Delta Global,FinTech,1-50,1,Chennai,Cold Calling,Software Development,14.3,False,2026-05-17,2026-05,Contacted,2,Contacted,2026-09-09,Overdue,10.0,SR04,,No,Open,0,0,1,0,0,1,2026-07-23,58,0,5,0,0,0,4,0,9,Cold
L0973,Aurora Wealth Tech,FinTech,1-50,1,Delhi,Website,Digital Transformation,13.6,False,2026-05-17,2026-05,Qualified,3,Contacted,2026-10-06,Upcoming,0.0,SR01,,No,Open,1,1,1,1,0,3,2026-08-08,42,0,5,3,5,0,4,5,22,Cold
L0974,Vertex Platforms,SaaS,1000+,5,Pune,LinkedIn,Digital Transformation,1407.0,False,2026-05-17,2026-05,New,1,Follow-up Required,2026-09-10,Overdue,9.0,SR06,,No,Open,2,0,0,0,0,2,,,20,20,6,0,0,4,0,50,Cold
L0975,Solace Industrial,Manufacturing,1-50,1,Pune,LinkedIn,Cloud Services,8.2,False,2026-05-17,2026-05,Contacted,2,Not Interested,,No Follow-up Needed,0.0,SR02,,No,Lost,1,0,2,0,0,4,2026-07-03,78,0,0,3,0,0,10,0,13,Cold
L0976,Optima Systems,SaaS,1-50,1,Hyderabad,Website,Cloud Services,6.6,False,2026-05-17,2026-05,Qualified,3,Follow-up Required,2026-10-08,Upcoming,0.0,SR08,,No,Open,0,1,2,0,0,3,2026-06-24,87,0,0,0,5,0,10,0,15,Cold
L0977,Prana Technologies,Retail,1000+,5,Pune,Website,Digital Transformation,1786.0,False,2026-05-17,2026-05,New,1,Follow-up Required,2026-10-03,Upcoming,0.0,SR09,,No,Open,2,0,0,0,0,2,,,20,20,6,0,0,10,0,56,Cold
L0978,Ishaan Group,Manufacturing,501-1000,4,Bengaluru,Email Campaign,Digital Transformation,369.3,False,2026-05-18,2026-05,Qualified,3,Follow-up Required,2026-09-21,Upcoming,0.0,SR04,,No,Open,0,1,2,0,0,4,2026-08-09,41,15,15,0,5,0,10,0,45,Cold
L0979,Vista Retail Tech,E-commerce,1-50,1,Chennai,LinkedIn,Cloud Services,10.4,False,2026-05-18,2026-05,Contacted,2,Not Interested,,No Follow-up Needed,0.0,SR04,,No,Lost,1,0,2,1,0,3,2026-06-27,84,0,5,3,0,0,10,5,23,Cold
L0980,Falcon Systems,Retail,201-500,3,Pune,Google Search,Cloud Services,152.1,False,2026-05-18,2026-05,New,1,Follow-up Required,2026-09-01,Overdue,18.0,SR02,,No,Open,1,0,0,0,0,1,,,10,10,3,0,0,10,0,33,Cold
L0981,Astra Manufacturing,Manufacturing,501-1000,4,Mumbai,LinkedIn,Digital Transformation,589.8,False,2026-05-18,2026-05,Qualified,3,Contacted,2026-10-10,Upcoming,0.0,SR06,,No,Open,0,1,1,1,0,2,2026-07-22,59,15,20,0,5,0,10,5,55,Cold
L0982,Harbor Pvt Ltd,Logistics,51-200,2,Ahmedabad,Cold Calling,Digital Transformation,38.4,False,2026-05-18,2026-05,New,1,Follow-up Required,2026-10-05,Upcoming,0.0,SR02,,No,Open,0,0,0,0,0,0,,,5,5,0,0,0,10,0,20,Cold
L0983,Prana Global,Education,1-50,1,Bengaluru,LinkedIn,Software Development,10.7,False,2026-05-18,2026-05,Contacted,2,Follow-up Required,2026-10-01,Upcoming,0.0,SR07,,No,Open,2,1,1,1,0,4,2026-07-30,51,0,5,6,5,0,10,5,31,Cold
L0984,Banyan Logistics,Logistics,51-200,2,Delhi,Cold Calling,Digital Transformation,29.4,False,2026-05-19,2026-05,Qualified,3,Waiting for Response,2026-10-04,Upcoming,0.0,SR01,,No,Open,0,0,3,2,0,4,2026-08-09,41,5,5,0,0,0,10,10,30,Cold
L0985,Quest Technologies,E-commerce,201-500,3,Bengaluru,Cold Calling,DevOps,52.7,False,2026-05-19,2026-05,New,1,Follow-up Required,2026-09-19,Due Today,0.0,SR07,,No,Open,2,0,0,0,0,2,,,10,10,6,0,0,4,0,30,Cold
L0986,Bharat Solutions,Retail,201-500,3,Pune,LinkedIn,Cloud Services,100.4,False,2026-05-19,2026-05,Contacted,2,Waiting for Response,2026-10-07,Upcoming,0.0,SR02,,No,Open,2,0,1,1,0,3,2026-06-02,109,10,10,6,0,0,10,5,41,Cold
L0987,Pinnacle Marketplace,E-commerce,201-500,3,Mumbai,Website,Cloud Services,101.0,False,2026-05-19,2026-05,Meeting,4,Waiting for Response,2026-09-01,Overdue,18.0,SR06,,No,Open,1,2,3,1,1,8,2026-08-08,42,10,10,3,10,12,10,5,60,Warm
L0988,Willow Labs,E-commerce,51-200,2,Hyderabad,Cold Calling,Software Development,13.2,False,2026-05-19,2026-05,New,1,Follow-up Required,2026-10-02,Upcoming,0.0,SR07,,No,Open,1,0,0,0,0,1,,,5,5,3,0,0,10,0,23,Cold
L0989,Spark Components,Manufacturing,1-50,1,Mumbai,Referral,Cloud Services,8.4,False,2026-05-20,2026-05,Contacted,2,Waiting for Response,2026-09-21,Upcoming,0.0,SR06,,No,Open,1,1,2,2,0,4,2026-07-12,69,0,0,3,5,0,10,10,28,Cold
L0990,Apex Industries,SaaS,201-500,3,Mumbai,Cold Calling,Software Development,43.7,False,2026-05-20,2026-05,Qualified,3,Waiting for Response,2026-09-03,Overdue,16.0,SR02,,No,Open,0,0,2,1,0,4,2026-07-07,74,10,5,0,0,0,4,5,24,Cold
L0991,Garuda Pvt Ltd,Retail,201-500,3,Hyderabad,Cold Calling,Digital Transformation,109.7,False,2026-05-20,2026-05,Contacted,2,Follow-up Required,2026-09-10,Overdue,9.0,SR08,,No,Open,2,0,1,1,0,4,2026-08-09,41,10,10,6,0,0,10,5,41,Cold
L0992,Yash Components,Manufacturing,1000+,5,Unknown,Email Campaign,Software Development,2701.1,False,2026-05-20,2026-05,Contacted,2,Waiting for Response,2026-09-28,Upcoming,0.0,SR10,,No,Open,0,1,2,1,0,3,2026-08-11,39,20,20,0,5,0,4,5,54,Cold
L0993,Kestrel Ventures,E-commerce,201-500,3,Unknown,Events,Cloud Services,199.5,False,2026-05-21,2026-05,Contacted,2,Not Interested,,No Follow-up Needed,0.0,SR06,,No,Lost,2,0,2,1,0,4,2026-06-22,89,10,10,6,0,0,10,5,41,Cold
L0994,Garuda Labs,SaaS,201-500,3,Hyderabad,Referral,Digital Transformation,193.6,False,2026-05-21,2026-05,Qualified,3,Waiting for Response,2026-10-05,Upcoming,0.0,SR08,,No,Open,1,0,1,0,0,4,2026-08-17,33,10,10,3,0,0,4,0,27,Cold
L0995,Nexora Industries,FinTech,1-50,1,Hyderabad,LinkedIn,Digital Transformation,7.1,False,2026-05-21,2026-05,Qualified,3,Waiting for Response,2026-09-05,Overdue,14.0,SR04,,No,Open,0,1,3,2,0,4,2026-08-07,43,0,0,0,5,0,4,10,19,Cold
L0996,Jade Global,Manufacturing,1000+,5,Unknown,LinkedIn,Digital Transformation,1488.7,False,2026-05-21,2026-05,Won,6,Closed,,No Follow-up Needed,0.0,SR08,2500000,Yes,Won,6,4,5,1,2,18,2026-08-19,31,20,20,10,10,20,10,5,95,Hot
L0997,Oasis Systems,E-commerce,201-500,3,Bengaluru,Email Campaign,Software Development,124.1,False,2026-05-21,2026-05,Qualified,3,Follow-up Required,2026-09-05,Overdue,14.0,SR08,,No,Open,2,0,1,1,0,5,2026-07-12,69,10,10,6,0,0,10,5,41,Cold
L0998,Spark Enterprises,E-commerce,501-1000,4,Ahmedabad,Website,Software Development,246.6,False,2026-05-21,2026-05,Contacted,2,Follow-up Required,2026-09-27,Upcoming,0.0,SR09,,No,Open,0,0,1,0,0,2,2026-07-01,80,15,15,0,0,0,10,0,40,Cold
L0999,Nimbus Apps,SaaS,1000+,5,Delhi,Website,Cloud Services,1263.6,False,2026-05-21,2026-05,Won,6,Closed,,No Follow-up Needed,0.0,SR05,2255000,Yes,Won,6,3,5,4,3,18,2026-08-19,31,20,20,10,10,20,10,10,100,Hot
L1000,Garuda Diagnostics,Healthcare,1-50,1,Mumbai,Email Campaign,Cybersecurity,7.0,False,2026-05-21,2026-05,New,1,Follow-up Required,2026-10-08,Upcoming,0.0,SR06,,No,Open,1,0,0,0,0,1,,,0,0,3,0,0,10,0,13,Cold
L1001,Vayu Group,Healthcare,51-200,2,Delhi,Cold Calling,Software Development,54.5,False,2026-05-22,2026-05,Qualified,3,Meeting Scheduled,2026-09-24,Upcoming,0.0,SR01,,No,Open,2,1,2,1,0,5,2026-08-01,49,5,10,6,5,0,4,5,35,Cold
L1002,Optima Networks,E-commerce,1000+,5,Chennai,Website,Cloud Services,2102.3,False,2026-05-22,2026-05,Contacted,2,Contacted,2026-09-19,Due Today,0.0,SR07,,No,Open,2,0,1,1,0,3,2026-06-08,103,20,20,6,0,0,10,5,61,Warm
L1003,Sagar Pvt Ltd,Manufacturing,201-500,3,Bengaluru,Referral,Digital Transformation,118.5,False,2026-05-22,2026-05,Meeting,4,Meeting Scheduled,2026-09-26,Upcoming,0.0,SR08,,No,Open,1,2,3,1,1,8,2026-08-13,37,10,10,3,10,12,10,5,60,Warm
L1004,Kaveri Softech,Logistics,51-200,2,Delhi,Website,Digital Transformation,23.4,False,2026-05-22,2026-05,New,1,Follow-up Required,2026-09-10,Overdue,9.0,SR03,,No,Open,0,0,0,0,0,0,,,5,5,0,0,0,10,0,20,Cold
L1005,Loop Brands,Retail,1000+,5,Delhi,Email Campaign,Software Development,1591.8,False,2026-05-22,2026-05,Qualified,3,Follow-up Required,2026-09-27,Upcoming,0.0,SR05,,No,Open,1,1,1,0,0,4,2026-07-25,56,20,20,3,5,0,4,0,52,Cold
L1006,Sapphire Retail Tech,E-commerce,1000+,5,Chennai,Events,Software Development,1920.0,False,2026-05-22,2026-05,New,1,Follow-up Required,2026-09-27,Upcoming,0.0,SR07,,No,Open,2,0,0,0,0,2,,,20,20,6,0,0,10,0,56,Cold
L1007,Aurora Industrial,Manufacturing,51-200,2,Mumbai,LinkedIn,Digital Transformation,49.5,False,2026-05-22,2026-05,Contacted,2,Not Interested,,No Follow-up Needed,0.0,SR09,,No,Lost,0,1,1,0,0,2,2026-06-14,97,5,5,0,5,0,10,0,25,Cold
L1008,Spark Industries,Healthcare,51-200,2,Bengaluru,Email Campaign,Software Development,43.7,False,2026-05-22,2026-05,New,1,Follow-up Required,2026-10-03,Upcoming,0.0,SR08,,No,Open,2,0,0,0,0,2,,,5,5,6,0,0,4,0,20,Cold
L1009,Vanguard Payments,FinTech,1-50,1,Chennai,Cold Calling,Cybersecurity,8.0,False,2026-05-23,2026-05,Qualified,3,Meeting Scheduled,2026-09-26,Upcoming,0.0,SR04,,No,Open,1,1,1,0,0,3,2026-07-09,72,0,0,3,5,0,10,0,18,Cold
L1010,Bluepeak Cargo,Logistics,201-500,3,Delhi,Referral,Cybersecurity,174.1,False,2026-05-23,2026-05,Contacted,2,Waiting for Response,2026-09-28,Upcoming,0.0,SR01,,No,Open,2,0,1,0,0,4,2026-07-20,61,10,10,6,0,0,4,0,30,Cold
L1011,Kestrel Systems,FinTech,51-200,2,Delhi,Google Search,Cloud Services,36.8,True,2026-05-23,2026-05,Proposal,5,Waiting for Response,2026-10-06,Upcoming,0.0,SR10,310000,No,Open,5,0,2,0,2,12,2026-08-05,45,5,5,10,0,20,10,0,50,Cold
L1012,Chakra Retail,Retail,201-500,3,Bengaluru,LinkedIn,Digital Transformation,191.9,False,2026-05-23,2026-05,Meeting,4,Not Interested,,No Follow-up Needed,0.0,SR08,,No,Lost,1,1,2,1,2,7,2026-08-10,40,10,10,3,5,20,10,5,63,Warm
L1013,Meridian Software,SaaS,1000+,5,Chennai,Website,Software Development,1081.0,False,2026-05-23,2026-05,Qualified,3,Not Interested,,No Follow-up Needed,0.0,SR07,,No,Lost,2,0,2,2,0,5,2026-08-05,45,20,20,6,0,0,4,10,60,Warm
L1014,Novus Industries,FinTech,51-200,2,Ahmedabad,Website,Cybersecurity,42.8,False,2026-05-23,2026-05,Meeting,4,Waiting for Response,2026-09-19,Due Today,0.0,SR02,,No,Open,1,1,3,1,2,7,2026-07-31,50,5,5,3,5,20,10,5,53,Cold
L1015,Pulse Finserv,FinTech,201-500,3,Delhi,Website,Cybersecurity,159.8,False,2026-05-23,2026-05,Contacted,2,Not Interested,,No Follow-up Needed,0.0,SR03,,No,Lost,2,0,1,0,0,4,2026-06-25,86,10,10,6,0,0,10,0,36,Cold
L1016,Ion Systems,Education,51-200,2,Ahmedabad,Referral,Cybersecurity,38.9,False,2026-05-23,2026-05,Qualified,3,Waiting for Response,2026-09-19,Due Today,0.0,SR02,,No,Open,0,1,1,1,0,3,2026-07-23,58,5,5,0,5,0,4,5,24,Cold
L1017,Echo Global,Healthcare,1-50,1,Pune,LinkedIn,Digital Transformation,14.4,False,2026-05-23,2026-05,Contacted,2,Follow-up Required,2026-09-28,Upcoming,0.0,SR06,,No,Open,2,1,2,0,0,5,2026-08-12,38,0,5,6,5,0,10,0,26,Cold
L1018,Urban Engineering,Manufacturing,501-1000,4,Bengaluru,Email Campaign,Digital Transformation,470.0,False,2026-05-24,2026-05,Qualified,3,Follow-up Required,2026-09-03,Overdue,16.0,SR08,,No,Open,3,1,1,1,0,6,2026-08-21,29,15,15,6,5,0,10,5,56,Cold
L1019,Delta Pvt Ltd,Healthcare,51-200,2,Delhi,Cold Calling,Digital Transformation,37.8,False,2026-05-24,2026-05,Qualified,3,Meeting Scheduled,2026-09-20,Upcoming,0.0,SR01,,No,Open,0,2,2,2,0,4,2026-07-05,76,5,5,0,10,0,10,10,40,Cold
L1020,Chakra Global,E-commerce,201-500,3,Unknown,Website,Software Development,165.2,False,2026-05-24,2026-05,New,1,Follow-up Required,2026-10-09,Upcoming,0.0,SR07,,No,Open,0,0,0,0,0,0,,,10,10,0,0,0,10,0,30,Cold
L1021,Lumina Retail Tech,E-commerce,501-1000,4,Hyderabad,Email Campaign,Software Development,335.3,False,2026-05-24,2026-05,Qualified,3,Waiting for Response,2026-09-19,Due Today,0.0,SR08,,No,Open,1,0,2,0,0,5,2026-08-17,33,15,15,3,0,0,10,0,43,Cold
L1022,Cedar Ventures,Logistics,51-200,2,Jaipur,Referral,Software Development,24.6,False,2026-05-24,2026-05,Qualified,3,Follow-up Required,2026-09-24,Upcoming,0.0,SR10,,No,Open,0,0,1,0,0,3,2026-06-27,84,5,5,0,0,0,4,0,14,Cold
L1023,Prana Mart,Retail,51-200,2,Mumbai,Website,Cloud Services,56.8,False,2026-05-24,2026-05,Contacted,2,Not Interested,,No Follow-up Needed,0.0,SR09,,No,Lost,0,1,1,0,0,2,2026-08-21,29,5,10,0,5,0,10,0,30,Cold
L1024,Madhav Commerce,E-commerce,51-200,2,Gurgaon,Google Search,Digital Transformation,37.4,False,2026-05-25,2026-05,Qualified,3,Follow-up Required,2026-10-03,Upcoming,0.0,SR01,,No,Open,1,1,1,0,0,4,2026-08-14,36,5,5,3,5,0,4,0,22,Cold
L1025,Novus Software,SaaS,1-50,1,Mumbai,LinkedIn,Cloud Services,8.1,True,2026-05-25,2026-05,Qualified,3,Contacted,2026-09-02,Overdue,17.0,SR09,,No,Open,3,1,1,0,0,6,2026-08-10,40,0,0,6,5,0,10,0,21,Cold
L1026,Willow Payments,FinTech,51-200,2,Unknown,LinkedIn,Digital Transformation,46.0,False,2026-05-25,2026-05,Contacted,2,Contacted,2026-10-01,Upcoming,0.0,SR07,,No,Open,2,0,1,1,0,3,2026-08-18,32,5,5,6,0,0,4,5,25,Cold
L1027,Jolt Global,Healthcare,51-200,2,Bengaluru,Cold Calling,Cloud Services,34.6,False,2026-05-25,2026-05,Contacted,2,Follow-up Required,2026-10-08,Upcoming,0.0,SR07,,No,Open,2,1,2,1,0,5,2026-08-01,49,5,5,6,5,0,4,5,30,Cold
L1028,Zeal Marketplace,E-commerce,1000+,5,Gurgaon,Cold Calling,DevOps,1775.2,True,2026-05-26,2026-05,Won,6,Closed,,No Follow-up Needed,0.0,SR03,1935000,Yes,Won,5,3,4,3,1,15,2026-08-20,30,20,20,10,10,12,4,10,86,Hot
L1029,Xenon Group,SaaS,1000+,5,Hyderabad,Cold Calling,Cloud Services,1520.6,False,2026-05-26,2026-05,New,1,Follow-up Required,2026-10-09,Upcoming,0.0,SR04,,No,Open,2,0,0,0,0,2,,,20,20,6,0,0,10,0,56,Cold
L1030,Ridge Global,Manufacturing,1000+,5,Hyderabad,LinkedIn,Software Development,2894.8,False,2026-05-26,2026-05,Meeting,4,Meeting Scheduled,2026-09-24,Upcoming,0.0,SR04,,No,Open,3,2,3,1,2,11,2026-08-22,28,20,20,6,10,20,4,5,85,Hot
L1031,Falcon Supply Chain,Logistics,51-200,2,Mumbai,Email Campaign,Digital Transformation,36.8,True,2026-05-26,2026-05,Contacted,2,Contacted,2026-09-30,Upcoming,0.0,SR09,,No,Open,0,1,1,0,0,2,2026-08-23,27,5,5,0,5,0,10,0,25,Cold
L1032,Bharat Commerce,E-commerce,1-50,1,Bengaluru,Events,DevOps,5.5,False,2026-05-26,2026-05,New,1,Follow-up Required,2026-09-28,Upcoming,0.0,SR08,,No,Open,0,0,0,0,0,0,,,0,0,0,0,0,4,0,4,Cold
L1033,Willow Enterprises,Manufacturing,51-200,2,Hyderabad,Google Search,Cybersecurity,30.7,False,2026-05-26,2026-05,Qualified,3,Follow-up Required,2026-09-28,Upcoming,0.0,SR04,,No,Open,3,0,1,0,0,5,2026-08-14,36,5,5,6,0,0,4,0,20,Cold
L1034,Loop Manufacturing,Manufacturing,1-50,1,Chennai,Google Search,Cloud Services,2.8,False,2026-05-27,2026-05,Proposal,5,Follow-up Required,2026-09-21,Upcoming,0.0,SR07,320000,No,Open,5,2,2,1,2,13,2026-08-13,37,0,0,10,10,20,10,5,55,Cold
L1035,Banyan Retail,Retail,51-200,2,Mumbai,LinkedIn,Digital Transformation,48.0,False,2026-05-27,2026-05,New,1,Follow-up Required,2026-08-31,Overdue,19.0,SR09,,No,Open,0,0,0,0,0,0,,,5,5,0,0,0,10,0,20,Cold
L1036,Apex Networks,E-commerce,51-200,2,Ahmedabad,LinkedIn,Software Development,42.6,False,2026-05-27,2026-05,New,1,Follow-up Required,2026-10-05,Upcoming,0.0,SR06,,No,Open,2,0,0,0,0,2,,,5,5,6,0,0,10,0,26,Cold
L1037,Xenon Enterprises,Healthcare,51-200,2,Bengaluru,Events,Cybersecurity,28.8,False,2026-05-27,2026-05,New,1,Follow-up Required,2026-08-31,Overdue,19.0,SR04,,No,Open,2,0,0,0,0,2,,,5,5,6,0,0,10,0,26,Cold
L1038,Bluepeak Global,E-commerce,201-500,3,Bengaluru,Website,Software Development,185.0,False,2026-05-27,2026-05,Contacted,2,Contacted,2026-08-30,Overdue,20.0,SR07,,No,Open,0,0,1,1,0,1,2026-08-07,43,10,10,0,0,0,10,5,35,Cold
L1039,Zest Industries,Healthcare,51-200,2,Pune,Events,Software Development,34.5,False,2026-05-27,2026-05,Proposal,5,Not Interested,,No Follow-up Needed,0.0,SR06,535000,No,Lost,2,1,3,1,2,10,2026-08-22,28,5,5,6,5,20,4,5,50,Cold
L1040,Bharat Industrial,Manufacturing,1-50,1,Mumbai,Cold Calling,Cloud Services,3.3,False,2026-05-27,2026-05,New,1,Follow-up Required,2026-09-12,Overdue,7.0,SR06,,No,Open,1,0,0,0,0,1,,,0,0,3,0,0,10,0,13,Cold
L1041,Prism Systems,Retail,51-200,2,Hyderabad,Cold Calling,Digital Transformation,55.3,False,2026-05-27,2026-05,New,1,Follow-up Required,2026-10-05,Upcoming,0.0,SR08,,No,Open,1,0,0,0,0,1,,,5,10,3,0,0,10,0,28,Cold
L1042,Delta Diagnostics,Healthcare,501-1000,4,Delhi,Events,Digital Transformation,166.0,False,2026-05-27,2026-05,Meeting,4,Follow-up Required,2026-10-08,Upcoming,0.0,SR03,,No,Open,1,1,3,2,1,7,2026-07-17,64,15,10,3,5,12,10,10,65,Warm
L1043,Paragon Logistics,Logistics,51-200,2,Mumbai,LinkedIn,Cloud Services,23.3,False,2026-05-27,2026-05,New,1,Follow-up Required,2026-09-30,Upcoming,0.0,SR06,,No,Open,1,0,0,0,0,1,,,5,5,3,0,0,10,0,23,Cold
L1044,Aryan Solutions,FinTech,1-50,1,Jaipur,LinkedIn,Cloud Services,6.2,False,2026-05-28,2026-05,Qualified,3,Meeting Scheduled,2026-09-28,Upcoming,0.0,SR10,,No,Open,2,1,3,1,0,6,2026-08-26,24,0,0,6,5,0,10,5,26,Cold
L1045,Relay Enterprises,Healthcare,51-200,2,Chennai,Cold Calling,Cybersecurity,26.8,False,2026-05-28,2026-05,Proposal,5,Waiting for Response,2026-09-30,Upcoming,0.0,SR07,760000,No,Open,2,1,4,1,1,13,2026-08-17,33,5,5,6,5,12,10,5,48,Cold
L1046,Paragon Industries,Healthcare,1-50,1,Delhi,Email Campaign,Cloud Services,14.1,False,2026-05-28,2026-05,New,1,Follow-up Required,2026-09-24,Upcoming,0.0,SR10,,No,Open,2,0,0,0,0,2,,,0,5,6,0,0,4,0,15,Cold
L1047,Ion Industries,Retail,1-50,1,Chennai,Email Campaign,Software Development,7.6,False,2026-05-28,2026-05,Contacted,2,Follow-up Required,2026-10-10,Upcoming,0.0,SR08,,No,Open,2,0,2,1,0,5,2026-08-20,30,0,0,6,0,0,4,5,15,Cold
L1048,Glide Networks,Education,51-200,2,Chennai,Email Campaign,Software Development,34.0,False,2026-05-28,2026-05,Qualified,3,Follow-up Required,2026-09-30,Upcoming,0.0,SR08,,No,Open,0,0,1,1,0,2,2026-07-26,55,5,5,0,0,0,10,5,25,Cold
L1049,Himalaya Ventures,Education,51-200,2,Mumbai,LinkedIn,Cybersecurity,19.9,False,2026-05-28,2026-05,New,1,Follow-up Required,2026-09-22,Upcoming,0.0,SR09,,No,Open,2,0,0,0,0,2,,,5,5,6,0,0,4,0,20,Cold
L1050,Lumina Learning,Education,201-500,3,Chennai,Cold Calling,Digital Transformation,62.1,False,2026-05-28,2026-05,Qualified,3,Follow-up Required,2026-09-21,Upcoming,0.0,SR08,,No,Open,1,1,2,0,0,5,2026-08-05,45,10,10,3,5,0,10,0,38,Cold
L1051,Sapphire Group,E-commerce,51-200,2,Delhi,Events,Cloud Services,35.5,False,2026-05-28,2026-05,New,1,Follow-up Required,2026-09-13,Overdue,6.0,SR01,,No,Open,1,0,0,0,0,1,,,5,5,3,0,0,10,0,23,Cold
L1052,Quartz Technologies,Manufacturing,1-50,1,Chennai,Events,Cloud Services,13.7,False,2026-05-28,2026-05,Contacted,2,Contacted,2026-10-01,Upcoming,0.0,SR04,,No,Open,1,0,1,0,0,2,2026-06-07,104,0,5,3,0,0,10,0,18,Cold
L1053,Rudra Technologies,FinTech,201-500,3,Hyderabad,Email Campaign,Cloud Services,51.7,False,2026-05-28,2026-05,Meeting,4,Follow-up Required,2026-09-21,Upcoming,0.0,SR07,,No,Open,2,1,3,0,1,10,2026-08-24,26,10,10,6,5,12,10,0,53,Cold
L1054,Tundra Marketplace,E-commerce,1-50,1,Ahmedabad,Email Campaign,Cloud Services,12.0,False,2026-05-28,2026-05,Proposal,5,Not Interested,,No Follow-up Needed,0.0,SR02,225000,No,Lost,4,1,4,3,3,13,2026-08-04,46,0,5,10,5,20,10,10,60,Warm
L1055,Uday Networks,Retail,51-200,2,Ahmedabad,Google Search,Cloud Services,48.5,False,2026-05-28,2026-05,Qualified,3,Follow-up Required,2026-09-24,Upcoming,0.0,SR02,,No,Open,1,1,3,0,0,5,2026-07-27,54,5,5,3,5,0,10,0,28,Cold
L1056,Prana Diagnostics,Healthcare,51-200,2,Delhi,LinkedIn,Software Development,55.0,False,2026-05-28,2026-05,Contacted,2,Contacted,2026-09-26,Upcoming,0.0,SR10,,No,Open,2,0,2,0,0,5,2026-08-09,41,5,10,6,0,0,4,0,25,Cold
L1057,Vanguard Freight,Logistics,201-500,3,Delhi,LinkedIn,Software Development,164.9,False,2026-05-29,2026-05,Won,6,Closed,,No Follow-up Needed,0.0,SR10,1185000,Yes,Won,6,2,3,1,1,15,2026-08-25,25,10,10,10,10,12,4,5,61,Warm
L1058,Ember Technologies,Education,1-50,1,Hyderabad,Events,Digital Transformation,10.7,False,2026-05-29,2026-05,New,1,Follow-up Required,2026-09-10,Overdue,9.0,SR07,,No,Open,2,0,0,0,0,2,,,0,5,6,0,0,10,0,21,Cold
L1059,Madhav Online,E-commerce,501-1000,4,Ahmedabad,Referral,Software Development,202.7,False,2026-05-29,2026-05,Meeting,4,Not Interested,,No Follow-up Needed,0.0,SR02,,No,Lost,1,3,3,2,2,9,2026-08-27,23,15,15,3,10,20,10,10,83,Hot
L1060,Hive Academy Systems,Education,201-500,3,Delhi,Cold Calling,Software Development,43.5,False,2026-05-29,2026-05,New,1,Follow-up Required,2026-09-26,Upcoming,0.0,SR05,,No,Open,0,0,0,0,0,0,,,10,5,0,0,0,10,0,25,Cold
L1061,Kaveri Systems,Education,1-50,1,Gurgaon,Email Campaign,Software Development,8.1,False,2026-05-29,2026-05,Contacted,2,Contacted,2026-09-24,Upcoming,0.0,SR01,,No,Open,0,0,1,0,0,1,2026-06-14,97,0,0,0,0,0,10,0,10,Cold
L1062,Narmada Systems,Education,1-50,1,Mumbai,LinkedIn,Software Development,3.2,False,2026-05-29,2026-05,New,1,Follow-up Required,2026-10-08,Upcoming,0.0,SR09,,No,Open,2,0,0,0,0,2,,,0,0,6,0,0,10,0,16,Cold
L1063,Gravity Ventures,SaaS,1000+,5,Bengaluru,Email Campaign,Digital Transformation,1065.8,False,2026-05-29,2026-05,Contacted,2,Follow-up Required,2026-08-30,Overdue,20.0,SR07,,No,Open,1,0,2,0,0,4,2026-08-14,36,20,20,3,0,0,4,0,47,Cold
L1064,Flux Softech,Manufacturing,51-200,2,Hyderabad,Google Search,Digital Transformation,46.2,False,2026-05-29,2026-05,Qualified,3,Follow-up Required,2026-09-16,Overdue,3.0,SR04,,No,Open,1,0,3,1,0,5,2026-07-12,69,5,5,3,0,0,10,5,28,Cold
L1065,Radiant Industries,SaaS,201-500,3,Mumbai,Google Search,Digital Transformation,173.6,False,2026-05-30,2026-05,Qualified,3,Follow-up Required,2026-10-09,Upcoming,0.0,SR02,,No,Open,1,0,2,2,0,5,2026-08-05,45,10,10,3,0,0,4,10,37,Cold
L1066,Nimbus Software,SaaS,1-50,1,Pune,Email Campaign,Software Development,8.6,False,2026-05-30,2026-05,Contacted,2,Waiting for Response,2026-10-05,Upcoming,0.0,SR06,,No,Open,0,1,2,1,0,3,2026-08-28,22,0,0,0,5,0,4,5,14,Cold
L1067,Lakshya Solutions,E-commerce,201-500,3,Jaipur,Google Search,Digital Transformation,98.2,False,2026-05-30,2026-05,Contacted,2,Waiting for Response,2026-09-09,Overdue,10.0,SR01,,No,Open,2,0,1,1,0,3,2026-07-04,77,10,10,6,0,0,4,5,35,Cold
L1068,Kaveri Ventures,Healthcare,501-1000,4,Chennai,Events,Digital Transformation,441.2,False,2026-05-30,2026-05,Qualified,3,Follow-up Required,2026-09-27,Upcoming,0.0,SR07,,No,Open,3,1,3,1,0,7,2026-08-23,27,15,15,6,5,0,10,5,56,Cold
L1069,Drift Solutions,Manufacturing,201-500,3,Jaipur,Cold Calling,Digital Transformation,151.8,False,2026-05-30,2026-05,New,1,Follow-up Required,2026-09-24,Upcoming,0.0,SR05,,No,Open,2,0,0,0,0,2,,,10,10,6,0,0,10,0,36,Cold
L1070,Vertex Solutions,Manufacturing,1-50,1,Hyderabad,Cold Calling,Cybersecurity,5.1,False,2026-05-31,2026-05,Qualified,3,Waiting for Response,2026-09-09,Overdue,10.0,SR04,,No,Open,2,1,1,1,0,4,2026-07-05,76,0,0,6,5,0,4,5,20,Cold
L1071,Willow Technologies,Retail,1-50,1,Mumbai,Email Campaign,Cybersecurity,5.2,False,2026-05-31,2026-05,New,1,Follow-up Required,2026-09-02,Overdue,17.0,SR09,,No,Open,2,0,0,0,0,2,,,0,0,6,0,0,4,0,10,Cold
L1072,Quartz Learning,Education,201-500,3,Mumbai,LinkedIn,Digital Transformation,41.6,False,2026-05-31,2026-05,Won,6,Closed,,No Follow-up Needed,0.0,SR02,770000,Yes,Won,3,2,3,1,3,13,2026-08-26,24,10,5,6,10,20,10,5,66,Warm
L1073,Chakra Group,SaaS,51-200,2,Unknown,Cold Calling,Software Development,28.8,False,2026-05-31,2026-05,Contacted,2,Waiting for Response,2026-09-20,Upcoming,0.0,SR01,,No,Open,1,1,2,2,0,4,2026-08-20,30,5,5,3,5,0,4,10,32,Cold
L1074,Vanguard Systems,SaaS,201-500,3,Bengaluru,Website,DevOps,170.9,False,2026-06-01,2026-06,Meeting,4,Waiting for Response,2026-10-04,Upcoming,0.0,SR08,,No,Open,4,1,2,1,1,10,2026-08-24,26,10,10,10,5,12,10,5,62,Warm
L1075,Titan Industrial,Manufacturing,501-1000,4,Jaipur,Website,Software Development,233.6,False,2026-06-01,2026-06,Meeting,4,Contacted,2026-09-29,Upcoming,0.0,SR01,,No,Open,2,2,3,2,1,8,2026-08-09,41,15,15,6,10,12,4,10,72,Warm
L1076,Umbra Enterprises,SaaS,1-50,1,Bengaluru,Cold Calling,Digital Transformation,3.1,False,2026-06-01,2026-06,New,1,Follow-up Required,2026-09-23,Upcoming,0.0,SR08,,No,Open,2,0,0,0,0,2,,,0,0,6,0,0,4,0,10,Cold
L1077,Radiant Stores,Retail,201-500,3,Noida,Cold Calling,DevOps,198.7,False,2026-06-01,2026-06,Meeting,4,Waiting for Response,2026-09-19,Due Today,0.0,SR01,,No,Open,4,3,3,0,1,11,2026-08-30,20,10,10,10,10,12,4,0,56,Cold
L1078,Cedar Networks,E-commerce,51-200,2,Mumbai,Website,Cloud Services,56.3,False,2026-06-01,2026-06,Qualified,3,Not Interested,,No Follow-up Needed,0.0,SR06,,No,Lost,1,2,3,3,0,6,2026-08-20,30,5,10,3,10,0,10,10,48,Cold
L1079,Loop Capital Tech,FinTech,1-50,1,Ahmedabad,Email Campaign,Cybersecurity,9.1,False,2026-06-01,2026-06,Contacted,2,Waiting for Response,2026-09-19,Due Today,0.0,SR02,,No,Open,0,0,2,0,0,2,2026-07-13,68,0,0,0,0,0,10,0,10,Cold
L1080,Solace Enterprises,Retail,1-50,1,Pune,Events,DevOps,5.9,False,2026-06-01,2026-06,Meeting,4,Meeting Scheduled,2026-09-23,Upcoming,0.0,SR02,,No,Open,3,1,3,1,2,11,2026-08-19,31,0,0,6,5,20,4,5,40,Cold
L1081,Flux EdTech,Education,201-500,3,Delhi,Email Campaign,Cloud Services,185.6,False,2026-06-01,2026-06,Contacted,2,Waiting for Response,2026-09-28,Upcoming,0.0,SR01,,No,Open,0,1,2,1,0,3,2026-08-19,31,10,10,0,5,0,4,5,34,Cold
L1082,Ion Knowledge,Education,201-500,3,Mumbai,Email Campaign,Digital Transformation,77.0,False,2026-06-02,2026-06,Proposal,5,Not Interested,,No Follow-up Needed,0.0,SR09,1120000,No,Lost,5,1,2,1,2,13,2026-08-25,25,10,10,10,5,20,10,5,70,Warm
L1083,Glide Global,Manufacturing,501-1000,4,Unknown,Website,Cloud Services,353.7,False,2026-06-02,2026-06,Contacted,2,Waiting for Response,2026-09-16,Overdue,3.0,SR04,,No,Open,0,0,1,1,0,1,2026-07-07,74,15,15,0,0,0,10,5,45,Cold
L1084,Paragon Online,E-commerce,1-50,1,Gurgaon,LinkedIn,Digital Transformation,12.1,False,2026-06-02,2026-06,Contacted,2,Follow-up Required,2026-10-05,Upcoming,0.0,SR03,,No,Open,0,1,2,1,0,3,2026-08-23,27,0,5,0,5,0,4,5,19,Cold
L1085,Xenon Technologies,FinTech,201-500,3,Noida,Referral,Digital Transformation,191.7,False,2026-06-02,2026-06,Won,6,Closed,,No Follow-up Needed,0.0,SR01,1165000,Yes,Won,6,1,5,1,1,16,2026-08-26,24,10,10,10,5,12,4,5,56,Cold
L1086,Ember Labs,Healthcare,1-50,1,Mumbai,Cold Calling,Digital Transformation,9.3,False,2026-06-02,2026-06,New,1,Follow-up Required,2026-10-05,Upcoming,0.0,SR09,,No,Open,1,0,0,0,0,1,,,0,0,3,0,0,10,0,13,Cold
L1087,Kinetic Group,FinTech,51-200,2,Pune,Email Campaign,Cloud Services,41.6,False,2026-06-02,2026-06,Qualified,3,Contacted,2026-10-03,Upcoming,0.0,SR02,,No,Open,3,1,2,0,0,7,2026-08-16,34,5,5,6,5,0,10,0,31,Cold
L1088,Falcon Components,Manufacturing,1-50,1,Mumbai,Referral,Digital Transformation,10.8,False,2026-06-02,2026-06,Qualified,3,Contacted,2026-09-27,Upcoming,0.0,SR09,,No,Open,2,0,1,0,0,5,2026-08-27,23,0,5,6,0,0,10,0,21,Cold
L1089,Flux Supply Chain,Logistics,201-500,3,Jaipur,Cold Calling,Cloud Services,100.1,False,2026-06-02,2026-06,Qualified,3,Waiting for Response,2026-09-27,Upcoming,0.0,SR05,,No,Open,0,1,3,1,0,4,2026-08-09,41,10,10,0,5,0,10,5,40,Cold
L1090,Zeal Software,SaaS,1000+,5,Noida,LinkedIn,DevOps,2172.1,False,2026-06-03,2026-06,New,1,Follow-up Required,2026-09-30,Upcoming,0.0,SR10,,No,Open,1,0,0,0,0,1,,,20,20,3,0,0,10,0,53,Cold
L1091,Pulse Commerce,E-commerce,1-50,1,Noida,Website,Software Development,8.1,True,2026-06-03,2026-06,New,1,Follow-up Required,2026-10-10,Upcoming,0.0,SR03,,No,Open,2,0,0,0,0,2,,,0,0,6,0,0,10,0,16,Cold
L1092,Aurora Softech,E-commerce,201-500,3,Unknown,LinkedIn,DevOps,197.4,False,2026-06-03,2026-06,Proposal,5,Not Interested,,No Follow-up Needed,0.0,SR10,610000,No,Lost,4,1,3,1,1,11,2026-08-18,32,10,10,10,5,12,4,5,56,Cold
L1093,Sagar Enterprises,Logistics,51-200,2,Pune,Referral,Cloud Services,44.0,False,2026-06-03,2026-06,Qualified,3,Contacted,2026-09-04,Overdue,15.0,SR09,,No,Open,2,2,3,1,0,7,2026-08-18,32,5,5,6,10,0,10,5,41,Cold
L1094,Paragon Pvt Ltd,E-commerce,201-500,3,Mumbai,LinkedIn,DevOps,146.2,False,2026-06-03,2026-06,Qualified,3,Follow-up Required,2026-09-25,Upcoming,0.0,SR06,,No,Open,1,0,3,1,0,6,2026-08-26,24,10,10,3,0,0,4,5,32,Cold
L1095,Narmada Group,Retail,501-1000,4,Mumbai,Cold Calling,Cybersecurity,410.8,True,2026-06-03,2026-06,Contacted,2,Follow-up Required,2026-09-14,Overdue,5.0,SR09,,No,Open,0,0,2,2,0,2,2026-09-01,18,15,15,0,0,0,4,10,44,Cold
L1096,Nexora Finserv,FinTech,201-500,3,Gurgaon,Google Search,Cybersecurity,128.2,False,2026-06-03,2026-06,Qualified,3,Follow-up Required,2026-10-05,Upcoming,0.0,SR01,,No,Open,2,1,3,2,0,6,2026-08-23,27,10,10,6,5,0,10,10,51,Cold
L1097,Neptune Solutions,Healthcare,201-500,3,Hyderabad,Cold Calling,Digital Transformation,153.8,False,2026-06-03,2026-06,New,1,Follow-up Required,2026-09-26,Upcoming,0.0,SR08,,No,Open,0,0,0,0,0,0,,,10,10,0,0,0,10,0,30,Cold
L1098,Drift Marketplace,E-commerce,51-200,2,Bengaluru,Cold Calling,DevOps,29.3,False,2026-06-03,2026-06,New,1,Follow-up Required,2026-10-06,Upcoming,0.0,SR04,,No,Open,0,0,0,0,0,0,,,5,5,0,0,0,4,0,14,Cold
L1099,Indus Systems,SaaS,51-200,2,Noida,LinkedIn,Cloud Services,36.8,True,2026-06-03,2026-06,Won,6,Closed,,No Follow-up Needed,0.0,SR05,485000,Yes,Won,6,4,4,2,3,17,2026-08-25,25,5,5,10,10,20,10,10,70,Warm
L1100,Lakshya Retail Tech,E-commerce,51-200,2,Bengaluru,Referral,Cloud Services,36.8,False,2026-06-03,2026-06,Qualified,3,Waiting for Response,2026-09-06,Overdue,13.0,SR07,,No,Open,3,2,1,0,0,6,2026-07-28,53,5,5,6,10,0,10,0,36,Cold
L1101,Quartz Online,E-commerce,1-50,1,Unknown,Events,Software Development,14.8,False,2026-06-04,2026-06,Won,6,Closed,,No Follow-up Needed,0.0,SR08,430000,Yes,Won,4,3,4,1,3,14,2026-09-01,18,0,5,10,10,20,10,5,60,Warm
L1102,Bluepeak Technologies,Healthcare,201-500,3,Unknown,Events,Digital Transformation,53.6,False,2026-06-04,2026-06,Qualified,3,Waiting for Response,2026-10-06,Upcoming,0.0,SR01,,No,Open,2,1,1,0,0,4,2026-07-14,67,10,10,6,5,0,10,0,41,Cold
L1103,Nimbus Industries,E-commerce,51-200,2,Mumbai,Website,Software Development,17.0,False,2026-06-04,2026-06,New,1,Follow-up Required,2026-09-27,Upcoming,0.0,SR09,,No,Open,0,0,0,0,0,0,,,5,5,0,0,0,10,0,20,Cold
L1104,Chakra Labs,SaaS,51-200,2,Noida,LinkedIn,Cloud Services,40.1,False,2026-06-04,2026-06,Contacted,2,Waiting for Response,2026-09-19,Due Today,0.0,SR10,,No,Open,1,1,2,2,0,4,2026-08-15,35,5,5,3,5,0,10,10,38,Cold
L1105,Optima Labs,Logistics,51-200,2,Ahmedabad,Cold Calling,Digital Transformation,37.0,False,2026-06-04,2026-06,Meeting,4,Follow-up Required,2026-09-07,Overdue,12.0,SR09,,No,Open,4,2,3,1,2,11,2026-08-16,34,5,5,10,10,20,10,5,65,Warm
L1106,Aurora Systems,E-commerce,201-500,3,Bengaluru,Email Campaign,Cloud Services,126.9,False,2026-06-04,2026-06,Contacted,2,Follow-up Required,2026-09-26,Upcoming,0.0,SR07,,No,Open,2,0,2,0,0,4,2026-08-29,21,10,10,6,0,0,10,0,36,Cold
L1107,Helix Softech,Retail,51-200,2,Mumbai,Referral,Cloud Services,58.0,False,2026-06-04,2026-06,Won,6,Closed,,No Follow-up Needed,0.0,SR02,620000,Yes,Won,3,0,3,2,2,12,2026-08-11,39,5,10,6,0,20,10,10,61,Warm
L1108,Bharat Technologies,Healthcare,1000+,5,Bengaluru,Google Search,DevOps,1782.6,False,2026-06-05,2026-06,Qualified,3,Waiting for Response,2026-09-21,Upcoming,0.0,SR08,,No,Open,2,1,3,1,0,6,2026-07-25,56,20,20,6,5,0,4,5,60,Warm
L1109,Ishaan Apps,SaaS,201-500,3,Noida,Google Search,Cloud Services,198.1,False,2026-06-05,2026-06,New,1,Follow-up Required,2026-09-28,Upcoming,0.0,SR05,,No,Open,1,0,0,0,0,1,,,10,10,3,0,0,10,0,33,Cold
L1110,Cobalt Technologies,SaaS,1-50,1,Hyderabad,Website,Digital Transformation,13.5,False,2026-06-05,2026-06,Qualified,3,Meeting Scheduled,2026-10-02,Upcoming,0.0,SR08,,No,Open,3,1,3,2,0,8,2026-07-28,53,0,5,6,5,0,4,10,30,Cold
L1111,Narmada Enterprises,Education,1-50,1,Delhi,Website,Cloud Services,3.2,False,2026-06-05,2026-06,New,1,Follow-up Required,2026-09-02,Overdue,17.0,SR03,,No,Open,1,0,0,0,0,1,,,0,0,3,0,0,4,0,7,Cold
L1112,Wisp Health,Healthcare,201-500,3,Ahmedabad,LinkedIn,Cybersecurity,127.3,False,2026-06-06,2026-06,Proposal,5,Follow-up Required,2026-10-03,Upcoming,0.0,SR02,1460000,No,Open,2,2,4,2,3,13,2026-08-24,26,10,10,6,10,20,10,10,76,Warm
L1113,Trident Enterprises,SaaS,201-500,3,Pune,LinkedIn,Digital Transformation,118.0,False,2026-06-06,2026-06,New,1,Follow-up Required,2026-10-06,Upcoming,0.0,SR09,,No,Open,0,0,0,0,0,0,,,10,10,0,0,0,4,0,24,Cold
L1114,Unity Manufacturing,Manufacturing,201-500,3,Hyderabad,Website,Digital Transformation,177.9,False,2026-06-06,2026-06,New,1,Follow-up Required,2026-09-24,Upcoming,0.0,SR07,,No,Open,2,0,0,0,0,2,,,10,10,6,0,0,10,0,36,Cold
L1115,Falcon Solutions,E-commerce,51-200,2,Noida,Email Campaign,Software Development,53.5,False,2026-06-06,2026-06,Contacted,2,Follow-up Required,2026-09-30,Upcoming,0.0,SR05,,No,Open,2,0,1,0,0,3,2026-07-23,58,5,10,6,0,0,10,0,31,Cold
L1116,Kaveri Industries,Logistics,51-200,2,Delhi,Referral,Cybersecurity,29.8,False,2026-06-06,2026-06,Won,6,Closed,,No Follow-up Needed,0.0,SR01,670000,Yes,Won,4,0,3,1,2,14,2026-08-26,24,5,5,10,0,20,4,5,49,Cold
L1117,Vanguard Group,Healthcare,1-50,1,Mumbai,Google Search,Digital Transformation,13.7,False,2026-06-06,2026-06,New,1,Follow-up Required,2026-09-29,Upcoming,0.0,SR02,,No,Open,2,0,0,0,0,2,,,0,5,6,0,0,10,0,21,Cold
L1118,Quantum Global,Manufacturing,51-200,2,Delhi,Cold Calling,Digital Transformation,54.6,False,2026-06-06,2026-06,Proposal,5,Follow-up Required,2026-10-03,Upcoming,0.0,SR10,655000,No,Open,3,1,4,4,1,11,2026-09-04,15,5,10,6,5,12,10,10,58,Cold
L1119,Pinnacle Softech,SaaS,201-500,3,Gurgaon,Email Campaign,Digital Transformation,41.9,False,2026-06-06,2026-06,Meeting,4,Waiting for Response,2026-09-24,Upcoming,0.0,SR03,,No,Open,1,2,2,2,0,6,2026-07-31,50,10,5,3,10,0,4,10,42,Cold
L1120,Zest Group,SaaS,1-50,1,Unknown,LinkedIn,Cloud Services,3.5,False,2026-06-06,2026-06,New,1,Follow-up Required,2026-09-15,Overdue,4.0,SR02,,No,Open,0,0,0,0,0,0,,,0,0,0,0,0,10,0,10,Cold
L1121,Xenon Marketplace,E-commerce,1-50,1,Bengaluru,Website,Cloud Services,8.6,False,2026-06-07,2026-06,New,1,Follow-up Required,2026-10-06,Upcoming,0.0,SR04,,No,Open,1,0,0,0,0,1,,,0,0,3,0,0,10,0,13,Cold
L1122,Zephyr Enterprises,E-commerce,201-500,3,Jaipur,Website,Digital Transformation,73.8,False,2026-06-07,2026-06,New,1,Follow-up Required,2026-10-09,Upcoming,0.0,SR01,,No,Open,1,0,0,0,0,1,,,10,10,3,0,0,4,0,27,Cold
L1123,Optima Solutions,Retail,1-50,1,Gurgaon,Website,Software Development,11.2,False,2026-06-07,2026-06,New,1,Follow-up Required,2026-09-10,Overdue,9.0,SR01,,No,Open,0,0,0,0,0,0,,,0,5,0,0,0,4,0,9,Cold
L1124,Sapphire Engineering,Manufacturing,51-200,2,Delhi,Events,Software Development,29.8,False,2026-06-07,2026-06,New,1,Follow-up Required,2026-10-10,Upcoming,0.0,SR10,,No,Open,0,0,0,0,0,0,,,5,5,0,0,0,4,0,14,Cold
L1125,Loop Software,SaaS,501-1000,4,Delhi,Referral,Digital Transformation,334.4,False,2026-06-07,2026-06,Won,6,Closed,,No Follow-up Needed,0.0,SR03,1770000,Yes,Won,6,5,5,0,3,19,2026-08-27,23,15,15,10,10,20,4,0,74,Warm
L1126,Mosaic Solutions,Education,51-200,2,Hyderabad,Cold Calling,Digital Transformation,50.5,False,2026-06-07,2026-06,New,1,Follow-up Required,2026-10-09,Upcoming,0.0,SR08,,No,Open,1,0,0,0,0,1,,,5,10,3,0,0,10,0,28,Cold
L1127,Vivid Enterprises,Logistics,51-200,2,Delhi,LinkedIn,Digital Transformation,24.1,False,2026-06-07,2026-06,Contacted,2,Not Interested,,No Follow-up Needed,0.0,SR10,,No,Lost,1,0,1,0,0,3,2026-08-08,42,5,5,3,0,0,10,0,23,Cold
L1128,Astra Networks,Manufacturing,1-50,1,Chennai,Website,Digital Transformation,8.8,False,2026-06-07,2026-06,Meeting,4,Meeting Scheduled,2026-09-23,Upcoming,0.0,SR08,,No,Open,3,1,2,2,1,7,2026-08-09,41,0,0,6,5,12,10,10,43,Cold
L1129,Quantum Solutions,Manufacturing,1000+,5,Bengaluru,Website,Cybersecurity,789.2,False,2026-06-08,2026-06,Qualified,3,Waiting for Response,2026-09-19,Due Today,0.0,SR08,,No,Open,1,2,1,1,0,4,2026-09-02,17,20,20,3,10,0,4,5,62,Warm
L1130,Harbor Online,E-commerce,1-50,1,Hyderabad,Referral,DevOps,8.6,False,2026-06-08,2026-06,Qualified,3,Follow-up Required,2026-09-30,Upcoming,0.0,SR08,,No,Open,0,1,2,2,0,4,2026-09-05,14,0,0,0,5,0,4,10,19,Cold
L1131,Neptune Manufacturing,Manufacturing,201-500,3,Jaipur,LinkedIn,Digital Transformation,197.9,False,2026-06-08,2026-06,Qualified,3,Waiting for Response,2026-10-04,Upcoming,0.0,SR03,,No,Open,2,1,3,1,0,6,2026-08-13,37,10,10,6,5,0,10,5,46,Cold
L1132,Crest Software,SaaS,51-200,2,Gurgaon,Cold Calling,Cybersecurity,57.9,False,2026-06-08,2026-06,Contacted,2,Contacted,2026-10-01,Upcoming,0.0,SR10,,No,Open,2,1,1,0,0,4,2026-08-01,49,5,10,6,5,0,4,0,30,Cold
L1133,Vivid Logistics,Logistics,201-500,3,Hyderabad,Email Campaign,Software Development,83.6,False,2026-06-08,2026-06,Contacted,2,Waiting for Response,2026-09-06,Overdue,13.0,SR08,,No,Open,2,0,1,1,0,3,2026-07-23,58,10,10,6,0,0,4,5,35,Cold
L1134,Madhav Platforms,SaaS,51-200,2,Mumbai,Cold Calling,Software Development,31.0,False,2026-06-08,2026-06,Contacted,2,Follow-up Required,2026-09-30,Upcoming,0.0,SR02,,No,Open,2,0,2,1,0,4,2026-08-31,19,5,5,6,0,0,4,5,25,Cold
L1135,Drift Labs,SaaS,201-500,3,Gurgaon,Cold Calling,Cloud Services,148.9,False,2026-06-08,2026-06,New,1,Follow-up Required,2026-10-05,Upcoming,0.0,SR01,,No,Open,1,0,0,0,0,1,,,10,10,3,0,0,10,0,33,Cold
L1136,Orbit Academy Systems,Education,501-1000,4,Chennai,LinkedIn,Cloud Services,349.5,False,2026-06-08,2026-06,Contacted,2,Not Interested,,No Follow-up Needed,0.0,SR04,,No,Lost,1,0,2,1,0,3,2026-06-19,92,15,15,3,0,0,4,5,42,Cold
L1137,Aurora Networks,Education,51-200,2,Mumbai,LinkedIn,Cloud Services,34.7,False,2026-06-08,2026-06,Qualified,3,Follow-up Required,2026-09-29,Upcoming,0.0,SR02,,No,Open,2,1,2,0,0,5,2026-08-13,37,5,5,6,5,0,4,0,25,Cold
L1138,Alpine Pvt Ltd,E-commerce,1-50,1,Delhi,Cold Calling,Digital Transformation,5.2,False,2026-06-08,2026-06,Contacted,2,Contacted,2026-09-24,Upcoming,0.0,SR05,,No,Open,2,0,1,0,0,3,2026-07-02,79,0,0,6,0,0,4,0,10,Cold
L1139,Mantra Technologies,Logistics,1-50,1,Jaipur,Cold Calling,Digital Transformation,4.9,False,2026-06-09,2026-06,New,1,Follow-up Required,2026-09-10,Overdue,9.0,SR03,,No,Open,2,0,0,0,0,2,,,0,0,6,0,0,10,0,16,Cold
L1140,Aryan Labs,SaaS,1-50,1,Delhi,Website,DevOps,10.7,False,2026-06-09,2026-06,Qualified,3,Waiting for Response,2026-09-19,Due Today,0.0,SR03,,No,Open,1,0,3,1,0,5,2026-07-13,68,0,5,3,0,0,10,5,23,Cold
L1141,Vayu Systems,E-commerce,201-500,3,Mumbai,Cold Calling,Software Development,93.6,False,2026-06-09,2026-06,New,1,Follow-up Required,2026-10-05,Upcoming,0.0,SR09,,No,Open,0,0,0,0,0,0,,,10,10,0,0,0,10,0,30,Cold
L1142,Crest Finserv,FinTech,501-1000,4,Mumbai,Cold Calling,Cloud Services,590.4,False,2026-06-09,2026-06,New,1,Follow-up Required,2026-09-10,Overdue,9.0,SR06,,No,Open,0,0,0,0,0,0,,,15,20,0,0,0,10,0,45,Cold
L1143,Drift Networks,SaaS,51-200,2,Delhi,Cold Calling,Digital Transformation,35.9,False,2026-06-09,2026-06,Contacted,2,Follow-up Required,2026-09-20,Upcoming,0.0,SR05,,No,Open,1,1,1,1,0,3,2026-07-25,56,5,5,3,5,0,4,5,27,Cold
L1144,Vivid Engineering,Manufacturing,501-1000,4,Mumbai,Cold Calling,Digital Transformation,440.0,False,2026-06-09,2026-06,Contacted,2,Contacted,2026-10-05,Upcoming,0.0,SR02,,No,Open,1,0,2,1,0,3,2026-08-17,33,15,15,3,0,0,10,5,48,Cold
L1145,Bluepeak Networks,SaaS,1-50,1,Bengaluru,Cold Calling,Cloud Services,12.3,False,2026-06-09,2026-06,New,1,Follow-up Required,2026-09-09,Overdue,10.0,SR08,,No,Open,1,0,0,0,0,1,,,0,5,3,0,0,10,0,18,Cold
L1146,Titan Apps,SaaS,201-500,3,Bengaluru,Website,DevOps,111.5,False,2026-06-09,2026-06,New,1,Follow-up Required,2026-09-19,Due Today,0.0,SR07,,No,Open,0,0,0,0,0,0,,,10,10,0,0,0,10,0,30,Cold
L1147,Willow Engineering,Manufacturing,51-200,2,Noida,Cold Calling,Cloud Services,38.0,False,2026-06-09,2026-06,Qualified,3,Waiting for Response,2026-09-05,Overdue,14.0,SR01,,No,Open,0,1,3,2,0,4,2026-08-20,30,5,5,0,5,0,10,10,35,Cold
L1148,Quest Engineering,Manufacturing,201-500,3,Mumbai,LinkedIn,Cloud Services,105.7,False,2026-06-10,2026-06,New,1,Follow-up Required,2026-09-19,Due Today,0.0,SR06,,No,Open,1,0,0,0,0,1,,,10,10,3,0,0,10,0,33,Cold
L1149,Sapphire Networks,Manufacturing,1000+,5,Chennai,Website,Digital Transformation,2533.5,False,2026-06-10,2026-06,Qualified,3,Follow-up Required,2026-10-07,Upcoming,0.0,SR08,,No,Open,3,1,1,0,0,6,2026-09-08,11,20,20,6,5,0,10,0,61,Warm
L1150,Quantum Ventures,SaaS,51-200,2,Mumbai,Website,Cloud Services,51.4,False,2026-06-10,2026-06,Contacted,2,Waiting for Response,2026-09-04,Overdue,15.0,SR02,,No,Open,0,1,1,0,0,2,2026-08-18,32,5,10,0,5,0,10,0,30,Cold
L1151,Sapphire Platforms,SaaS,501-1000,4,Ahmedabad,LinkedIn,Software Development,505.1,False,2026-06-10,2026-06,Meeting,4,Meeting Scheduled,2026-09-26,Upcoming,0.0,SR06,,No,Open,1,1,3,2,1,6,2026-09-02,17,15,20,3,5,12,4,10,69,Warm
L1152,Nimbus Global,Manufacturing,51-200,2,Gurgaon,Cold Calling,Digital Transformation,24.4,False,2026-06-10,2026-06,Contacted,2,Waiting for Response,2026-09-19,Due Today,0.0,SR03,,No,Open,0,0,1,0,0,1,2026-08-31,19,5,5,0,0,0,10,0,20,Cold
L1153,Wavelet Pvt Ltd,Manufacturing,201-500,3,Bengaluru,LinkedIn,Digital Transformation,123.1,False,2026-06-10,2026-06,Qualified,3,Waiting for Response,2026-10-10,Upcoming,0.0,SR08,,No,Open,3,1,1,0,0,6,2026-08-26,24,10,10,6,5,0,10,0,41,Cold
L1154,Banyan Manufacturing,Manufacturing,51-200,2,Pune,Cold Calling,Cybersecurity,39.4,False,2026-06-11,2026-06,Contacted,2,Not Interested,,No Follow-up Needed,0.0,SR09,,No,Lost,1,0,1,1,0,2,2026-07-22,59,5,5,3,0,0,4,5,22,Cold
L1155,Quest Manufacturing,Manufacturing,201-500,3,Gurgaon,Website,Digital Transformation,92.6,False,2026-06-11,2026-06,Contacted,2,Contacted,2026-10-05,Upcoming,0.0,SR01,,No,Open,1,0,2,1,0,3,2026-08-12,38,10,10,3,0,0,10,5,38,Cold
L1156,Cedar Brands,Retail,51-200,2,Mumbai,Email Campaign,Cybersecurity,27.2,False,2026-06-11,2026-06,Qualified,3,Follow-up Required,2026-09-15,Overdue,4.0,SR02,,No,Open,2,1,3,1,0,6,2026-08-22,28,5,5,6,5,0,4,5,30,Cold
L1157,Aurora Pvt Ltd,Logistics,1000+,5,Pune,Email Campaign,Cloud Services,1775.2,True,2026-06-11,2026-06,Meeting,4,Waiting for Response,2026-09-27,Upcoming,0.0,SR09,,No,Open,4,3,2,1,2,11,2026-09-02,17,20,20,10,10,20,10,5,95,Hot
L1158,Flux Brands,Retail,1000+,5,Delhi,LinkedIn,Software Development,570.4,False,2026-06-11,2026-06,Proposal,5,Not Interested,,No Follow-up Needed,0.0,SR01,1840000,No,Lost,2,3,2,0,2,9,2026-09-08,11,20,20,6,10,20,4,0,80,Hot
L1159,Radiant Softech,E-commerce,501-1000,4,Pune,Website,Software Development,410.8,True,2026-06-11,2026-06,Qualified,3,Waiting for Response,2026-09-02,Overdue,17.0,SR02,,No,Open,0,0,2,2,0,3,2026-07-30,51,15,15,0,0,0,10,10,50,Cold
L1160,Mantra Group,Retail,51-200,2,Bengaluru,Email Campaign,Digital Transformation,58.9,False,2026-06-11,2026-06,New,1,Follow-up Required,2026-09-26,Upcoming,0.0,SR08,,No,Open,2,0,0,0,0,2,,,5,10,6,0,0,10,0,31,Cold
L1161,Apex Engineering,Manufacturing,51-200,2,Bengaluru,Email Campaign,Digital Transformation,10.4,False,2026-06-11,2026-06,New,1,Follow-up Required,2026-10-07,Upcoming,0.0,SR07,,No,Open,0,0,0,0,0,0,,,5,5,0,0,0,10,0,20,Cold
L1162,Hive Softech,Manufacturing,51-200,2,Unknown,Email Campaign,Cybersecurity,20.0,False,2026-06-11,2026-06,Qualified,3,Not Interested,,No Follow-up Needed,0.0,SR05,,No,Lost,1,1,1,1,0,3,2026-09-07,12,5,5,3,5,0,4,5,27,Cold
L1163,Umbra Engineering,Manufacturing,1000+,5,Mumbai,Referral,Software Development,1662.1,False,2026-06-11,2026-06,Contacted,2,Waiting for Response,2026-09-20,Upcoming,0.0,SR02,,No,Open,2,0,1,1,0,3,2026-08-25,25,20,20,6,0,0,4,5,55,Cold
L1164,Vertex Technologies,E-commerce,501-1000,4,Pune,Email Campaign,Digital Transformation,474.5,False,2026-06-11,2026-06,Qualified,3,Meeting Scheduled,2026-09-24,Upcoming,0.0,SR02,,No,Open,2,1,2,1,0,6,2026-08-29,21,15,15,6,5,0,4,5,50,Cold
L1165,Evergreen Payments,FinTech,201-500,3,Bengaluru,LinkedIn,Cloud Services,87.1,False,2026-06-11,2026-06,Contacted,2,Not Interested,,No Follow-up Needed,0.0,SR08,,No,Lost,1,1,2,0,0,4,2026-07-19,62,10,10,3,5,0,10,0,38,Cold
L1166,Onyx Global,FinTech,1000+,5,Pune,Cold Calling,Cybersecurity,2268.7,False,2026-06-12,2026-06,Meeting,4,Contacted,2026-09-29,Upcoming,0.0,SR06,,No,Open,1,1,3,0,2,8,2026-09-07,12,20,20,3,5,20,10,0,78,Warm
L1167,Cobalt Components,Manufacturing,1000+,5,Mumbai,Website,Digital Transformation,1642.0,False,2026-06-12,2026-06,New,1,Follow-up Required,2026-09-21,Upcoming,0.0,SR02,,No,Open,2,0,0,0,0,2,,,20,20,6,0,0,10,0,56,Cold
L1168,Bluepeak Mart,Retail,1-50,1,Hyderabad,Referral,Digital Transformation,2.7,False,2026-06-12,2026-06,Contacted,2,Waiting for Response,2026-09-19,Due Today,0.0,SR07,,No,Open,0,1,2,2,0,3,2026-09-07,12,0,0,0,5,0,10,10,25,Cold
L1169,Optima Diagnostics,Healthcare,1-50,1,Bengaluru,Email Campaign,Cloud Services,8.7,False,2026-06-12,2026-06,Proposal,5,Follow-up Required,2026-10-04,Upcoming,0.0,SR08,400000,No,Open,5,3,2,2,3,14,2026-08-25,25,0,0,10,10,20,4,10,54,Cold
L1170,Ion Marketplace,E-commerce,51-200,2,Pune,LinkedIn,Software Development,35.9,False,2026-06-12,2026-06,Qualified,3,Follow-up Required,2026-10-05,Upcoming,0.0,SR06,,No,Open,1,0,1,1,0,4,2026-06-30,81,5,5,3,0,0,10,5,28,Cold
L1171,Willow Networks,Education,501-1000,4,Bengaluru,LinkedIn,Software Development,548.0,False,2026-06-12,2026-06,Qualified,3,Not Interested,,No Follow-up Needed,0.0,SR07,,No,Lost,2,1,1,1,0,4,2026-09-01,18,15,20,6,5,0,10,5,61,Warm
L1172,Onyx Retail,Retail,501-1000,4,Mumbai,Events,Digital Transformation,222.6,False,2026-06-12,2026-06,Qualified,3,Contacted,2026-09-18,Overdue,1.0,SR09,,No,Open,1,1,3,1,0,5,2026-09-01,18,15,15,3,5,0,10,5,53,Cold
L1173,Quartz Labs,E-commerce,201-500,3,Pune,LinkedIn,Cybersecurity,110.7,False,2026-06-12,2026-06,Contacted,2,Contacted,2026-09-22,Upcoming,0.0,SR06,,No,Open,2,0,1,1,0,4,2026-09-03,16,10,10,6,0,0,4,5,35,Cold
L1174,Himalaya Software,SaaS,1-50,1,Mumbai,Website,Software Development,9.8,False,2026-06-12,2026-06,Qualified,3,Waiting for Response,2026-09-19,Due Today,0.0,SR02,,No,Open,3,1,1,0,0,6,2026-08-18,32,0,0,6,5,0,4,0,15,Cold
L1175,Alpine Solutions,SaaS,201-500,3,Noida,LinkedIn,Cybersecurity,65.7,False,2026-06-12,2026-06,New,1,Follow-up Required,2026-10-04,Upcoming,0.0,SR05,,No,Open,1,0,0,0,0,1,,,10,10,3,0,0,4,0,27,Cold
L1176,Pinnacle Care Systems,Healthcare,1000+,5,Bengaluru,Cold Calling,Cloud Services,1136.4,False,2026-06-12,2026-06,New,1,Follow-up Required,2026-09-19,Due Today,0.0,SR07,,No,Open,1,0,0,0,0,1,,,20,20,3,0,0,4,0,47,Cold
L1177,Quest Ventures,Logistics,51-200,2,Mumbai,Email Campaign,Software Development,52.7,False,2026-06-12,2026-06,Contacted,2,Contacted,2026-10-03,Upcoming,0.0,SR09,,No,Open,0,1,1,0,0,2,2026-07-16,65,5,10,0,5,0,4,0,24,Cold
L1178,Evergreen Softech,Manufacturing,201-500,3,Bengaluru,Cold Calling,Digital Transformation,144.7,False,2026-06-13,2026-06,Contacted,2,Follow-up Required,2026-09-21,Upcoming,0.0,SR08,,No,Open,2,0,1,0,0,4,2026-09-07,12,10,10,6,0,0,10,0,36,Cold
L1179,Lotus Retail,Retail,501-1000,4,Unknown,Google Search,DevOps,579.1,False,2026-06-13,2026-06,Proposal,5,Follow-up Required,2026-09-20,Upcoming,0.0,SR01,1040000,No,Open,2,1,4,1,2,10,2026-09-07,12,15,20,6,5,20,4,5,75,Warm
L1180,Apex Components,Manufacturing,1000+,5,Pune,Cold Calling,Cloud Services,1324.4,False,2026-06-13,2026-06,Meeting,4,Meeting Scheduled,2026-09-22,Upcoming,0.0,SR06,,No,Open,4,1,2,1,1,8,2026-09-10,9,20,20,10,5,12,10,5,82,Hot
L1181,Prism Industrial,Manufacturing,501-1000,4,Hyderabad,Email Campaign,Software Development,528.1,False,2026-06-13,2026-06,Qualified,3,Contacted,2026-09-19,Due Today,0.0,SR07,,No,Open,1,0,1,0,0,3,2026-09-07,12,15,20,3,0,0,4,0,42,Cold
L1182,Jade Retail Tech,E-commerce,1-50,1,Bengaluru,LinkedIn,DevOps,13.4,False,2026-06-14,2026-06,New,1,Follow-up Required,2026-09-18,Overdue,1.0,SR07,,No,Open,2,0,0,0,0,2,,,0,5,6,0,0,4,0,15,Cold
L1183,Gravity Online,E-commerce,51-200,2,Chennai,Email Campaign,Cloud Services,19.2,False,2026-06-14,2026-06,New,1,Follow-up Required,2026-10-06,Upcoming,0.0,SR07,,No,Open,2,0,0,0,0,2,,,5,5,6,0,0,10,0,26,Cold
L1184,Kinetic Components,Manufacturing,1-50,1,Bengaluru,Events,Digital Transformation,7.8,False,2026-06-14,2026-06,Qualified,3,Contacted,2026-09-22,Upcoming,0.0,SR08,,No,Open,2,1,3,2,0,6,2026-09-10,9,0,0,6,5,0,10,10,31,Cold
L1185,Pinnacle Group,Manufacturing,501-1000,4,Delhi,Website,Software Development,259.2,False,2026-06-14,2026-06,New,1,Follow-up Required,2026-10-10,Upcoming,0.0,SR03,,No,Open,0,0,0,0,0,0,,,15,15,0,0,0,4,0,34,Cold
L1186,Titan Mart,Retail,501-1000,4,Pune,Google Search,Digital Transformation,162.7,False,2026-06-14,2026-06,Qualified,3,Not Interested,,No Follow-up Needed,0.0,SR02,,No,Lost,2,1,2,2,0,5,2026-08-26,24,15,10,6,5,0,10,10,56,Cold
L1187,Solace Softech,Retail,1-50,1,Hyderabad,Referral,Cloud Services,7.0,False,2026-06-14,2026-06,Qualified,3,Meeting Scheduled,2026-09-30,Upcoming,0.0,SR08,,No,Open,2,0,2,1,0,5,2026-07-15,66,0,0,6,0,0,10,5,21,Cold
L1188,Umbra Apps,SaaS,1-50,1,Delhi,Google Search,DevOps,7.3,False,2026-06-15,2026-06,Contacted,2,Follow-up Required,2026-09-29,Upcoming,0.0,SR10,,No,Open,2,0,1,0,0,3,2026-08-03,47,0,0,6,0,0,10,0,16,Cold
L1189,Narmada Pvt Ltd,Logistics,1-50,1,Mumbai,Email Campaign,Digital Transformation,6.2,False,2026-06-15,2026-06,Contacted,2,Follow-up Required,2026-09-25,Upcoming,0.0,SR09,,No,Open,1,1,1,0,0,3,2026-08-31,19,0,0,3,5,0,10,0,18,Cold
L1190,Optima Enterprises,Manufacturing,1-50,1,Delhi,Website,DevOps,4.2,False,2026-06-15,2026-06,Qualified,3,Waiting for Response,2026-10-07,Upcoming,0.0,SR05,,No,Open,0,1,1,0,0,3,2026-09-08,11,0,0,0,5,0,4,0,9,Cold
L1191,Urban Networks,SaaS,51-200,2,Chennai,LinkedIn,DevOps,43.1,False,2026-06-15,2026-06,Meeting,4,Meeting Scheduled,2026-09-24,Upcoming,0.0,SR08,,No,Open,1,2,2,0,1,7,2026-09-11,8,5,5,3,10,12,10,0,45,Cold
L1192,Vanguard Logistics,Logistics,501-1000,4,Delhi,Email Campaign,Cybersecurity,533.3,False,2026-06-15,2026-06,New,1,Follow-up Required,2026-10-07,Upcoming,0.0,SR03,,No,Open,2,0,0,0,0,2,,,15,20,6,0,0,4,0,45,Cold
L1193,Pulse Group,E-commerce,51-200,2,Mumbai,Cold Calling,Software Development,50.3,False,2026-06-15,2026-06,Proposal,5,Waiting for Response,2026-09-30,Upcoming,0.0,SR09,770000,No,Open,5,2,4,1,2,13,2026-09-06,13,5,10,10,10,20,10,5,70,Warm
L1194,Aryan Group,E-commerce,1-50,1,Pune,Cold Calling,Cybersecurity,10.8,False,2026-06-15,2026-06,Contacted,2,Follow-up Required,2026-10-07,Upcoming,0.0,SR06,,No,Open,2,0,2,0,0,4,2026-09-13,6,0,5,6,0,0,4,0,15,Cold
L1195,Orbit Enterprises,SaaS,1-50,1,Bengaluru,Cold Calling,Software Development,12.8,False,2026-06-15,2026-06,Contacted,2,Waiting for Response,2026-09-04,Overdue,15.0,SR08,,No,Open,1,0,2,0,0,4,2026-07-26,55,0,5,3,0,0,4,0,12,Cold
L1196,Quartz Care Systems,Healthcare,1-50,1,Bengaluru,Email Campaign,Digital Transformation,6.6,False,2026-06-15,2026-06,Qualified,3,Contacted,2026-10-06,Upcoming,0.0,SR07,,No,Open,2,1,3,2,0,6,2026-08-23,27,0,0,6,5,0,10,10,31,Cold
L1197,Kaveri Wealth Tech,FinTech,1-50,1,Delhi,Events,Cybersecurity,8.0,False,2026-06-15,2026-06,New,1,Follow-up Required,2026-10-08,Upcoming,0.0,SR01,,No,Open,0,0,0,0,0,0,,,0,0,0,0,0,10,0,10,Cold
L1198,Falcon Group,Education,201-500,3,Bengaluru,Email Campaign,Digital Transformation,48.6,False,2026-06-16,2026-06,New,1,Follow-up Required,2026-10-04,Upcoming,0.0,SR08,,No,Open,0,0,0,0,0,0,,,10,5,0,0,0,10,0,25,Cold
L1199,Aryan Systems,Healthcare,51-200,2,Delhi,Email Campaign,Cloud Services,37.0,False,2026-06-16,2026-06,Qualified,3,Follow-up Required,2026-10-02,Upcoming,0.0,SR05,,No,Open,2,1,2,1,0,5,2026-09-04,15,5,5,6,5,0,4,5,30,Cold
L1200,Kestrel Solutions,FinTech,51-200,2,Hyderabad,Email Campaign,Software Development,19.4,False,2026-06-16,2026-06,Meeting,4,Meeting Scheduled,2026-09-26,Upcoming,0.0,SR07,,No,Open,1,2,2,1,0,7,2026-09-11,8,5,5,3,10,0,4,5,32,Cold
L1201,Optima Ventures,E-commerce,51-200,2,Chennai,Website,Digital Transformation,21.6,False,2026-06-16,2026-06,New,1,Follow-up Required,2026-09-24,Upcoming,0.0,SR04,,No,Open,2,0,0,0,0,2,,,5,5,6,0,0,4,0,20,Cold
L1202,Alpine Softech,SaaS,51-200,2,Gurgaon,Email Campaign,DevOps,30.3,False,2026-06-16,2026-06,New,1,Follow-up Required,2026-09-20,Upcoming,0.0,SR01,,No,Open,2,0,0,0,0,2,,,5,5,6,0,0,10,0,26,Cold
L1203,Jolt Cargo,Logistics,201-500,3,Mumbai,LinkedIn,Software Development,182.0,False,2026-06-16,2026-06,Contacted,2,Follow-up Required,2026-09-22,Upcoming,0.0,SR09,,No,Open,0,0,2,0,0,2,2026-08-05,45,10,10,0,0,0,4,0,24,Cold
L1204,Sapphire Solutions,Logistics,1-50,1,Hyderabad,Website,Digital Transformation,10.2,False,2026-06-16,2026-06,Qualified,3,Not Interested,,No Follow-up Needed,0.0,SR08,,No,Lost,2,0,1,0,0,4,2026-08-21,29,0,5,6,0,0,10,0,21,Cold
L1205,Glide Knowledge,Education,201-500,3,Noida,Email Campaign,Cloud Services,84.7,False,2026-06-17,2026-06,Contacted,2,Follow-up Required,2026-09-29,Upcoming,0.0,SR03,,No,Open,2,0,2,1,0,4,2026-08-30,20,10,10,6,0,0,4,5,35,Cold
L1206,Trident Global,Healthcare,51-200,2,Bengaluru,Email Campaign,Cloud Services,20.1,False,2026-06-17,2026-06,Qualified,3,Meeting Scheduled,2026-09-25,Upcoming,0.0,SR08,,No,Open,0,0,2,1,0,3,2026-07-22,59,5,5,0,0,0,4,5,19,Cold
L1207,Vista Global,FinTech,51-200,2,Mumbai,Cold Calling,Cybersecurity,12.3,False,2026-06-17,2026-06,Meeting,4,Not Interested,,No Follow-up Needed,0.0,SR02,,No,Lost,2,2,2,1,1,8,2026-08-16,34,5,5,6,10,12,10,5,53,Cold
L1208,Ion Software,SaaS,51-200,2,Gurgaon,Email Campaign,Cloud Services,46.0,False,2026-06-17,2026-06,Meeting,4,Follow-up Required,2026-09-29,Upcoming,0.0,SR10,,No,Open,1,1,3,1,0,7,2026-09-11,8,5,5,3,5,0,10,5,33,Cold
L1209,Garuda EdTech,Education,51-200,2,Pune,Google Search,Cloud Services,56.6,False,2026-06-17,2026-06,Qualified,3,Follow-up Required,2026-10-04,Upcoming,0.0,SR02,,No,Open,0,2,2,1,0,4,2026-08-16,34,5,10,0,10,0,4,5,34,Cold
L1210,Gravity Retail,Retail,1-50,1,Ahmedabad,Email Campaign,Software Development,11.6,False,2026-06-17,2026-06,Contacted,2,Follow-up Required,2026-10-08,Upcoming,0.0,SR02,,No,Open,2,0,1,0,0,4,2026-09-12,7,0,5,6,0,0,4,0,15,Cold
L1211,Spark Freight,Logistics,201-500,3,Bengaluru,Cold Calling,Software Development,171.9,False,2026-06-17,2026-06,New,1,Follow-up Required,2026-09-25,Upcoming,0.0,SR04,,No,Open,0,0,0,0,0,0,,,10,10,0,0,0,4,0,24,Cold
L1212,Aurora Global,FinTech,51-200,2,Ahmedabad,LinkedIn,Cybersecurity,32.8,False,2026-06-17,2026-06,Meeting,4,Not Interested,,No Follow-up Needed,0.0,SR06,,No,Lost,3,0,3,1,1,8,2026-08-28,22,5,5,6,0,12,10,5,43,Cold
L1213,Mantra Software,SaaS,201-500,3,Mumbai,LinkedIn,DevOps,78.1,False,2026-06-17,2026-06,New,1,Follow-up Required,2026-09-19,Due Today,0.0,SR09,,No,Open,0,0,0,0,0,0,,,10,10,0,0,0,10,0,30,Cold
L1214,Banyan Pvt Ltd,Retail,1-50,1,Delhi,Referral,Software Development,8.4,False,2026-06-17,2026-06,Proposal,5,Waiting for Response,2026-09-19,Due Today,0.0,SR10,425000,No,Open,2,2,3,0,2,10,2026-09-13,6,0,0,6,10,20,4,0,40,Cold
L1215,Novus Enterprises,E-commerce,1000+,5,Pune,Cold Calling,Cloud Services,973.1,False,2026-06-17,2026-06,Contacted,2,Contacted,2026-09-19,Due Today,0.0,SR06,,No,Open,1,0,1,0,0,2,2026-08-14,36,20,20,3,0,0,10,0,53,Cold
L1216,Prism Softech,Retail,201-500,3,Bengaluru,Google Search,Digital Transformation,126.7,False,2026-06-17,2026-06,Contacted,2,Follow-up Required,2026-09-25,Upcoming,0.0,SR07,,No,Open,2,0,1,0,0,3,2026-07-21,60,10,10,6,0,0,10,0,36,Cold
L1217,Quantum Softech,Manufacturing,1-50,1,Bengaluru,Cold Calling,Cloud Services,2.9,False,2026-06-17,2026-06,New,1,Follow-up Required,2026-09-01,Overdue,18.0,SR07,,No,Open,2,0,0,0,0,2,,,0,0,6,0,0,10,0,16,Cold
L1218,Jolt Ventures,E-commerce,1-50,1,Bengaluru,Cold Calling,Cloud Services,6.0,False,2026-06-18,2026-06,Contacted,2,Not Interested,,No Follow-up Needed,0.0,SR04,,No,Lost,1,0,1,1,0,2,2026-08-10,40,0,0,3,0,0,10,5,18,Cold
L1219,Uday Industries,E-commerce,51-200,2,Gurgaon,LinkedIn,Cloud Services,41.6,False,2026-06-19,2026-06,New,1,Follow-up Required,2026-09-24,Upcoming,0.0,SR05,,No,Open,0,0,0,0,0,0,,,5,5,0,0,0,10,0,20,Cold
L1220,Aurora Diagnostics,Healthcare,1000+,5,Bengaluru,Events,DevOps,519.5,False,2026-06-19,2026-06,Won,6,Closed,,No Follow-up Needed,0.0,SR08,2020000,Yes,Won,5,2,4,2,2,15,2026-09-14,5,20,20,10,10,20,4,10,94,Hot
L1221,Vayu Enterprises,E-commerce,51-200,2,Chennai,Email Campaign,Software Development,15.5,False,2026-06-19,2026-06,Meeting,4,Follow-up Required,2026-08-31,Overdue,19.0,SR07,,No,Open,1,0,3,2,1,8,2026-09-08,11,5,5,3,0,12,10,10,45,Cold
L1222,Crest Enterprises,Logistics,501-1000,4,Pune,LinkedIn,Digital Transformation,258.2,False,2026-06-19,2026-06,Qualified,3,Contacted,2026-09-19,Due Today,0.0,SR06,,No,Open,0,1,2,1,0,3,2026-08-23,27,15,15,0,5,0,10,5,50,Cold
L1223,Dhruv Payments,FinTech,201-500,3,Mumbai,Google Search,Software Development,93.9,False,2026-06-19,2026-06,Qualified,3,Waiting for Response,2026-10-04,Upcoming,0.0,SR09,,No,Open,1,1,2,1,0,4,2026-09-05,14,10,10,3,5,0,4,5,37,Cold
L1224,Flux Group,E-commerce,51-200,2,Noida,Events,Software Development,47.2,False,2026-06-20,2026-06,New,1,Follow-up Required,2026-09-26,Upcoming,0.0,SR05,,No,Open,2,0,0,0,0,2,,,5,5,6,0,0,10,0,26,Cold
L1225,Novus Solutions,Manufacturing,51-200,2,Bengaluru,LinkedIn,Digital Transformation,49.4,False,2026-06-20,2026-06,New,1,Follow-up Required,2026-10-08,Upcoming,0.0,SR08,,No,Open,0,0,0,0,0,0,,,5,5,0,0,0,10,0,20,Cold
L1226,Vayu Retail,Retail,501-1000,4,Bengaluru,Cold Calling,Cloud Services,484.7,False,2026-06-20,2026-06,New,1,Follow-up Required,2026-09-27,Upcoming,0.0,SR08,,No,Open,2,0,0,0,0,2,,,15,15,6,0,0,10,0,46,Cold
L1227,Rudra Labs,SaaS,201-500,3,Ahmedabad,Google Search,DevOps,122.4,False,2026-06-20,2026-06,Contacted,2,Follow-up Required,2026-09-21,Upcoming,0.0,SR06,,No,Open,1,0,2,1,0,3,2026-08-26,24,10,10,3,0,0,10,5,38,Cold
L1228,Evergreen Networks,Logistics,201-500,3,Delhi,Website,DevOps,51.1,False,2026-06-20,2026-06,Meeting,4,Meeting Scheduled,2026-10-03,Upcoming,0.0,SR05,,No,Open,1,1,2,1,1,8,2026-09-10,9,10,10,3,5,12,4,5,49,Cold
L1229,Bluepeak Payments,FinTech,51-200,2,Hyderabad,Google Search,Cybersecurity,57.0,False,2026-06-20,2026-06,Contacted,2,Contacted,2026-09-23,Upcoming,0.0,SR04,,No,Open,1,0,1,0,0,2,2026-06-27,84,5,10,3,0,0,10,0,28,Cold
L1230,Titan MedTech,Healthcare,201-500,3,Bengaluru,Referral,Digital Transformation,164.1,False,2026-06-20,2026-06,Won,6,Closed,,No Follow-up Needed,0.0,SR04,705000,Yes,Won,4,1,3,0,2,14,2026-09-15,4,10,10,10,5,20,10,0,65,Warm
L1231,Ion Ventures,Retail,1000+,5,Chennai,Website,Digital Transformation,1692.8,False,2026-06-20,2026-06,Won,6,Closed,,No Follow-up Needed,0.0,SR07,2000000,Yes,Won,3,1,5,3,3,14,2026-09-14,5,20,20,6,5,20,10,10,91,Hot
L1232,Quartz Ventures,Retail,1-50,1,Gurgaon,LinkedIn,Cybersecurity,4.6,False,2026-06-21,2026-06,New,1,Follow-up Required,2026-10-09,Upcoming,0.0,SR01,,No,Open,0,0,0,0,0,0,,,0,0,0,0,0,4,0,4,Cold
L1233,Horizon Systems,Healthcare,1-50,1,Gurgaon,LinkedIn,Digital Transformation,3.5,False,2026-06-21,2026-06,New,1,Follow-up Required,2026-09-26,Upcoming,0.0,SR05,,No,Open,0,0,0,0,0,0,,,0,0,0,0,0,10,0,10,Cold
L1234,Harbor Labs,E-commerce,201-500,3,Chennai,Email Campaign,Cloud Services,184.3,False,2026-06-21,2026-06,Meeting,4,Waiting for Response,2026-09-27,Upcoming,0.0,SR04,,No,Open,4,2,3,0,2,11,2026-09-07,12,10,10,10,10,20,10,0,70,Warm
L1235,Lotus Engineering,Manufacturing,51-200,2,Bengaluru,Cold Calling,Digital Transformation,40.1,False,2026-06-21,2026-06,Meeting,4,Not Interested,,No Follow-up Needed,0.0,SR08,,No,Lost,1,1,3,1,2,7,2026-09-16,3,5,5,3,5,20,10,5,53,Cold
L1236,Prana Platforms,SaaS,51-200,2,Ahmedabad,Website,Cloud Services,47.6,False,2026-06-21,2026-06,New,1,Follow-up Required,2026-10-04,Upcoming,0.0,SR06,,No,Open,0,0,0,0,0,0,,,5,5,0,0,0,10,0,20,Cold
L1237,Paragon Labs,Healthcare,201-500,3,Bengaluru,Referral,Cloud Services,164.5,False,2026-06-21,2026-06,New,1,Follow-up Required,2026-10-02,Upcoming,0.0,SR04,,No,Open,2,0,0,0,0,2,,,10,10,6,0,0,4,0,30,Cold
L1238,Relay Retail Tech,E-commerce,1-50,1,Mumbai,Email Campaign,Cloud Services,10.1,False,2026-06-21,2026-06,Qualified,3,Contacted,2026-10-02,Upcoming,0.0,SR02,,No,Open,2,1,3,2,0,7,2026-09-05,14,0,5,6,5,0,10,10,36,Cold
L1239,Novus Labs,FinTech,1-50,1,Noida,LinkedIn,Cloud Services,6.7,False,2026-06-21,2026-06,Qualified,3,Waiting for Response,2026-09-29,Upcoming,0.0,SR05,,No,Open,2,0,2,1,0,6,2026-09-11,8,0,0,6,0,0,10,5,21,Cold
L1240,Alpine Networks,FinTech,501-1000,4,Delhi,Referral,Digital Transformation,510.8,False,2026-06-22,2026-06,Proposal,5,Waiting for Response,2026-10-06,Upcoming,0.0,SR03,1710000,No,Open,5,1,2,1,2,11,2026-08-23,27,15,20,10,5,20,4,5,79,Warm
L1241,Zenith Retail Tech,E-commerce,51-200,2,Unknown,Website,DevOps,29.9,False,2026-06-22,2026-06,Contacted,2,Not Interested,,No Follow-up Needed,0.0,SR06,,No,Lost,1,0,1,0,0,2,2026-08-21,29,5,5,3,0,0,4,0,17,Cold
L1242,Kinetic Solutions,Healthcare,1000+,5,Noida,Email Campaign,DevOps,2350.6,False,2026-06-22,2026-06,New,1,Follow-up Required,2026-09-19,Due Today,0.0,SR01,,No,Open,0,0,0,0,0,0,,,20,20,0,0,0,4,0,44,Cold
L1243,Quantum Retail Tech,E-commerce,51-200,2,Chennai,LinkedIn,DevOps,19.4,False,2026-06-22,2026-06,Won,6,Closed,,No Follow-up Needed,0.0,SR04,650000,Yes,Won,3,2,5,4,2,13,2026-09-16,3,5,5,6,10,20,4,10,60,Warm
L1244,Hive Networks,Logistics,201-500,3,Gurgaon,Cold Calling,Cloud Services,170.6,False,2026-06-22,2026-06,Qualified,3,Meeting Scheduled,2026-09-20,Upcoming,0.0,SR05,,No,Open,3,1,2,0,0,7,2026-09-10,9,10,10,6,5,0,10,0,41,Cold
L1245,Jolt Knowledge,Education,51-200,2,Bengaluru,Website,Digital Transformation,57.5,False,2026-06-22,2026-06,Contacted,2,Waiting for Response,2026-10-07,Upcoming,0.0,SR07,,No,Open,2,1,1,1,0,4,2026-08-01,49,5,10,6,5,0,10,5,41,Cold
L1246,Quantum Software,SaaS,51-200,2,Noida,LinkedIn,Software Development,36.8,True,2026-06-22,2026-06,Contacted,2,Follow-up Required,2026-09-14,Overdue,5.0,SR01,,No,Open,1,0,1,1,0,2,2026-07-13,68,5,5,3,0,0,4,5,22,Cold
L1247,Dhruv Networks,SaaS,1-50,1,Noida,LinkedIn,Software Development,3.8,False,2026-06-22,2026-06,Contacted,2,Contacted,2026-09-07,Overdue,12.0,SR03,,No,Open,0,0,1,1,0,1,2026-09-07,12,0,0,0,0,0,4,5,9,Cold
L1248,Horizon Technologies,Education,1-50,1,Mumbai,LinkedIn,Cybersecurity,10.8,False,2026-06-22,2026-06,Contacted,2,Not Interested,,No Follow-up Needed,0.0,SR06,,No,Lost,1,0,1,0,0,3,2026-09-03,16,0,5,3,0,0,4,0,12,Cold
L1249,Vertex Software,SaaS,51-200,2,Bengaluru,Email Campaign,DevOps,34.8,False,2026-06-22,2026-06,New,1,Follow-up Required,2026-10-02,Upcoming,0.0,SR07,,No,Open,1,0,0,0,0,1,,,5,5,3,0,0,10,0,23,Cold
L1250,Quest Labs,Healthcare,201-500,3,Bengaluru,Website,Software Development,115.8,False,2026-06-23,2026-06,New,1,Follow-up Required,2026-09-19,Due Today,0.0,SR08,,No,Open,0,0,0,0,0,0,,,10,10,0,0,0,4,0,24,Cold
L1251,Ion Pvt Ltd,Manufacturing,1-50,1,Unknown,Email Campaign,Cloud Services,8.2,False,2026-06-23,2026-06,Contacted,2,Not Interested,,No Follow-up Needed,0.0,SR09,,No,Lost,0,1,2,2,0,3,2026-09-18,1,0,0,0,5,0,10,10,25,Cold
L1252,Pulse Pvt Ltd,E-commerce,501-1000,4,Bengaluru,Cold Calling,Cloud Services,161.6,False,2026-06-23,2026-06,Meeting,4,Meeting Scheduled,2026-09-26,Upcoming,0.0,SR07,,No,Open,1,2,3,1,1,8,2026-09-04,15,15,10,3,10,12,10,5,65,Warm
L1253,Ridge Engineering,Manufacturing,51-200,2,Delhi,Website,Digital Transformation,50.9,False,2026-06-23,2026-06,New,1,Follow-up Required,2026-10-07,Upcoming,0.0,SR01,,No,Open,2,0,0,0,0,2,,,5,10,6,0,0,10,0,31,Cold
L1254,Aurora Solutions,SaaS,51-200,2,Mumbai,LinkedIn,Cloud Services,36.8,True,2026-06-23,2026-06,Meeting,4,Waiting for Response,2026-10-07,Upcoming,0.0,SR02,,No,Open,2,2,2,1,1,9,2026-08-26,24,5,5,6,10,12,10,5,53,Cold
L1255,Falcon Software,SaaS,1-50,1,Noida,LinkedIn,Digital Transformation,8.1,False,2026-06-23,2026-06,New,1,Follow-up Required,2026-10-09,Upcoming,0.0,SR10,,No,Open,2,0,0,0,0,2,,,0,0,6,0,0,4,0,10,Cold
L1256,Xenon Manufacturing,Manufacturing,1-50,1,Hyderabad,Events,Digital Transformation,13.9,False,2026-06-23,2026-06,Contacted,2,Contacted,2026-09-26,Upcoming,0.0,SR04,,No,Open,2,0,2,1,0,4,2026-09-19,0,0,5,6,0,0,10,5,26,Cold
L1257,Ion Group,Retail,501-1000,4,Hyderabad,LinkedIn,Software Development,589.2,False,2026-06-24,2026-06,Proposal,5,Closed,,No Follow-up Needed,0.0,SR07,1220000,No,Lost,5,2,4,1,1,13,2026-08-30,20,15,20,10,10,12,4,5,76,Warm
L1258,Optima Learning,Education,501-1000,4,Jaipur,Events,Cybersecurity,270.1,False,2026-06-24,2026-06,Proposal,5,Waiting for Response,2026-09-07,Overdue,12.0,SR03,1210000,No,Open,5,4,4,1,1,15,2026-09-10,9,15,15,10,10,12,4,5,71,Warm
L1259,Vanguard Global,SaaS,1000+,5,Ahmedabad,Referral,DevOps,981.2,False,2026-06-24,2026-06,Proposal,5,Not Interested,,No Follow-up Needed,0.0,SR06,2045000,No,Lost,2,2,3,2,2,12,2026-09-07,12,20,20,6,10,20,10,10,96,Hot
L1260,Ion Supply Chain,Logistics,1000+,5,Hyderabad,LinkedIn,Software Development,1213.3,False,2026-06-24,2026-06,Qualified,3,Follow-up Required,2026-09-19,Due Today,0.0,SR07,,No,Open,1,1,1,0,0,3,2026-09-14,5,20,20,3,5,0,4,0,52,Cold
L1261,Vertex Ventures,SaaS,501-1000,4,Hyderabad,Cold Calling,Software Development,328.5,False,2026-06-24,2026-06,New,1,Follow-up Required,2026-09-29,Upcoming,0.0,SR04,,No,Open,2,0,0,0,0,2,,,15,15,6,0,0,4,0,40,Cold
L1262,Tundra Group,FinTech,51-200,2,Chennai,Events,Cybersecurity,36.0,False,2026-06-24,2026-06,New,1,Follow-up Required,2026-10-08,Upcoming,0.0,SR04,,No,Open,1,0,0,0,0,1,,,5,5,3,0,0,10,0,23,Cold
L1263,Himalaya Labs,Logistics,51-200,2,Ahmedabad,Email Campaign,Cloud Services,55.0,False,2026-06-25,2026-06,Meeting,4,Contacted,2026-09-18,Overdue,1.0,SR09,,No,Open,2,2,2,0,2,9,2026-09-13,6,5,10,6,10,20,10,0,61,Warm
L1264,Aryan Pvt Ltd,Manufacturing,201-500,3,Noida,Website,DevOps,198.0,False,2026-06-25,2026-06,New,1,Follow-up Required,2026-09-12,Overdue,7.0,SR10,,No,Open,1,0,0,0,0,1,,,10,10,3,0,0,4,0,27,Cold
L1265,Vanguard Finserv,FinTech,51-200,2,Hyderabad,Email Campaign,Cloud Services,26.1,False,2026-06-25,2026-06,Proposal,5,Not Interested,,No Follow-up Needed,0.0,SR04,370000,No,Lost,4,2,4,1,2,13,2026-09-01,18,5,5,10,10,20,10,5,65,Warm
L1266,Indus Softech,SaaS,201-500,3,Delhi,Google Search,DevOps,152.5,False,2026-06-25,2026-06,New,1,Follow-up Required,2026-09-19,Due Today,0.0,SR10,,No,Open,0,0,0,0,0,0,,,10,10,0,0,0,10,0,30,Cold
L1267,Indus Care Systems,Healthcare,501-1000,4,Noida,Events,Cybersecurity,410.8,True,2026-06-25,2026-06,Proposal,5,Not Interested,,No Follow-up Needed,0.0,SR01,2000000,No,Lost,5,2,3,2,3,13,2026-09-09,10,15,15,10,10,20,10,10,90,Hot
L1268,Urban Labs,Manufacturing,501-1000,4,Bengaluru,Referral,DevOps,410.7,False,2026-06-25,2026-06,Won,6,Closed,,No Follow-up Needed,0.0,SR08,1390000,Yes,Won,4,2,5,3,2,15,2026-09-19,0,15,15,10,10,20,4,10,84,Hot
L1269,Chakra Platforms,SaaS,51-200,2,Gurgaon,LinkedIn,DevOps,28.7,False,2026-06-25,2026-06,Proposal,5,Waiting for Response,2026-10-06,Upcoming,0.0,SR01,635000,No,Open,2,1,2,2,2,10,2026-09-10,9,5,5,6,5,20,10,10,61,Warm
L1270,Oasis Enterprises,SaaS,51-200,2,Bengaluru,Google Search,Software Development,47.1,False,2026-06-25,2026-06,Meeting,4,Waiting for Response,2026-10-10,Upcoming,0.0,SR07,,No,Open,1,1,2,1,2,6,2026-09-04,15,5,5,3,5,20,4,5,47,Cold
L1271,Madhav Apps,SaaS,51-200,2,Jaipur,Cold Calling,Software Development,31.7,False,2026-06-26,2026-06,Qualified,3,Meeting Scheduled,2026-10-01,Upcoming,0.0,SR10,,No,Open,1,1,2,1,0,4,2026-08-27,23,5,5,3,5,0,4,5,27,Cold
L1272,Optima Technologies,FinTech,51-200,2,Delhi,Events,Digital Transformation,41.9,False,2026-06-26,2026-06,Qualified,3,Follow-up Required,2026-10-10,Upcoming,0.0,SR05,,No,Open,2,1,1,0,0,5,2026-08-16,34,5,5,6,5,0,4,0,25,Cold
L1273,Banyan Ventures,Retail,51-200,2,Mumbai,Cold Calling,Cloud Services,36.6,False,2026-06-26,2026-06,Contacted,2,Follow-up Required,2026-09-20,Upcoming,0.0,SR09,,No,Open,0,0,2,2,0,3,2026-09-19,0,5,5,0,0,0,10,10,30,Cold
L1274,Lakshya Retail,Retail,51-200,2,Chennai,Cold Calling,Software Development,53.5,False,2026-06-26,2026-06,New,1,Follow-up Required,2026-10-09,Upcoming,0.0,SR08,,No,Open,1,0,0,0,0,1,,,5,10,3,0,0,4,0,22,Cold
L1275,Thrive Online,E-commerce,1-50,1,Hyderabad,LinkedIn,Cloud Services,12.3,False,2026-06-26,2026-06,Contacted,2,Not Interested,,No Follow-up Needed,0.0,SR04,,No,Lost,2,0,1,0,0,3,2026-07-06,75,0,5,6,0,0,10,0,21,Cold
L1276,Relay Ventures,Healthcare,201-500,3,Noida,LinkedIn,Digital Transformation,123.9,False,2026-06-26,2026-06,New,1,Follow-up Required,2026-09-26,Upcoming,0.0,SR05,,No,Open,2,0,0,0,0,2,,,10,10,6,0,0,10,0,36,Cold
L1277,Aryan Marketplace,E-commerce,1000+,5,Delhi,Cold Calling,Digital Transformation,2821.7,False,2026-06-26,2026-06,Meeting,4,Contacted,2026-09-20,Upcoming,0.0,SR03,,No,Open,2,1,3,2,1,8,2026-09-12,7,20,20,6,5,12,4,10,77,Warm
L1278,Bolt Industrial,Manufacturing,201-500,3,Delhi,Email Campaign,Cloud Services,78.4,False,2026-06-26,2026-06,New,1,Follow-up Required,2026-09-21,Upcoming,0.0,SR01,,No,Open,2,0,0,0,0,2,,,10,10,6,0,0,10,0,36,Cold
L1279,Radiant Platforms,SaaS,201-500,3,Bengaluru,Google Search,DevOps,48.7,False,2026-06-26,2026-06,Qualified,3,Contacted,2026-10-01,Upcoming,0.0,SR04,,No,Open,3,2,3,2,0,8,2026-08-20,30,10,5,6,10,0,10,10,51,Cold
L1280,Ishaan Retail Tech,E-commerce,201-500,3,Delhi,LinkedIn,Cloud Services,68.1,False,2026-06-26,2026-06,Proposal,5,Not Interested,,No Follow-up Needed,0.0,SR10,970000,No,Lost,2,3,4,1,3,13,2026-09-15,4,10,10,6,10,20,10,5,71,Warm
L1281,Kestrel Industries,Logistics,1-50,1,Noida,Website,Software Development,8.8,False,2026-06-26,2026-06,Contacted,2,Contacted,2026-10-02,Upcoming,0.0,SR01,,No,Open,0,1,2,0,0,3,2026-08-24,26,0,0,0,5,0,4,0,9,Cold
L1282,Ember Manufacturing,Manufacturing,201-500,3,Chennai,Cold Calling,Software Development,121.4,True,2026-06-26,2026-06,Qualified,3,Not Interested,,No Follow-up Needed,0.0,SR08,,No,Lost,0,1,3,1,0,4,2026-08-26,24,10,10,0,5,0,4,5,34,Cold
L1283,Sagar Networks,E-commerce,501-1000,4,Bengaluru,Cold Calling,Cloud Services,166.5,False,2026-06-27,2026-06,Contacted,2,Contacted,2026-09-19,Due Today,0.0,SR08,,No,Open,1,0,1,1,0,2,2026-09-18,1,15,10,3,0,0,10,5,43,Cold
L1284,Pinnacle Freight,Logistics,1000+,5,Bengaluru,Events,Cybersecurity,1944.9,False,2026-06-27,2026-06,Contacted,2,Follow-up Required,2026-09-20,Upcoming,0.0,SR07,,No,Open,2,0,1,0,0,3,2026-07-29,52,20,20,6,0,0,4,0,50,Cold
L1285,Sagar Diagnostics,Healthcare,51-200,2,Pune,Website,Cybersecurity,43.3,False,2026-06-27,2026-06,Qualified,3,Waiting for Response,2026-10-04,Upcoming,0.0,SR02,,No,Open,3,0,1,0,0,5,2026-09-07,12,5,5,6,0,0,10,0,26,Cold
L1286,Yonder Commerce,E-commerce,1000+,5,Bengaluru,LinkedIn,Cloud Services,1426.4,False,2026-06-27,2026-06,Qualified,3,Waiting for Response,2026-10-10,Upcoming,0.0,SR08,,No,Open,1,1,1,1,0,3,2026-09-06,13,20,20,3,5,0,10,5,63,Warm
L1287,Trident Commerce,E-commerce,51-200,2,Hyderabad,LinkedIn,Digital Transformation,11.7,False,2026-06-27,2026-06,Meeting,4,Meeting Scheduled,2026-10-01,Upcoming,0.0,SR07,,No,Open,2,1,3,1,1,8,2026-09-13,6,5,5,6,5,12,4,5,42,Cold
L1288,Zephyr Networks,FinTech,1-50,1,Mumbai,Website,Cloud Services,2.5,False,2026-06-27,2026-06,Meeting,4,Not Interested,,No Follow-up Needed,0.0,SR06,,No,Lost,4,1,2,1,1,8,2026-09-15,4,0,0,10,5,12,10,5,42,Cold
L1289,Lotus Platforms,SaaS,501-1000,4,Pune,Events,Cloud Services,408.2,False,2026-06-27,2026-06,New,1,Follow-up Required,2026-09-28,Upcoming,0.0,SR02,,No,Open,1,0,0,0,0,1,,,15,15,3,0,0,10,0,43,Cold
L1290,Meridian Industries,E-commerce,1-50,1,Pune,Cold Calling,Cloud Services,13.2,False,2026-06-27,2026-06,New,1,Follow-up Required,2026-09-11,Overdue,8.0,SR06,,No,Open,2,0,0,0,0,2,,,0,5,6,0,0,10,0,21,Cold
L1291,Quartz Systems,Education,51-200,2,Gurgaon,Website,Cybersecurity,46.4,False,2026-06-27,2026-06,Won,6,Closed,,No Follow-up Needed,0.0,SR03,645000,Yes,Won,3,2,3,1,1,11,2026-09-11,8,5,5,6,10,12,4,5,47,Cold
L1292,Unity Stores,Retail,201-500,3,Pune,Email Campaign,Cybersecurity,195.9,False,2026-06-28,2026-06,New,1,Follow-up Required,2026-09-20,Upcoming,0.0,SR09,,No,Open,1,0,0,0,0,1,,,10,10,3,0,0,4,0,27,Cold
L1293,Thrive Engineering,Manufacturing,1000+,5,Chennai,Cold Calling,Digital Transformation,994.1,False,2026-06-28,2026-06,Contacted,2,Waiting for Response,2026-10-10,Upcoming,0.0,SR04,,No,Open,0,0,1,0,0,2,2026-08-15,35,20,20,0,0,0,10,0,50,Cold
L1294,Dhruv Systems,Retail,51-200,2,Mumbai,LinkedIn,Digital Transformation,53.3,False,2026-06-28,2026-06,Qualified,3,Waiting for Response,2026-10-04,Upcoming,0.0,SR09,,No,Open,0,2,1,1,0,3,2026-08-19,31,5,10,0,10,0,10,5,40,Cold
L1295,Cedar Systems,Education,51-200,2,Delhi,LinkedIn,Cloud Services,50.0,False,2026-06-28,2026-06,Proposal,5,Closed,,No Follow-up Needed,0.0,SR01,780000,No,Lost,4,1,2,0,2,12,2026-08-26,24,5,10,10,5,20,4,0,54,Cold
L1296,Summit Systems,Logistics,1-50,1,Unknown,Website,Cloud Services,3.9,False,2026-06-28,2026-06,Qualified,3,Contacted,2026-09-05,Overdue,14.0,SR01,,No,Open,0,1,1,0,0,3,2026-07-28,53,0,0,0,5,0,10,0,15,Cold
L1297,Hive Cloudware,SaaS,1-50,1,Gurgaon,Email Campaign,DevOps,14.4,False,2026-06-28,2026-06,Qualified,3,Follow-up Required,2026-09-20,Upcoming,0.0,SR10,,No,Open,3,1,3,2,0,7,2026-08-30,20,0,5,6,5,0,10,10,36,Cold
L1298,Lakshya Capital Tech,FinTech,51-200,2,Mumbai,Email Campaign,Cloud Services,17.1,False,2026-06-29,2026-06,Meeting,4,Not Interested,,No Follow-up Needed,0.0,SR06,,No,Lost,2,1,3,0,1,8,2026-09-07,12,5,5,6,5,12,10,0,43,Cold
L1299,Relay Industrial,Manufacturing,201-500,3,Mumbai,Cold Calling,Digital Transformation,95.0,False,2026-06-29,2026-06,Meeting,4,Contacted,2026-09-21,Upcoming,0.0,SR06,,No,Open,2,1,3,0,2,8,2026-09-12,7,10,10,6,5,20,10,0,61,Warm
L1300,Falcon Stores,Retail,1-50,1,Ahmedabad,LinkedIn,Software Development,14.0,False,2026-06-29,2026-06,New,1,Follow-up Required,2026-10-06,Upcoming,0.0,SR02,,No,Open,1,0,0,0,0,1,,,0,5,3,0,0,4,0,12,Cold
L1301,Banyan Networks,Manufacturing,201-500,3,Delhi,Cold Calling,Digital Transformation,91.3,False,2026-06-29,2026-06,Contacted,2,Follow-up Required,2026-09-25,Upcoming,0.0,SR05,,No,Open,0,0,2,1,0,2,2026-08-14,36,10,10,0,0,0,10,5,35,Cold
L1302,Trident Industries,E-commerce,1000+,5,Mumbai,Website,Digital Transformation,2228.9,False,2026-06-29,2026-06,New,1,Follow-up Required,2026-10-06,Upcoming,0.0,SR02,,No,Open,2,0,0,0,0,2,,,20,20,6,0,0,4,0,50,Cold
L1303,Indus Health,Healthcare,201-500,3,Delhi,Website,Cybersecurity,72.8,False,2026-06-29,2026-06,Contacted,2,Follow-up Required,2026-10-03,Upcoming,0.0,SR03,,No,Open,2,0,2,0,0,5,2026-09-10,9,10,10,6,0,0,10,0,36,Cold
L1304,Aurora Freight,Logistics,1000+,5,Unknown,Google Search,Cloud Services,1091.4,False,2026-06-29,2026-06,Qualified,3,Follow-up Required,2026-09-25,Upcoming,0.0,SR04,,No,Open,2,1,1,0,0,4,2026-09-08,11,20,20,6,5,0,10,0,61,Warm
L1305,Optima Logistics,Logistics,1-50,1,Delhi,Google Search,Software Development,3.0,False,2026-06-29,2026-06,Contacted,2,Waiting for Response,2026-10-05,Upcoming,0.0,SR03,,No,Open,2,0,2,0,0,4,2026-09-10,9,0,0,6,0,0,4,0,10,Cold
L1306,Orbit Platforms,SaaS,501-1000,4,Hyderabad,Events,Cloud Services,410.8,False,2026-06-29,2026-06,New,1,Follow-up Required,2026-10-07,Upcoming,0.0,SR08,,No,Open,1,0,0,0,0,1,,,15,15,3,0,0,10,0,43,Cold
L1307,Vayu Payments,FinTech,201-500,3,Mumbai,Referral,Software Development,145.2,False,2026-06-29,2026-06,Qualified,3,Follow-up Required,2026-09-08,Overdue,11.0,SR02,,No,Open,2,1,2,1,0,5,2026-08-27,23,10,10,6,5,0,4,5,40,Cold
L1308,Uday Manufacturing,Manufacturing,1-50,1,Bengaluru,LinkedIn,Digital Transformation,9.7,False,2026-06-30,2026-06,Contacted,2,Not Interested,,No Follow-up Needed,0.0,SR07,,No,Lost,0,1,1,1,0,2,2026-07-09,72,0,0,0,5,0,10,5,20,Cold
L1309,Indus Platforms,SaaS,51-200,2,Hyderabad,LinkedIn,Digital Transformation,36.8,True,2026-06-30,2026-06,Qualified,3,Follow-up Required,2026-10-06,Upcoming,0.0,SR08,,No,Open,3,0,1,0,0,6,2026-08-31,19,5,5,6,0,0,4,0,20,Cold
L1310,Optima Manufacturing,Manufacturing,201-500,3,Bengaluru,LinkedIn,Cybersecurity,169.5,False,2026-06-30,2026-06,Qualified,3,Not Interested,,No Follow-up Needed,0.0,SR04,,No,Lost,0,2,1,1,0,3,2026-09-04,15,10,10,0,10,0,4,5,39,Cold
L1311,Cedar Supply Chain,Logistics,51-200,2,Bengaluru,LinkedIn,DevOps,33.4,False,2026-06-30,2026-06,Contacted,2,Waiting for Response,2026-09-09,Overdue,10.0,SR07,,No,Open,2,0,2,1,0,5,2026-08-26,24,5,5,6,0,0,4,5,25,Cold
L1312,Orbit Systems,Healthcare,1000+,5,Delhi,Events,Cloud Services,1334.3,False,2026-06-30,2026-06,Meeting,4,Meeting Scheduled,2026-10-01,Upcoming,0.0,SR05,,No,Open,3,0,2,1,2,8,2026-09-03,16,20,20,6,0,20,4,5,75,Warm
L1313,Nexora Wealth Tech,FinTech,1000+,5,Gurgaon,Website,Software Development,1645.3,False,2026-06-30,2026-06,Contacted,2,Waiting for Response,2026-10-02,Upcoming,0.0,SR03,,No,Open,2,0,1,0,0,3,2026-09-09,10,20,20,6,0,0,4,0,50,Cold
L1314,Ion Industrial,Manufacturing,501-1000,4,Bengaluru,Referral,Digital Transformation,377.5,False,2026-06-30,2026-06,Qualified,3,Waiting for Response,2026-09-30,Upcoming,0.0,SR08,,No,Open,3,1,1,1,0,6,2026-09-05,14,15,15,6,5,0,10,5,56,Cold
L1315,Crest Pvt Ltd,Retail,1-50,1,Chennai,Google Search,Software Development,3.7,False,2026-06-30,2026-06,Contacted,2,Follow-up Required,2026-09-24,Upcoming,0.0,SR08,,No,Open,0,0,2,0,0,2,2026-09-03,16,0,0,0,0,0,4,0,4,Cold
L1316,Unity Labs,Manufacturing,1-50,1,Delhi,Website,Digital Transformation,9.1,False,2026-06-30,2026-06,Contacted,2,Follow-up Required,2026-09-19,Due Today,0.0,SR10,,No,Open,2,0,1,0,0,3,2026-07-14,67,0,0,6,0,0,10,0,16,Cold
L1317,Oasis Industries,Education,201-500,3,Hyderabad,Google Search,Digital Transformation,131.0,False,2026-06-30,2026-06,Meeting,4,Follow-up Required,2026-09-12,Overdue,7.0,SR04,,No,Open,2,1,2,1,1,6,2026-08-21,29,10,10,6,5,12,10,5,58,Cold
L1318,Bolt Labs,Manufacturing,51-200,2,Delhi,Referral,Cloud Services,19.7,False,2026-06-30,2026-06,Meeting,4,Contacted,2026-10-03,Upcoming,0.0,SR03,,No,Open,3,2,2,1,2,10,2026-09-10,9,5,5,6,10,20,10,5,61,Warm
L1319,Madhav Mart,Retail,201-500,3,Mumbai,Google Search,Digital Transformation,131.1,False,2026-06-30,2026-06,Contacted,2,Contacted,2026-09-25,Upcoming,0.0,SR09,,No,Open,1,0,1,0,0,2,2026-09-03,16,10,10,3,0,0,10,0,33,Cold
L1320,Evergreen Supply Chain,Logistics,1-50,1,Gurgaon,Cold Calling,Cloud Services,3.5,False,2026-06-30,2026-06,Qualified,3,Meeting Scheduled,2026-09-30,Upcoming,0.0,SR05,,No,Open,1,1,3,0,0,5,2026-08-23,27,0,0,3,5,0,10,0,18,Cold
L1321,Evergreen Online,E-commerce,201-500,3,Noida,Website,Cloud Services,132.1,False,2026-06-30,2026-06,Won,6,Closed,,No Follow-up Needed,0.0,SR05,805000,Yes,Won,5,4,5,2,1,16,2026-09-16,3,10,10,10,10,12,10,10,72,Warm
L1322,Uday Solutions,SaaS,201-500,3,Hyderabad,Referral,DevOps,121.4,True,2026-07-01,2026-07,Proposal,5,Not Interested,,No Follow-up Needed,0.0,SR04,1120000,No,Lost,3,0,4,1,1,13,2026-09-14,5,10,10,6,0,12,10,5,53,Cold
L1323,Oasis Ventures,Logistics,201-500,3,Delhi,Website,Cybersecurity,44.5,False,2026-07-01,2026-07,New,1,Follow-up Required,2026-09-19,Due Today,0.0,SR03,,No,Open,1,0,0,0,0,1,,,10,5,3,0,0,4,0,22,Cold
L1324,Himalaya Pvt Ltd,SaaS,51-200,2,Mumbai,LinkedIn,DevOps,35.9,False,2026-07-01,2026-07,Qualified,3,Follow-up Required,2026-09-15,Overdue,4.0,SR09,,No,Open,1,0,2,1,0,4,2026-09-02,17,5,5,3,0,0,10,5,28,Cold
L1325,Drift Cloudware,SaaS,201-500,3,Jaipur,Cold Calling,Software Development,127.6,False,2026-07-01,2026-07,Qualified,3,Follow-up Required,2026-09-15,Overdue,4.0,SR10,,No,Open,3,1,2,1,0,6,2026-09-17,2,10,10,6,5,0,4,5,40,Cold
L1326,Spark Group,Manufacturing,501-1000,4,Hyderabad,Email Campaign,Software Development,215.9,False,2026-07-01,2026-07,Qualified,3,Follow-up Required,2026-09-01,Overdue,18.0,SR08,,No,Open,2,1,2,1,0,6,2026-09-08,11,15,15,6,5,0,4,5,50,Cold
L1327,Oasis Health,Healthcare,51-200,2,Delhi,Referral,Software Development,31.8,False,2026-07-01,2026-07,Contacted,2,Waiting for Response,2026-10-07,Upcoming,0.0,SR05,,No,Open,2,0,1,1,0,4,2026-07-23,58,5,5,6,0,0,4,5,25,Cold
L1328,Orbit Labs,E-commerce,1-50,1,Hyderabad,Email Campaign,Software Development,14.1,False,2026-07-01,2026-07,New,1,Follow-up Required,2026-09-22,Upcoming,0.0,SR08,,No,Open,1,0,0,0,0,1,,,0,5,3,0,0,10,0,18,Cold
L1329,Ridge Labs,FinTech,1-50,1,Bengaluru,LinkedIn,Cloud Services,4.2,False,2026-07-01,2026-07,Meeting,4,Contacted,2026-10-05,Upcoming,0.0,SR07,,No,Open,4,3,3,0,2,12,2026-09-07,12,0,0,10,10,20,10,0,50,Cold
L1330,Astra Care Systems,Healthcare,1000+,5,Delhi,Google Search,Cybersecurity,2083.5,False,2026-07-02,2026-07,Qualified,3,Follow-up Required,2026-10-08,Upcoming,0.0,SR10,,No,Open,2,0,3,2,0,7,2026-09-05,14,20,20,6,0,0,10,10,66,Warm
L1331,Orbit EdTech,Education,51-200,2,Mumbai,Website,Cloud Services,50.9,False,2026-07-02,2026-07,Proposal,5,Closed,,No Follow-up Needed,0.0,SR09,755000,No,Lost,2,1,2,1,3,11,2026-08-23,27,5,10,6,5,20,4,5,55,Cold
L1332,Vivid Knowledge,Education,51-200,2,Delhi,Referral,Cloud Services,20.8,False,2026-07-02,2026-07,Contacted,2,Follow-up Required,2026-09-23,Upcoming,0.0,SR10,,No,Open,0,0,1,1,0,2,2026-08-23,27,5,5,0,0,0,4,5,19,Cold
L1333,Aurora Technologies,Retail,501-1000,4,Noida,LinkedIn,Digital Transformation,412.4,False,2026-07-02,2026-07,Proposal,5,Waiting for Response,2026-09-06,Overdue,13.0,SR05,1890000,No,Open,2,2,3,1,2,11,2026-09-19,0,15,15,6,10,20,10,5,81,Hot
L1334,Vista Softech,Healthcare,1-50,1,Pune,Website,Digital Transformation,8.3,False,2026-07-02,2026-07,New,1,Follow-up Required,2026-10-08,Upcoming,0.0,SR06,,No,Open,0,0,0,0,0,0,,,0,0,0,0,0,10,0,10,Cold
L1335,Bluepeak Capital Tech,FinTech,1-50,1,Bengaluru,Email Campaign,Digital Transformation,8.9,False,2026-07-02,2026-07,Qualified,3,Waiting for Response,2026-10-10,Upcoming,0.0,SR08,,No,Open,0,0,3,2,0,4,2026-09-19,0,0,0,0,0,0,4,10,14,Cold
L1336,Jolt Networks,Retail,51-200,2,Bengaluru,LinkedIn,Cybersecurity,15.7,False,2026-07-02,2026-07,Meeting,4,Meeting Scheduled,2026-09-23,Upcoming,0.0,SR08,,No,Open,1,0,2,2,1,8,2026-09-14,5,5,5,3,0,12,4,10,39,Cold
L1337,Lotus Group,Healthcare,501-1000,4,Mumbai,Cold Calling,Software Development,545.4,False,2026-07-02,2026-07,Proposal,5,Follow-up Required,2026-09-20,Upcoming,0.0,SR06,1225000,No,Open,3,1,3,2,2,10,2026-08-07,43,15,20,6,5,20,4,10,80,Hot
L1338,Dhruv Labs,E-commerce,1-50,1,Delhi,LinkedIn,DevOps,13.7,False,2026-07-03,2026-07,Qualified,3,Waiting for Response,2026-09-19,Due Today,0.0,SR05,,No,Open,1,1,2,2,0,5,2026-09-03,16,0,5,3,5,0,4,10,27,Cold
L1339,Lakshya Global,Retail,201-500,3,Mumbai,Cold Calling,Cloud Services,171.0,False,2026-07-03,2026-07,Contacted,2,Not Interested,,No Follow-up Needed,0.0,SR09,,No,Lost,2,0,1,1,0,3,2026-09-02,17,10,10,6,0,0,10,5,41,Cold
L1340,Vertex Online,E-commerce,1000+,5,Bengaluru,Events,Software Development,1746.5,False,2026-07-03,2026-07,Contacted,2,Follow-up Required,2026-09-22,Upcoming,0.0,SR04,,No,Open,1,1,1,1,0,3,2026-07-27,54,20,20,3,5,0,10,5,63,Warm
L1341,Vivid Ventures,Healthcare,51-200,2,Delhi,Google Search,Cybersecurity,17.7,False,2026-07-03,2026-07,Proposal,5,Not Interested,,No Follow-up Needed,0.0,SR03,480000,No,Lost,3,1,4,1,3,12,2026-09-14,5,5,5,6,5,20,10,5,56,Cold
L1342,Apex Cloudware,SaaS,1-50,1,Delhi,Referral,Cybersecurity,4.5,False,2026-07-03,2026-07,New,1,Follow-up Required,2026-09-15,Overdue,4.0,SR10,,No,Open,1,0,0,0,0,1,,,0,0,3,0,0,4,0,7,Cold
L1343,Madhav Ventures,SaaS,1-50,1,Delhi,Events,Cloud Services,3.2,False,2026-07-03,2026-07,Contacted,2,Contacted,2026-09-19,Due Today,0.0,SR01,,No,Open,0,0,2,0,0,2,2026-09-03,16,0,0,0,0,0,10,0,10,Cold
L1344,Thrive Technologies,Healthcare,501-1000,4,Pune,Email Campaign,Digital Transformation,556.1,False,2026-07-03,2026-07,New,1,Follow-up Required,2026-10-02,Upcoming,0.0,SR09,,No,Open,2,0,0,0,0,2,,,15,20,6,0,0,10,0,51,Cold
L1345,Jade Solutions,E-commerce,201-500,3,Mumbai,LinkedIn,Cloud Services,91.4,False,2026-07-03,2026-07,New,1,Follow-up Required,2026-09-01,Overdue,18.0,SR09,,No,Open,1,0,0,0,0,1,,,10,10,3,0,0,10,0,33,Cold
L1346,Prism Finserv,FinTech,1-50,1,Bengaluru,Website,Cloud Services,5.0,False,2026-07-03,2026-07,New,1,Follow-up Required,2026-10-04,Upcoming,0.0,SR08,,No,Open,0,0,0,0,0,0,,,0,0,0,0,0,10,0,10,Cold
L1347,Oasis MedTech,Healthcare,201-500,3,Bengaluru,Cold Calling,Digital Transformation,106.3,False,2026-07-03,2026-07,Qualified,3,Not Interested,,No Follow-up Needed,0.0,SR04,,No,Lost,3,2,1,1,0,6,2026-09-10,9,10,10,6,10,0,10,5,51,Cold
L1348,Vayu Technologies,Education,501-1000,4,Bengaluru,LinkedIn,Software Development,572.1,False,2026-07-03,2026-07,Qualified,3,Follow-up Required,2026-09-28,Upcoming,0.0,SR04,,No,Open,2,1,3,1,0,7,2026-09-02,17,15,20,6,5,0,10,5,61,Warm
L1349,Ishaan Pvt Ltd,Healthcare,201-500,3,Mumbai,Google Search,Cybersecurity,188.4,False,2026-07-04,2026-07,Qualified,3,Meeting Scheduled,2026-09-29,Upcoming,0.0,SR06,,No,Open,2,1,2,0,0,5,2026-09-06,13,10,10,6,5,0,10,0,41,Cold
L1350,Summit Payments,FinTech,1000+,5,Delhi,Events,Software Development,1397.0,False,2026-07-04,2026-07,Contacted,2,Waiting for Response,2026-09-24,Upcoming,0.0,SR03,,No,Open,1,0,2,0,0,3,2026-08-03,47,20,20,3,0,0,4,0,47,Cold
L1351,Paragon Technologies,Healthcare,201-500,3,Noida,Referral,DevOps,121.4,False,2026-07-04,2026-07,Proposal,5,Waiting for Response,2026-10-03,Upcoming,0.0,SR01,620000,No,Open,5,2,2,1,3,13,2026-09-08,11,10,10,10,10,20,4,5,69,Warm
L1352,Thrive Components,Manufacturing,501-1000,4,Pune,Google Search,Digital Transformation,376.7,False,2026-07-04,2026-07,Qualified,3,Follow-up Required,2026-09-29,Upcoming,0.0,SR09,,No,Open,0,1,1,0,0,2,2026-09-16,3,15,15,0,5,0,10,0,45,Cold
L1353,Astra Group,E-commerce,51-200,2,Bengaluru,Referral,DevOps,33.1,False,2026-07-04,2026-07,Qualified,3,Follow-up Required,2026-09-26,Upcoming,0.0,SR04,,No,Open,0,1,2,0,0,4,2026-09-09,10,5,5,0,5,0,4,0,19,Cold
L1354,Sagar Systems,FinTech,51-200,2,Jaipur,Referral,Cybersecurity,53.2,False,2026-07-04,2026-07,Won,6,Closed,,No Follow-up Needed,0.0,SR05,565000,Yes,Won,3,3,3,2,1,12,2026-09-15,4,5,10,6,10,12,10,10,63,Warm
L1355,Xenon Wealth Tech,FinTech,51-200,2,Bengaluru,LinkedIn,Cybersecurity,19.0,False,2026-07-04,2026-07,New,1,Follow-up Required,2026-09-21,Upcoming,0.0,SR07,,No,Open,2,0,0,0,0,2,,,5,5,6,0,0,10,0,26,Cold
L1356,Drift Care Systems,Healthcare,51-200,2,Mumbai,Website,Cybersecurity,16.6,False,2026-07-05,2026-07,New,1,Follow-up Required,2026-09-24,Upcoming,0.0,SR09,,No,Open,0,0,0,0,0,0,,,5,5,0,0,0,10,0,20,Cold
L1357,Gravity Industrial,Manufacturing,201-500,3,Delhi,Cold Calling,DevOps,109.0,False,2026-07-05,2026-07,New,1,Follow-up Required,2026-09-23,Upcoming,0.0,SR03,,No,Open,0,0,0,0,0,0,,,10,10,0,0,0,4,0,24,Cold
L1358,Onyx Group,SaaS,1-50,1,Gurgaon,Cold Calling,DevOps,11.2,False,2026-07-05,2026-07,Qualified,3,Follow-up Required,2026-10-08,Upcoming,0.0,SR10,,No,Open,0,1,1,1,0,2,2026-09-14,5,0,5,0,5,0,10,5,25,Cold
L1359,Glide Ventures,SaaS,201-500,3,Hyderabad,Website,Digital Transformation,170.0,False,2026-07-05,2026-07,Contacted,2,Waiting for Response,2026-10-03,Upcoming,0.0,SR08,,No,Open,2,1,2,0,0,5,2026-09-12,7,10,10,6,5,0,4,0,35,Cold
L1360,Echo Industries,SaaS,51-200,2,Delhi,Google Search,Cloud Services,55.8,False,2026-07-05,2026-07,Won,6,Closed,,No Follow-up Needed,0.0,SR10,605000,Yes,Won,3,2,3,2,2,11,2026-08-17,33,5,10,6,10,20,10,10,71,Warm
L1361,Xenon Retail,Retail,1-50,1,Hyderabad,Referral,Cybersecurity,7.4,False,2026-07-05,2026-07,New,1,Follow-up Required,2026-09-24,Upcoming,0.0,SR04,,No,Open,2,0,0,0,0,2,,,0,0,6,0,0,4,0,10,Cold
L1362,Quantum Stores,Retail,201-500,3,Jaipur,Email Campaign,Digital Transformation,193.1,False,2026-07-05,2026-07,Qualified,3,Contacted,2026-09-20,Upcoming,0.0,SR05,,No,Open,0,1,1,0,0,3,2026-09-13,6,10,10,0,5,0,10,0,35,Cold
L1363,Rudra Pvt Ltd,FinTech,1-50,1,Delhi,Cold Calling,Cloud Services,2.8,False,2026-07-05,2026-07,New,1,Follow-up Required,2026-09-30,Upcoming,0.0,SR03,,No,Open,2,0,0,0,0,2,,,0,0,6,0,0,10,0,16,Cold
L1364,Zeal Commerce,E-commerce,201-500,3,Pune,Email Campaign,Software Development,111.5,False,2026-07-05,2026-07,Qualified,3,Waiting for Response,2026-09-29,Upcoming,0.0,SR09,,No,Open,2,2,3,0,0,7,2026-09-18,1,10,10,6,10,0,10,0,46,Cold
L1365,Wavelet Systems,E-commerce,51-200,2,Mumbai,Google Search,Software Development,49.9,False,2026-07-05,2026-07,New,1,Follow-up Required,2026-09-22,Upcoming,0.0,SR09,,No,Open,1,0,0,0,0,1,,,5,5,3,0,0,10,0,23,Cold
L1366,Drift Systems,E-commerce,1-50,1,Pune,LinkedIn,Digital Transformation,5.4,False,2026-07-05,2026-07,Contacted,2,Not Interested,,No Follow-up Needed,0.0,SR09,,No,Lost,1,0,2,0,0,3,2026-07-27,54,0,0,3,0,0,4,0,7,Cold
L1367,Echo Solutions,Logistics,51-200,2,Hyderabad,Cold Calling,Software Development,10.3,False,2026-07-05,2026-07,Qualified,3,Follow-up Required,2026-09-27,Upcoming,0.0,SR07,,No,Open,3,2,2,1,0,7,2026-08-17,33,5,5,6,10,0,4,5,35,Cold
L1368,Urban Health,Healthcare,1000+,5,Mumbai,LinkedIn,Digital Transformation,679.5,False,2026-07-06,2026-07,Won,6,Closed,,No Follow-up Needed,0.0,SR06,2500000,Yes,Won,6,3,5,1,2,18,2026-09-14,5,20,20,10,10,20,10,5,95,Hot
L1369,Hive Care Systems,Healthcare,51-200,2,Noida,LinkedIn,Cybersecurity,13.2,False,2026-07-06,2026-07,Qualified,3,Follow-up Required,2026-09-27,Upcoming,0.0,SR10,,No,Open,0,1,1,0,0,2,2026-09-09,10,5,5,0,5,0,10,0,25,Cold
L1370,Uday Group,Logistics,1-50,1,Mumbai,LinkedIn,Digital Transformation,6.7,False,2026-07-06,2026-07,Contacted,2,Not Interested,,No Follow-up Needed,0.0,SR06,,No,Lost,0,0,1,0,0,1,2026-09-10,9,0,0,0,0,0,10,0,10,Cold
L1371,Bolt Group,FinTech,51-200,2,Pune,Events,Cybersecurity,36.1,False,2026-07-06,2026-07,New,1,Follow-up Required,2026-10-09,Upcoming,0.0,SR06,,No,Open,1,0,0,0,0,1,,,5,5,3,0,0,10,0,23,Cold
L1372,Ekam Labs,Manufacturing,201-500,3,Mumbai,Events,DevOps,121.4,True,2026-07-06,2026-07,Proposal,5,Waiting for Response,2026-09-21,Upcoming,0.0,SR02,595000,No,Open,4,0,2,1,3,11,2026-09-07,12,10,10,10,0,20,4,5,59,Cold
L1373,Trident Supply Chain,Logistics,51-200,2,Delhi,Cold Calling,Digital Transformation,27.1,False,2026-07-07,2026-07,New,1,Follow-up Required,2026-09-19,Due Today,0.0,SR03,,No,Open,0,0,0,0,0,0,,,5,5,0,0,0,10,0,20,Cold
L1374,Drift Technologies,Logistics,51-200,2,Mumbai,Email Campaign,Software Development,55.0,False,2026-07-07,2026-07,Qualified,3,Not Interested,,No Follow-up Needed,0.0,SR06,,No,Lost,2,1,2,1,0,5,2026-09-05,14,5,10,6,5,0,4,5,35,Cold
L1375,Flux Cloudware,SaaS,51-200,2,Bengaluru,Cold Calling,Cybersecurity,34.5,False,2026-07-07,2026-07,Contacted,2,Follow-up Required,2026-10-03,Upcoming,0.0,SR07,,No,Open,0,0,2,0,0,2,2026-09-01,18,5,5,0,0,0,4,0,14,Cold
L1376,Spark Softech,Retail,501-1000,4,Mumbai,LinkedIn,Digital Transformation,230.4,False,2026-07-07,2026-07,Contacted,2,Waiting for Response,2026-09-30,Upcoming,0.0,SR06,,No,Open,0,0,2,0,0,2,2026-08-23,27,15,15,0,0,0,10,0,40,Cold
L1377,Yash Enterprises,FinTech,1000+,5,Hyderabad,Cold Calling,Cloud Services,2289.6,False,2026-07-07,2026-07,Meeting,4,Follow-up Required,2026-09-19,Due Today,0.0,SR04,,No,Open,4,2,3,0,1,12,2026-09-13,6,20,20,10,10,12,10,0,82,Hot
L1378,Kaveri Solutions,SaaS,201-500,3,Delhi,Website,Digital Transformation,107.0,False,2026-07-07,2026-07,Qualified,3,Not Interested,,No Follow-up Needed,0.0,SR03,,No,Lost,1,1,1,0,0,3,2026-09-03,16,10,10,3,5,0,4,0,32,Cold
L1379,Narmada Apps,SaaS,1000+,5,Delhi,LinkedIn,DevOps,1842.5,False,2026-07-08,2026-07,Qualified,3,Not Interested,,No Follow-up Needed,0.0,SR03,,No,Lost,3,1,1,1,0,6,2026-08-30,20,20,20,6,5,0,10,5,66,Warm
L1380,Lumina Components,Manufacturing,1000+,5,Pune,Cold Calling,Digital Transformation,1174.3,False,2026-07-08,2026-07,Contacted,2,Follow-up Required,2026-09-25,Upcoming,0.0,SR02,,No,Open,2,0,2,1,0,5,2026-08-04,46,20,20,6,0,0,10,5,61,Warm
L1381,Vista Engineering,Manufacturing,51-200,2,Bengaluru,Events,Digital Transformation,58.0,False,2026-07-08,2026-07,New,1,Follow-up Required,2026-09-20,Upcoming,0.0,SR07,,No,Open,1,0,0,0,0,1,,,5,10,3,0,0,10,0,28,Cold
L1382,Evergreen Academy Systems,Education,1000+,5,Bengaluru,Website,Cloud Services,2811.6,False,2026-07-08,2026-07,Contacted,2,Not Interested,,No Follow-up Needed,0.0,SR04,,No,Lost,1,0,2,0,0,4,2026-08-21,29,20,20,3,0,0,4,0,47,Cold
L1383,Flux Care Systems,Healthcare,201-500,3,Bengaluru,Cold Calling,Software Development,187.5,False,2026-07-08,2026-07,New,1,Follow-up Required,2026-09-25,Upcoming,0.0,SR08,,No,Open,0,0,0,0,0,0,,,10,10,0,0,0,4,0,24,Cold
L1384,Cobalt Capital Tech,FinTech,1-50,1,Delhi,LinkedIn,Software Development,12.1,False,2026-07-08,2026-07,Qualified,3,Follow-up Required,2026-10-05,Upcoming,0.0,SR03,,No,Open,1,1,3,1,0,5,2026-09-13,6,0,5,3,5,0,4,5,22,Cold
L1385,Echo Systems,Healthcare,201-500,3,Bengaluru,Referral,Software Development,60.7,False,2026-07-08,2026-07,Won,6,Closed,,No Follow-up Needed,0.0,SR04,1085000,Yes,Won,5,0,3,0,2,14,2026-09-15,4,10,10,10,0,20,4,0,54,Cold
L1386,Madhav Logistics,Logistics,201-500,3,Jaipur,LinkedIn,DevOps,86.4,False,2026-07-09,2026-07,Won,6,Closed,,No Follow-up Needed,0.0,SR10,640000,Yes,Won,4,3,4,1,2,14,2026-09-18,1,10,10,10,10,20,4,5,69,Warm
L1387,Kestrel Online,E-commerce,501-1000,4,Hyderabad,Cold Calling,DevOps,472.8,False,2026-07-09,2026-07,Contacted,2,Not Interested,,No Follow-up Needed,0.0,SR04,,No,Lost,2,0,2,1,0,4,2026-09-15,4,15,15,6,0,0,4,5,45,Cold
L1388,Rudra Solutions,Logistics,201-500,3,Chennai,Referral,Digital Transformation,193.1,False,2026-07-09,2026-07,Qualified,3,Follow-up Required,2026-10-03,Upcoming,0.0,SR07,,No,Open,2,2,3,3,0,7,2026-09-04,15,10,10,6,10,0,10,10,56,Cold
L1389,Bluepeak Ventures,Healthcare,501-1000,4,Jaipur,LinkedIn,Digital Transformation,435.0,False,2026-07-09,2026-07,Contacted,2,Follow-up Required,2026-10-07,Upcoming,0.0,SR01,,No,Open,0,0,1,0,0,1,2026-07-21,60,15,15,0,0,0,10,0,40,Cold
L1390,Willow Commerce,E-commerce,201-500,3,Hyderabad,LinkedIn,Software Development,91.9,False,2026-07-09,2026-07,Qualified,3,Follow-up Required,2026-09-19,Due Today,0.0,SR08,,No,Open,2,1,1,0,0,4,2026-08-25,25,10,10,6,5,0,10,0,41,Cold
L1391,Nexora Ventures,Logistics,1000+,5,Chennai,Cold Calling,DevOps,2852.6,False,2026-07-09,2026-07,New,1,Follow-up Required,2026-10-05,Upcoming,0.0,SR08,,No,Open,1,0,0,0,0,1,,,20,20,3,0,0,4,0,47,Cold
L1392,Rudra Mart,Retail,501-1000,4,Gurgaon,LinkedIn,DevOps,310.1,False,2026-07-09,2026-07,Qualified,3,Waiting for Response,2026-09-19,Due Today,0.0,SR10,,No,Open,0,2,3,3,0,5,2026-09-05,14,15,15,0,10,0,4,10,54,Cold
L1393,Zeal Enterprises,SaaS,51-200,2,Mumbai,Referral,Cybersecurity,31.4,False,2026-07-09,2026-07,Won,6,Closed,,No Follow-up Needed,0.0,SR06,590000,Yes,Won,4,2,4,3,3,14,2026-09-12,7,5,5,10,10,20,4,10,64,Warm
L1394,Alpine Health,Healthcare,51-200,2,Delhi,Google Search,Cybersecurity,11.8,False,2026-07-09,2026-07,Contacted,2,Follow-up Required,2026-09-22,Upcoming,0.0,SR01,,No,Open,2,1,1,1,0,4,2026-09-07,12,5,5,6,5,0,10,5,36,Cold
L1395,Solace Commerce,E-commerce,1-50,1,Delhi,LinkedIn,Digital Transformation,8.3,False,2026-07-09,2026-07,Contacted,2,Follow-up Required,2026-10-06,Upcoming,0.0,SR01,,No,Open,2,0,1,1,0,3,2026-07-24,57,0,0,6,0,0,4,5,15,Cold
L1396,Kinetic Learning,Education,1-50,1,Hyderabad,Cold Calling,Digital Transformation,3.5,False,2026-07-09,2026-07,Contacted,2,Follow-up Required,2026-09-04,Overdue,15.0,SR04,,No,Open,1,1,2,1,0,4,2026-08-17,33,0,0,3,5,0,10,5,23,Cold
L1397,Aryan Industrial,Manufacturing,51-200,2,Delhi,Cold Calling,Software Development,40.8,False,2026-07-10,2026-07,Qualified,3,Meeting Scheduled,2026-10-01,Upcoming,0.0,SR05,,No,Open,0,0,1,0,0,2,2026-08-19,31,5,5,0,0,0,4,0,14,Cold
L1398,Rudra Ventures,FinTech,51-200,2,Chennai,LinkedIn,Cybersecurity,24.7,False,2026-07-10,2026-07,Contacted,2,Contacted,2026-10-01,Upcoming,0.0,SR08,,No,Open,1,0,2,0,0,3,2026-09-18,1,5,5,3,0,0,10,0,23,Cold
L1399,Narmada MedTech,Healthcare,201-500,3,Pune,Cold Calling,Cybersecurity,150.8,False,2026-07-10,2026-07,Contacted,2,Contacted,2026-09-09,Overdue,10.0,SR09,,No,Open,2,1,2,1,0,5,2026-08-23,27,10,10,6,5,0,10,5,46,Cold
L1400,Falcon Wealth Tech,FinTech,201-500,3,Pune,Cold Calling,DevOps,43.8,False,2026-07-10,2026-07,New,1,Follow-up Required,2026-09-19,Due Today,0.0,SR09,,No,Open,2,0,0,0,0,2,,,10,5,6,0,0,4,0,25,Cold
L1401,Solace Cloudware,SaaS,1-50,1,Bengaluru,LinkedIn,Cloud Services,11.5,False,2026-07-10,2026-07,Won,6,Closed,,No Follow-up Needed,0.0,SR04,225000,Yes,Won,3,5,3,1,1,13,2026-09-18,1,0,5,6,10,12,10,5,48,Cold
L1402,Trident Systems,Retail,51-200,2,Mumbai,LinkedIn,Cloud Services,26.7,False,2026-07-10,2026-07,Meeting,4,Meeting Scheduled,2026-09-19,Due Today,0.0,SR02,,No,Open,3,1,2,2,0,7,2026-09-03,16,5,5,6,5,0,10,10,41,Cold
L1403,Himalaya Manufacturing,Manufacturing,1000+,5,Delhi,Referral,DevOps,2303.4,False,2026-07-10,2026-07,Qualified,3,Follow-up Required,2026-10-05,Upcoming,0.0,SR01,,No,Open,2,1,1,1,0,5,2026-08-04,46,20,20,6,5,0,4,5,60,Warm
L1404,Banyan Industries,Manufacturing,51-200,2,Bengaluru,Email Campaign,Digital Transformation,35.2,False,2026-07-11,2026-07,Meeting,4,Follow-up Required,2026-09-27,Upcoming,0.0,SR07,,No,Open,2,0,2,1,2,7,2026-09-14,5,5,5,6,0,20,10,5,51,Cold
L1405,Prism Brands,Retail,51-200,2,Noida,LinkedIn,Digital Transformation,57.7,False,2026-07-11,2026-07,Contacted,2,Waiting for Response,2026-09-15,Overdue,4.0,SR10,,No,Open,1,0,2,1,0,3,2026-09-06,13,5,10,3,0,0,10,5,33,Cold
L1406,Rudra Softech,SaaS,1-50,1,Delhi,Referral,Cloud Services,2.3,False,2026-07-11,2026-07,Proposal,5,Waiting for Response,2026-09-27,Upcoming,0.0,SR01,375000,No,Open,4,0,4,1,1,12,2026-08-27,23,0,0,10,0,12,10,5,37,Cold
L1407,Evergreen Enterprises,Education,1-50,1,Hyderabad,Website,Software Development,14.8,False,2026-07-11,2026-07,Contacted,2,Not Interested,,No Follow-up Needed,0.0,SR07,,No,Lost,2,1,1,1,0,4,2026-09-01,18,0,5,6,5,0,10,5,31,Cold
L1408,Spark Global,E-commerce,501-1000,4,Delhi,Google Search,Cybersecurity,521.2,False,2026-07-11,2026-07,New,1,Follow-up Required,2026-09-21,Upcoming,0.0,SR03,,No,Open,0,0,0,0,0,0,,,15,20,0,0,0,4,0,39,Cold
L1409,Harbor Industries,SaaS,1-50,1,Bengaluru,Website,DevOps,4.4,False,2026-07-11,2026-07,New,1,Follow-up Required,2026-10-02,Upcoming,0.0,SR04,,No,Open,0,0,0,0,0,0,,,0,0,0,0,0,10,0,10,Cold
L1410,Jade Supply Chain,Logistics,51-200,2,Mumbai,LinkedIn,DevOps,21.6,False,2026-07-11,2026-07,Proposal,5,Follow-up Required,2026-10-09,Upcoming,0.0,SR06,305000,No,Open,4,3,4,2,2,15,2026-09-13,6,5,5,10,10,20,4,10,64,Warm
L1411,Cedar Mart,Retail,501-1000,4,Delhi,Referral,Digital Transformation,174.4,False,2026-07-11,2026-07,Qualified,3,Contacted,2026-09-25,Upcoming,0.0,SR10,,No,Open,3,1,1,1,0,5,2026-08-28,22,15,10,6,5,0,10,5,51,Cold
L1412,Ekam Networks,FinTech,1-50,1,Gurgaon,Cold Calling,Digital Transformation,7.1,False,2026-07-11,2026-07,Contacted,2,Contacted,2026-09-19,Due Today,0.0,SR01,,No,Open,2,1,2,0,0,5,2026-08-05,45,0,0,6,5,0,4,0,15,Cold
L1413,Glide Solutions,Education,51-200,2,Pune,LinkedIn,Digital Transformation,55.7,False,2026-07-12,2026-07,Meeting,4,Follow-up Required,2026-09-29,Upcoming,0.0,SR09,,No,Open,3,0,2,0,2,8,2026-09-08,11,5,10,6,0,20,10,0,51,Cold
L1414,Zenith Industries,Healthcare,1-50,1,Delhi,Cold Calling,Cybersecurity,4.8,False,2026-07-12,2026-07,Contacted,2,Waiting for Response,2026-10-04,Upcoming,0.0,SR01,,No,Open,0,0,2,0,0,3,2026-08-12,38,0,0,0,0,0,10,0,10,Cold
L1415,Bolt Online,E-commerce,51-200,2,Bengaluru,Cold Calling,Software Development,17.2,False,2026-07-12,2026-07,New,1,Follow-up Required,2026-09-21,Upcoming,0.0,SR07,,No,Open,1,0,0,0,0,1,,,5,5,3,0,0,10,0,23,Cold
L1416,Harbor Technologies,Healthcare,51-200,2,Mumbai,Website,Cloud Services,59.0,False,2026-07-12,2026-07,Meeting,4,Not Interested,,No Follow-up Needed,0.0,SR02,,No,Lost,3,1,2,1,1,8,2026-09-06,13,5,10,6,5,12,4,5,47,Cold
L1417,Lumina Engineering,Manufacturing,201-500,3,Hyderabad,LinkedIn,Software Development,145.7,False,2026-07-12,2026-07,Contacted,2,Not Interested,,No Follow-up Needed,0.0,SR08,,No,Lost,0,0,2,1,0,3,2026-09-13,6,10,10,0,0,0,4,5,29,Cold
L1418,Radiant Payments,FinTech,1-50,1,Bengaluru,Google Search,Cloud Services,3.1,False,2026-07-12,2026-07,Qualified,3,Follow-up Required,2026-10-08,Upcoming,0.0,SR08,,No,Open,2,0,1,0,0,5,2026-08-14,36,0,0,6,0,0,10,0,16,Cold
L1419,Umbra Solutions,Logistics,51-200,2,Delhi,Referral,Software Development,56.7,False,2026-07-12,2026-07,New,1,Follow-up Required,2026-09-27,Upcoming,0.0,SR05,,No,Open,1,0,0,0,0,1,,,5,10,3,0,0,4,0,22,Cold
L1420,Cobalt Industrial,Manufacturing,501-1000,4,Jaipur,LinkedIn,DevOps,189.3,False,2026-07-12,2026-07,New,1,Follow-up Required,2026-09-15,Overdue,4.0,SR01,,No,Open,1,0,0,0,0,1,,,15,10,3,0,0,4,0,32,Cold
L1421,Quest Networks,Retail,1-50,1,Chennai,Google Search,Cloud Services,8.1,False,2026-07-13,2026-07,Proposal,5,Waiting for Response,2026-09-27,Upcoming,0.0,SR07,370000,No,Open,3,2,2,1,2,11,2026-09-18,1,0,0,6,10,20,10,5,51,Cold
L1422,Solace Group,Manufacturing,1-50,1,Pune,Website,Digital Transformation,11.9,False,2026-07-13,2026-07,Qualified,3,Follow-up Required,2026-09-24,Upcoming,0.0,SR06,,No,Open,3,0,3,0,0,7,2026-08-31,19,0,5,6,0,0,10,0,21,Cold
L1423,Vanguard Diagnostics,Healthcare,1000+,5,Mumbai,LinkedIn,Digital Transformation,2403.9,False,2026-07-13,2026-07,Won,6,Closed,,No Follow-up Needed,0.0,SR09,2365000,Yes,Won,6,3,4,1,2,16,2026-09-13,6,20,20,10,10,20,10,5,95,Hot
L1424,Pulse Payments,FinTech,51-200,2,Mumbai,Cold Calling,Cloud Services,50.0,False,2026-07-13,2026-07,Qualified,3,Meeting Scheduled,2026-09-29,Upcoming,0.0,SR02,,No,Open,3,1,3,2,0,8,2026-09-14,5,5,10,6,5,0,10,10,46,Cold
L1425,Bluepeak Labs,Healthcare,201-500,3,Gurgaon,Google Search,Cloud Services,181.2,False,2026-07-13,2026-07,Proposal,5,Follow-up Required,2026-10-07,Upcoming,0.0,SR10,1005000,No,Open,5,2,4,0,2,15,2026-09-15,4,10,10,10,10,20,4,0,64,Warm
L1426,Neptune Technologies,Retail,201-500,3,Delhi,LinkedIn,Cybersecurity,137.6,False,2026-07-13,2026-07,Contacted,2,Not Interested,,No Follow-up Needed,0.0,SR01,,No,Lost,0,1,1,1,0,2,2026-08-05,45,10,10,0,5,0,4,5,34,Cold
L1427,Evergreen Knowledge,Education,201-500,3,Ahmedabad,Cold Calling,Cloud Services,44.9,False,2026-07-13,2026-07,New,1,Follow-up Required,2026-09-22,Upcoming,0.0,SR06,,No,Open,2,0,0,0,0,2,,,10,5,6,0,0,4,0,25,Cold
L1428,Uday Enterprises,E-commerce,1-50,1,Delhi,LinkedIn,DevOps,5.1,False,2026-07-14,2026-07,Contacted,2,Contacted,2026-09-21,Upcoming,0.0,SR05,,No,Open,1,0,1,0,0,2,2026-08-26,24,0,0,3,0,0,4,0,7,Cold
L1429,Vivid Labs,Retail,1-50,1,Noida,LinkedIn,Digital Transformation,12.8,False,2026-07-14,2026-07,Qualified,3,Follow-up Required,2026-09-23,Upcoming,0.0,SR10,,No,Open,3,2,1,0,0,6,2026-08-31,19,0,5,6,10,0,10,0,31,Cold
L1430,Nexora Software,SaaS,1-50,1,Hyderabad,LinkedIn,Software Development,5.4,False,2026-07-14,2026-07,Qualified,3,Not Interested,,No Follow-up Needed,0.0,SR04,,No,Lost,0,2,2,1,0,4,2026-09-16,3,0,0,0,10,0,4,5,19,Cold
L1431,Tundra Technologies,E-commerce,201-500,3,Bengaluru,Cold Calling,Software Development,129.1,False,2026-07-14,2026-07,Contacted,2,Contacted,2026-08-30,Overdue,20.0,SR08,,No,Open,2,0,1,1,0,4,2026-09-12,7,10,10,6,0,0,10,5,41,Cold
L1432,Ion Solutions,E-commerce,501-1000,4,Mumbai,LinkedIn,Digital Transformation,524.0,False,2026-07-14,2026-07,New,1,Follow-up Required,2026-10-02,Upcoming,0.0,SR02,,No,Open,0,0,0,0,0,0,,,15,20,0,0,0,4,0,39,Cold
L1433,Vayu Health,Healthcare,51-200,2,Pune,Email Campaign,Cloud Services,36.8,True,2026-07-14,2026-07,Contacted,2,Contacted,2026-10-07,Upcoming,0.0,SR02,,No,Open,1,1,1,0,0,3,2026-09-13,6,5,5,3,5,0,4,0,22,Cold
L1434,Willow Stores,Retail,501-1000,4,Ahmedabad,Website,Software Development,250.9,False,2026-07-14,2026-07,New,1,Follow-up Required,2026-09-30,Upcoming,0.0,SR06,,No,Open,2,0,0,0,0,2,,,15,15,6,0,0,4,0,40,Cold
L1435,Relay Payments,FinTech,51-200,2,Mumbai,Google Search,DevOps,24.0,False,2026-07-14,2026-07,Won,6,Closed,,No Follow-up Needed,0.0,SR09,300000,Yes,Won,6,3,4,1,3,17,2026-09-18,1,5,5,10,10,20,4,5,59,Cold
L1436,Meridian Pvt Ltd,Manufacturing,1-50,1,Delhi,Website,Digital Transformation,6.6,False,2026-07-14,2026-07,New,1,Follow-up Required,2026-09-13,Overdue,6.0,SR03,,No,Open,0,0,0,0,0,0,,,0,0,0,0,0,10,0,10,Cold
L1437,Paragon Supply Chain,Logistics,51-200,2,Bengaluru,Cold Calling,Software Development,15.2,False,2026-07-14,2026-07,Contacted,2,Waiting for Response,2026-10-02,Upcoming,0.0,SR08,,No,Open,0,1,2,2,0,3,2026-09-16,3,5,5,0,5,0,4,10,29,Cold
L1438,Wavelet Apps,SaaS,1000+,5,Hyderabad,Events,DevOps,1396.9,False,2026-07-14,2026-07,Contacted,2,Not Interested,,No Follow-up Needed,0.0,SR07,,No,Lost,0,0,1,1,0,2,2026-09-02,17,20,20,0,0,0,10,5,55,Cold
L1439,Quartz Finserv,FinTech,201-500,3,Mumbai,LinkedIn,Digital Transformation,181.3,False,2026-07-14,2026-07,Contacted,2,Follow-up Required,2026-10-03,Upcoming,0.0,SR09,,No,Open,2,0,2,1,0,4,2026-08-12,38,10,10,6,0,0,4,5,35,Cold
L1440,Vanguard Learning,Education,201-500,3,Mumbai,Cold Calling,Software Development,170.1,False,2026-07-14,2026-07,New,1,Follow-up Required,2026-10-10,Upcoming,0.0,SR06,,No,Open,0,0,0,0,0,0,,,10,10,0,0,0,10,0,30,Cold
L1441,Crest Retail,Retail,201-500,3,Pune,Website,Cybersecurity,168.0,False,2026-07-14,2026-07,New,1,Follow-up Required,2026-10-01,Upcoming,0.0,SR06,,No,Open,1,0,0,0,0,1,,,10,10,3,0,0,4,0,27,Cold
L1442,Trident Learning,Education,1000+,5,Noida,Events,Software Development,1435.4,False,2026-07-15,2026-07,Qualified,3,Waiting for Response,2026-09-30,Upcoming,0.0,SR03,,No,Open,0,2,1,1,0,3,2026-09-11,8,20,20,0,10,0,10,5,65,Warm
L1443,Optima Softech,Logistics,1-50,1,Hyderabad,Events,Software Development,5.0,False,2026-07-15,2026-07,Meeting,4,Waiting for Response,2026-10-07,Upcoming,0.0,SR04,,No,Open,1,3,2,0,2,8,2026-09-16,3,0,0,3,10,20,4,0,37,Cold
L1444,Bharat MedTech,Healthcare,1000+,5,Hyderabad,Email Campaign,DevOps,1045.2,False,2026-07-15,2026-07,Meeting,4,Waiting for Response,2026-09-19,Due Today,0.0,SR08,,No,Open,3,2,3,1,1,10,2026-09-17,2,20,20,6,10,12,4,5,77,Warm
L1445,Pulse Cargo,Logistics,51-200,2,Hyderabad,Email Campaign,Digital Transformation,42.8,False,2026-07-15,2026-07,New,1,Follow-up Required,2026-09-14,Overdue,5.0,SR07,,No,Open,0,0,0,0,0,0,,,5,5,0,0,0,10,0,20,Cold
L1446,Ion Care Systems,Healthcare,1000+,5,Unknown,Cold Calling,Digital Transformation,923.5,False,2026-07-16,2026-07,Meeting,4,Follow-up Required,2026-09-26,Upcoming,0.0,SR09,,No,Open,4,1,3,1,1,9,2026-09-08,11,20,20,10,5,12,10,5,82,Hot
L1447,Quantum Industries,SaaS,51-200,2,Bengaluru,Cold Calling,Software Development,38.8,False,2026-07-16,2026-07,Qualified,3,Follow-up Required,2026-09-01,Overdue,18.0,SR04,,No,Open,3,1,3,1,0,8,2026-09-17,2,5,5,6,5,0,4,5,30,Cold
L1448,Bolt Cargo,Logistics,51-200,2,Bengaluru,Referral,Cloud Services,43.8,False,2026-07-16,2026-07,Qualified,3,Waiting for Response,2026-09-23,Upcoming,0.0,SR07,,No,Open,0,1,2,1,0,4,2026-09-14,5,5,5,0,5,0,10,5,30,Cold
L1449,Sagar MedTech,Healthcare,51-200,2,Mumbai,Google Search,Software Development,37.3,False,2026-07-16,2026-07,New,1,Follow-up Required,2026-10-07,Upcoming,0.0,SR06,,No,Open,2,0,0,0,0,2,,,5,5,6,0,0,4,0,20,Cold
L1450,Yonder Networks,FinTech,51-200,2,Noida,Email Campaign,Digital Transformation,14.8,False,2026-07-16,2026-07,New,1,Follow-up Required,2026-09-24,Upcoming,0.0,SR05,,No,Open,2,0,0,0,0,2,,,5,5,6,0,0,4,0,20,Cold
L1451,Oasis Networks,E-commerce,501-1000,4,Bengaluru,Cold Calling,Software Development,476.3,False,2026-07-16,2026-07,Contacted,2,Waiting for Response,2026-10-01,Upcoming,0.0,SR04,,No,Open,1,0,2,1,0,3,2026-07-23,58,15,15,3,0,0,10,5,48,Cold
L1452,Madhav Manufacturing,Manufacturing,501-1000,4,Unknown,Events,DevOps,197.1,False,2026-07-16,2026-07,Qualified,3,Waiting for Response,2026-10-10,Upcoming,0.0,SR03,,No,Open,2,1,3,1,0,6,2026-09-12,7,15,10,6,5,0,4,5,45,Cold
L1453,Quantum Commerce,E-commerce,501-1000,4,Noida,Website,Cloud Services,204.0,False,2026-07-16,2026-07,Qualified,3,Meeting Scheduled,2026-10-02,Upcoming,0.0,SR03,,No,Open,1,2,3,0,0,6,2026-09-11,8,15,15,3,10,0,10,0,53,Cold
L1454,Umbra Health,Healthcare,51-200,2,Bengaluru,Email Campaign,Software Development,56.4,False,2026-07-16,2026-07,Meeting,4,Not Interested,,No Follow-up Needed,0.0,SR04,,No,Lost,1,1,3,2,1,7,2026-08-28,22,5,10,3,5,12,4,10,49,Cold
L1455,Kinetic Industries,Education,51-200,2,Chennai,Website,Digital Transformation,34.2,False,2026-07-16,2026-07,Contacted,2,Follow-up Required,2026-09-30,Upcoming,0.0,SR08,,No,Open,2,0,2,1,0,5,2026-08-24,26,5,5,6,0,0,10,5,31,Cold
L1456,Solace Learning,Education,501-1000,4,Mumbai,LinkedIn,Software Development,541.5,False,2026-07-16,2026-07,Contacted,2,Waiting for Response,2026-10-05,Upcoming,0.0,SR09,,No,Open,1,1,1,1,0,3,2026-09-15,4,15,20,3,5,0,10,5,58,Cold
L1457,Wavelet Diagnostics,Healthcare,1-50,1,Hyderabad,Website,Digital Transformation,11.0,False,2026-07-16,2026-07,Contacted,2,Not Interested,,No Follow-up Needed,0.0,SR04,,No,Lost,2,0,1,1,0,3,2026-08-01,49,0,5,6,0,0,10,5,26,Cold
L1458,Onyx Cargo,Logistics,1-50,1,Mumbai,Referral,Digital Transformation,5.7,False,2026-07-16,2026-07,Qualified,3,Follow-up Required,2026-09-16,Overdue,3.0,SR06,,No,Open,3,0,3,1,0,7,2026-09-02,17,0,0,6,0,0,10,5,21,Cold
L1459,Hive Diagnostics,Healthcare,1-50,1,Mumbai,Cold Calling,Cloud Services,2.2,False,2026-07-16,2026-07,Won,6,Closed,,No Follow-up Needed,0.0,SR06,220000,Yes,Won,4,3,3,0,2,13,2026-09-10,9,0,0,10,10,20,4,0,44,Cold
L1460,Lotus Global,Manufacturing,501-1000,4,Mumbai,LinkedIn,DevOps,322.8,False,2026-07-16,2026-07,Qualified,3,Follow-up Required,2026-09-26,Upcoming,0.0,SR02,,No,Open,2,1,3,2,0,7,2026-08-25,25,15,15,6,5,0,4,10,55,Cold
L1461,Prism Online,E-commerce,501-1000,4,Jaipur,Email Campaign,Cloud Services,374.6,False,2026-07-16,2026-07,Qualified,3,Waiting for Response,2026-10-06,Upcoming,0.0,SR10,,No,Open,3,0,2,1,0,6,2026-09-16,3,15,15,6,0,0,10,5,51,Cold
L1462,Willow Apps,SaaS,201-500,3,Pune,Referral,DevOps,76.4,False,2026-07-17,2026-07,Contacted,2,Waiting for Response,2026-10-08,Upcoming,0.0,SR06,,No,Open,2,0,1,0,0,3,2026-09-02,17,10,10,6,0,0,10,0,36,Cold
L1463,Helix Finserv,FinTech,201-500,3,Noida,Email Campaign,Cybersecurity,91.3,False,2026-07-17,2026-07,New,1,Follow-up Required,2026-09-19,Due Today,0.0,SR05,,No,Open,0,0,0,0,0,0,,,10,10,0,0,0,10,0,30,Cold
L1464,Drift Platforms,SaaS,201-500,3,Delhi,LinkedIn,DevOps,198.0,False,2026-07-17,2026-07,Contacted,2,Not Interested,,No Follow-up Needed,0.0,SR03,,No,Lost,1,0,1,0,0,2,2026-09-09,10,10,10,3,0,0,10,0,33,Cold
L1465,Xenon Ventures,E-commerce,501-1000,4,Bengaluru,LinkedIn,Cloud Services,379.6,False,2026-07-17,2026-07,Qualified,3,Contacted,2026-09-12,Overdue,7.0,SR07,,No,Open,3,2,3,3,0,8,2026-09-17,2,15,15,6,10,0,10,10,66,Warm
L1466,Titan Retail Tech,E-commerce,1-50,1,Delhi,Email Campaign,Cloud Services,7.1,False,2026-07-17,2026-07,Contacted,2,Follow-up Required,2026-10-10,Upcoming,0.0,SR10,,No,Open,0,0,2,1,0,2,2026-09-17,2,0,0,0,0,0,10,5,15,Cold
L1467,Vayu Online,E-commerce,51-200,2,Jaipur,Cold Calling,Cloud Services,50.5,False,2026-07-17,2026-07,New,1,Follow-up Required,2026-10-03,Upcoming,0.0,SR05,,No,Open,1,0,0,0,0,1,,,5,10,3,0,0,10,0,28,Cold
L1468,Spark Software,SaaS,1-50,1,Mumbai,Email Campaign,Cloud Services,4.3,False,2026-07-17,2026-07,New,1,Follow-up Required,2026-09-20,Upcoming,0.0,SR02,,No,Open,2,0,0,0,0,2,,,0,0,6,0,0,10,0,16,Cold
L1469,Garuda Retail Tech,E-commerce,1000+,5,Ahmedabad,Events,DevOps,1295.7,False,2026-07-17,2026-07,Qualified,3,Waiting for Response,2026-10-06,Upcoming,0.0,SR02,,No,Open,0,1,3,2,0,5,2026-09-04,15,20,20,0,5,0,4,10,59,Cold
L1470,Glide Health,Healthcare,1-50,1,Pune,Website,Digital Transformation,3.1,False,2026-07-17,2026-07,Contacted,2,Contacted,2026-09-19,Due Today,0.0,SR06,,No,Open,0,0,1,0,0,2,2026-07-24,57,0,0,0,0,0,10,0,10,Cold
L1471,Sapphire Systems,E-commerce,1-50,1,Hyderabad,Cold Calling,Cybersecurity,6.1,False,2026-07-17,2026-07,Qualified,3,Contacted,2026-09-29,Upcoming,0.0,SR08,,No,Open,3,0,2,1,0,6,2026-09-08,11,0,0,6,0,0,4,5,15,Cold
L1472,Dhruv Group,Logistics,501-1000,4,Hyderabad,Email Campaign,Cloud Services,387.4,False,2026-07-18,2026-07,Won,6,Closed,,No Follow-up Needed,0.0,SR04,1745000,Yes,Won,4,2,4,2,3,16,2026-09-17,2,15,15,10,10,20,10,10,90,Hot
L1473,Quest Global,Education,201-500,3,Bengaluru,LinkedIn,Cybersecurity,134.9,False,2026-07-18,2026-07,New,1,Follow-up Required,2026-10-04,Upcoming,0.0,SR04,,No,Open,1,0,0,0,0,1,,,10,10,3,0,0,4,0,27,Cold
L1474,Unity Technologies,Healthcare,51-200,2,Delhi,Cold Calling,Cloud Services,12.1,False,2026-07-18,2026-07,Contacted,2,Follow-up Required,2026-09-27,Upcoming,0.0,SR01,,No,Open,1,1,2,1,0,4,2026-09-15,4,5,5,3,5,0,4,5,27,Cold
L1475,Xenon Platforms,SaaS,1-50,1,Mumbai,Email Campaign,Software Development,8.4,False,2026-07-18,2026-07,Qualified,3,Waiting for Response,2026-10-09,Upcoming,0.0,SR09,,No,Open,0,1,3,2,0,4,2026-09-11,8,0,0,0,5,0,4,10,19,Cold
L1476,Chakra Care Systems,Healthcare,201-500,3,Jaipur,Website,Digital Transformation,88.6,False,2026-07-18,2026-07,Won,6,Closed,,No Follow-up Needed,0.0,SR03,1260000,Yes,Won,4,2,4,2,1,14,2026-09-17,2,10,10,10,10,12,10,10,72,Warm
L1477,Aryan Global,E-commerce,501-1000,4,Bengaluru,Google Search,Software Development,495.1,False,2026-07-18,2026-07,Contacted,2,Not Interested,,No Follow-up Needed,0.0,SR08,,No,Lost,1,0,1,0,0,2,2026-09-15,4,15,15,3,0,0,10,0,43,Cold
L1478,Nimbus Retail Tech,E-commerce,201-500,3,Noida,Events,Cloud Services,75.0,False,2026-07-18,2026-07,Proposal,5,Closed,,No Follow-up Needed,0.0,SR01,1325000,No,Lost,4,1,4,0,2,12,2026-09-10,9,10,10,10,5,20,10,0,65,Warm
L1479,Wisp Enterprises,SaaS,51-200,2,Chennai,LinkedIn,Software Development,47.9,False,2026-07-18,2026-07,Contacted,2,Not Interested,,No Follow-up Needed,0.0,SR08,,No,Lost,1,1,2,0,0,4,2026-08-19,31,5,5,3,5,0,4,0,22,Cold
L1480,Lumina Diagnostics,Healthcare,51-200,2,Mumbai,Email Campaign,Software Development,26.7,False,2026-07-18,2026-07,Contacted,2,Not Interested,,No Follow-up Needed,0.0,SR09,,No,Lost,0,0,2,1,0,3,2026-09-09,10,5,5,0,0,0,4,5,19,Cold
L1481,Wavelet Marketplace,E-commerce,1-50,1,Delhi,Events,Cloud Services,2.6,False,2026-07-18,2026-07,Qualified,3,Not Interested,,No Follow-up Needed,0.0,SR05,,No,Lost,3,2,1,0,0,6,2026-09-15,4,0,0,6,10,0,10,0,26,Cold
L1482,Ishaan Technologies,Retail,51-200,2,Gurgaon,Website,Software Development,21.0,False,2026-07-19,2026-07,New,1,Follow-up Required,2026-10-04,Upcoming,0.0,SR01,,No,Open,1,0,0,0,0,1,,,5,5,3,0,0,4,0,17,Cold
L1483,Prana Ventures,Healthcare,1000+,5,Ahmedabad,Website,Cybersecurity,922.5,False,2026-07-19,2026-07,Qualified,3,Not Interested,,No Follow-up Needed,0.0,SR09,,No,Lost,3,0,2,1,0,6,2026-09-13,6,20,20,6,0,0,10,5,61,Warm
L1484,Ridge Cloudware,SaaS,501-1000,4,Mumbai,Website,Software Development,374.0,False,2026-07-19,2026-07,Contacted,2,Follow-up Required,2026-09-19,Due Today,0.0,SR06,,No,Open,0,0,2,0,0,2,2026-09-07,12,15,15,0,0,0,4,0,34,Cold
L1485,Onyx Apps,SaaS,201-500,3,Bengaluru,Events,Cloud Services,182.3,False,2026-07-19,2026-07,Won,6,Closed,,No Follow-up Needed,0.0,SR04,630000,Yes,Won,6,1,5,2,2,18,2026-08-31,19,10,10,10,5,20,10,10,75,Warm
L1486,Nimbus Pvt Ltd,Healthcare,51-200,2,Mumbai,LinkedIn,DevOps,39.5,False,2026-07-19,2026-07,Contacted,2,Follow-up Required,2026-09-02,Overdue,17.0,SR02,,No,Open,1,0,2,0,0,3,2026-09-04,15,5,5,3,0,0,4,0,17,Cold
L1487,Bolt Pvt Ltd,Education,1000+,5,Pune,Referral,DevOps,2842.4,False,2026-07-19,2026-07,Proposal,5,Closed,,No Follow-up Needed,0.0,SR06,2210000,No,Lost,2,3,2,2,2,10,2026-09-19,0,20,20,6,10,20,4,10,90,Hot
L1488,Vayu Logistics,Logistics,201-500,3,Hyderabad,Events,Cybersecurity,43.0,False,2026-07-19,2026-07,Contacted,2,Not Interested,,No Follow-up Needed,0.0,SR04,,No,Lost,0,1,2,1,0,3,2026-09-10,9,10,5,0,5,0,4,5,29,Cold
L1489,Loop Components,Manufacturing,501-1000,4,Pune,Referral,Digital Transformation,586.8,False,2026-07-19,2026-07,Meeting,4,Waiting for Response,2026-09-20,Upcoming,0.0,SR09,,No,Open,2,1,2,1,2,7,2026-09-19,0,15,20,6,5,20,10,5,81,Hot
L1490,Indus Enterprises,Education,1000+,5,Mumbai,Events,Digital Transformation,766.2,False,2026-07-19,2026-07,Meeting,4,Follow-up Required,2026-09-23,Upcoming,0.0,SR09,,No,Open,1,0,3,1,1,7,2026-09-08,11,20,20,3,0,12,10,5,70,Warm
L1491,Meridian Systems,Education,1-50,1,Delhi,Email Campaign,Cloud Services,5.1,False,2026-07-19,2026-07,New,1,Follow-up Required,2026-10-07,Upcoming,0.0,SR05,,No,Open,1,0,0,0,0,1,,,0,0,3,0,0,4,0,7,Cold
L1492,Kinetic Care Systems,Healthcare,1000+,5,Mumbai,Cold Calling,Cloud Services,1656.7,False,2026-07-20,2026-07,Meeting,4,Waiting for Response,2026-09-25,Upcoming,0.0,SR09,,No,Open,1,1,3,1,2,8,2026-09-16,3,20,20,3,5,20,4,5,77,Warm
L1493,Uday Supply Chain,Logistics,51-200,2,Mumbai,Website,Software Development,10.4,False,2026-07-20,2026-07,Contacted,2,Follow-up Required,2026-08-30,Overdue,20.0,SR06,,No,Open,2,0,1,0,0,3,2026-08-01,49,5,5,6,0,0,4,0,20,Cold
L1494,Delta Ventures,Education,51-200,2,Hyderabad,LinkedIn,Cloud Services,15.5,False,2026-07-20,2026-07,Contacted,2,Follow-up Required,2026-09-21,Upcoming,0.0,SR04,,No,Open,2,0,2,1,0,4,2026-08-06,44,5,5,6,0,0,4,5,25,Cold
L1495,Indus EdTech,Education,51-200,2,Pune,Google Search,Cloud Services,29.9,False,2026-07-20,2026-07,Meeting,4,Follow-up Required,2026-09-22,Upcoming,0.0,SR02,,No,Open,2,1,2,1,1,6,2026-08-24,26,5,5,6,5,12,4,5,42,Cold
L1496,Sagar Finserv,FinTech,1000+,5,Pune,Email Campaign,Cybersecurity,2994.0,False,2026-07-20,2026-07,Qualified,3,Waiting for Response,2026-09-03,Overdue,16.0,SR09,,No,Open,0,0,1,0,0,3,2026-09-12,7,20,20,0,0,0,10,0,50,Cold
L1497,Kaveri Brands,Retail,201-500,3,Mumbai,Events,Digital Transformation,84.9,False,2026-07-20,2026-07,Qualified,3,Follow-up Required,2026-09-26,Upcoming,0.0,SR09,,No,Open,1,1,2,0,0,4,2026-08-30,20,10,10,3,5,0,10,0,38,Cold
L1498,Evergreen Wealth Tech,FinTech,201-500,3,Hyderabad,LinkedIn,Digital Transformation,105.9,False,2026-07-21,2026-07,Won,6,Closed,,No Follow-up Needed,0.0,SR04,775000,Yes,Won,3,1,5,2,0,14,2026-09-18,1,10,10,6,5,0,4,10,45,Cold
L1499,Optima Capital Tech,FinTech,51-200,2,Gurgaon,Website,Software Development,19.3,False,2026-07-21,2026-07,New,1,Follow-up Required,2026-09-19,Due Today,0.0,SR10,,No,Open,2,0,0,0,0,2,,,5,5,6,0,0,4,0,20,Cold
L1500,Wavelet Networks,E-commerce,1-50,1,Ahmedabad,LinkedIn,DevOps,10.8,False,2026-07-21,2026-07,Qualified,3,Not Interested,,No Follow-up Needed,0.0,SR06,,No,Lost,1,1,1,0,0,4,2026-09-11,8,0,5,3,5,0,4,0,17,Cold
L1501,Nimbus Supply Chain,Logistics,1000+,5,Gurgaon,Google Search,Software Development,2879.0,False,2026-07-21,2026-07,New,1,Follow-up Required,2026-09-12,Overdue,7.0,SR10,,No,Open,2,0,0,0,0,2,,,20,20,6,0,0,4,0,50,Cold
L1502,Falcon Retail Tech,E-commerce,201-500,3,Bengaluru,Cold Calling,Cloud Services,42.8,False,2026-07-21,2026-07,Contacted,2,Waiting for Response,2026-09-01,Overdue,18.0,SR07,,No,Open,0,0,2,0,0,2,2026-08-28,22,10,5,0,0,0,10,0,25,Cold
L1503,Hive Cargo,Logistics,1-50,1,Jaipur,LinkedIn,Cloud Services,5.5,False,2026-07-21,2026-07,Contacted,2,Not Interested,,No Follow-up Needed,0.0,SR10,,No,Lost,1,0,2,0,0,4,2026-08-27,23,0,0,3,0,0,10,0,13,Cold
L1504,Kaveri Technologies,Logistics,1000+,5,Jaipur,Cold Calling,Digital Transformation,2193.4,False,2026-07-21,2026-07,Meeting,4,Waiting for Response,2026-09-08,Overdue,11.0,SR05,,No,Open,1,0,2,1,1,5,2026-09-18,1,20,20,3,0,12,10,5,70,Warm
L1505,Echo Retail Tech,E-commerce,201-500,3,Bengaluru,Email Campaign,Digital Transformation,183.6,False,2026-07-22,2026-07,New,1,Follow-up Required,2026-09-18,Overdue,1.0,SR07,,No,Open,1,0,0,0,0,1,,,10,10,3,0,0,4,0,27,Cold
L1506,Delta Academy Systems,Education,51-200,2,Pune,Google Search,Cloud Services,43.7,False,2026-07-22,2026-07,Qualified,3,Follow-up Required,2026-09-26,Upcoming,0.0,SR09,,No,Open,1,0,2,1,0,4,2026-09-06,13,5,5,3,0,0,4,5,22,Cold
L1507,Apex Capital Tech,FinTech,51-200,2,Chennai,Website,DevOps,41.8,False,2026-07-22,2026-07,Meeting,4,Meeting Scheduled,2026-09-23,Upcoming,0.0,SR08,,No,Open,4,3,2,1,2,11,2026-09-19,0,5,5,10,10,20,4,5,59,Cold
L1508,Paragon Cloudware,SaaS,1-50,1,Noida,LinkedIn,Digital Transformation,13.9,False,2026-07-22,2026-07,New,1,Follow-up Required,2026-10-09,Upcoming,0.0,SR05,,No,Open,2,0,0,0,0,2,,,0,5,6,0,0,4,0,15,Cold
L1509,Ekam EdTech,Education,201-500,3,Bengaluru,LinkedIn,Software Development,131.1,False,2026-07-22,2026-07,New,1,Follow-up Required,2026-10-03,Upcoming,0.0,SR07,,No,Open,2,0,0,0,0,2,,,10,10,6,0,0,10,0,36,Cold
L1510,Aryan Technologies,Manufacturing,201-500,3,Bengaluru,Cold Calling,Digital Transformation,150.3,False,2026-07-22,2026-07,Contacted,2,Waiting for Response,2026-10-04,Upcoming,0.0,SR07,,No,Open,2,0,1,0,0,3,2026-09-18,1,10,10,6,0,0,10,0,36,Cold
L1511,Garuda Marketplace,E-commerce,51-200,2,Delhi,Events,Cybersecurity,20.0,False,2026-07-22,2026-07,New,1,Follow-up Required,2026-09-04,Overdue,15.0,SR10,,No,Open,1,0,0,0,0,1,,,5,5,3,0,0,4,0,17,Cold
L1512,Jade Academy Systems,Education,201-500,3,Gurgaon,LinkedIn,Software Development,174.9,False,2026-07-23,2026-07,Meeting,4,Waiting for Response,2026-09-20,Upcoming,0.0,SR01,,No,Open,2,1,2,1,0,8,2026-09-19,0,10,10,6,5,0,10,5,46,Cold
L1513,Meridian Cloudware,SaaS,501-1000,4,Hyderabad,Cold Calling,DevOps,266.0,False,2026-07-23,2026-07,New,1,Follow-up Required,2026-09-12,Overdue,7.0,SR08,,No,Open,2,0,0,0,0,2,,,15,15,6,0,0,10,0,46,Cold
L1514,Quartz Retail Tech,E-commerce,51-200,2,Delhi,LinkedIn,Cybersecurity,23.5,False,2026-07-23,2026-07,Meeting,4,Meeting Scheduled,2026-10-03,Upcoming,0.0,SR01,,No,Open,1,1,3,1,2,9,2026-09-17,2,5,5,3,5,20,4,5,47,Cold
L1515,Loop Marketplace,E-commerce,201-500,3,Gurgaon,Cold Calling,Software Development,116.0,False,2026-07-23,2026-07,New,1,Follow-up Required,2026-09-21,Upcoming,0.0,SR03,,No,Open,0,0,0,0,0,0,,,10,10,0,0,0,10,0,30,Cold
L1516,Orbit Engineering,Manufacturing,201-500,3,Delhi,Cold Calling,Digital Transformation,99.9,False,2026-07-23,2026-07,New,1,Follow-up Required,2026-10-03,Upcoming,0.0,SR01,,No,Open,2,0,0,0,0,2,,,10,10,6,0,0,10,0,36,Cold
L1517,Zest Enterprises,FinTech,201-500,3,Hyderabad,Website,DevOps,170.3,False,2026-07-24,2026-07,Contacted,2,Not Interested,,No Follow-up Needed,0.0,SR08,,No,Lost,0,1,2,0,0,3,2026-09-18,1,10,10,0,5,0,4,0,29,Cold
L1518,Kaveri Engineering,Manufacturing,51-200,2,Mumbai,Website,DevOps,37.2,False,2026-07-24,2026-07,New,1,Follow-up Required,2026-09-14,Overdue,5.0,SR02,,No,Open,0,0,0,0,0,0,,,5,5,0,0,0,4,0,14,Cold
L1519,Loop Labs,Retail,501-1000,4,Delhi,Website,Digital Transformation,190.3,False,2026-07-24,2026-07,Contacted,2,Waiting for Response,2026-09-28,Upcoming,0.0,SR03,,No,Open,0,0,2,0,0,3,2026-09-03,16,15,10,0,0,0,10,0,35,Cold
L1520,Ion Enterprises,SaaS,201-500,3,Unknown,Website,Software Development,121.4,True,2026-07-24,2026-07,New,1,Follow-up Required,2026-09-21,Upcoming,0.0,SR07,,No,Open,2,0,0,0,0,2,,,10,10,6,0,0,4,0,30,Cold
L1521,Pinnacle Labs,E-commerce,1-50,1,Unknown,LinkedIn,DevOps,4.4,False,2026-07-24,2026-07,New,1,Follow-up Required,2026-09-19,Due Today,0.0,SR06,,No,Open,1,0,0,0,0,1,,,0,0,3,0,0,4,0,7,Cold
L1522,Garuda Group,SaaS,201-500,3,Bengaluru,LinkedIn,DevOps,121.4,True,2026-07-25,2026-07,Proposal,5,Not Interested,,No Follow-up Needed,0.0,SR08,1030000,No,Lost,4,1,4,0,2,12,2026-09-15,4,10,10,10,5,20,10,0,65,Warm
L1523,Paragon Wealth Tech,FinTech,1000+,5,Hyderabad,Referral,Cybersecurity,2254.2,False,2026-07-25,2026-07,Won,6,Closed,,No Follow-up Needed,0.0,SR07,2085000,Yes,Won,4,3,5,2,2,16,2026-09-12,7,20,20,10,10,20,10,10,100,Hot
L1524,Rudra Enterprises,Education,201-500,3,Hyderabad,Cold Calling,Digital Transformation,181.8,False,2026-07-25,2026-07,New,1,Follow-up Required,2026-10-08,Upcoming,0.0,SR08,,No,Open,0,0,0,0,0,0,,,10,10,0,0,0,10,0,30,Cold
L1525,Horizon Academy Systems,Education,1000+,5,Hyderabad,Referral,Digital Transformation,699.2,False,2026-07-25,2026-07,Meeting,4,Follow-up Required,2026-10-01,Upcoming,0.0,SR04,,No,Open,2,2,3,0,1,9,2026-09-16,3,20,20,6,10,12,10,0,78,Warm
L1526,Gravity Diagnostics,Healthcare,1-50,1,Bengaluru,Cold Calling,Cybersecurity,3.2,False,2026-07-25,2026-07,Contacted,2,Not Interested,,No Follow-up Needed,0.0,SR07,,No,Lost,0,1,2,1,0,3,2026-09-12,7,0,0,0,5,0,10,5,20,Cold
L1527,Relay Components,Manufacturing,51-200,2,Hyderabad,Email Campaign,Digital Transformation,52.0,False,2026-07-25,2026-07,New,1,Follow-up Required,2026-09-22,Upcoming,0.0,SR08,,No,Open,0,0,0,0,0,0,,,5,10,0,0,0,10,0,25,Cold
L1528,Lakshya Freight,Logistics,201-500,3,Noida,Website,Digital Transformation,119.8,False,2026-07-25,2026-07,Qualified,3,Follow-up Required,2026-09-27,Upcoming,0.0,SR10,,No,Open,0,1,2,0,0,4,2026-09-11,8,10,10,0,5,0,10,0,35,Cold
L1529,Wisp Stores,Retail,51-200,2,Unknown,Cold Calling,Digital Transformation,28.5,False,2026-07-25,2026-07,New,1,Follow-up Required,2026-09-08,Overdue,11.0,SR02,,No,Open,1,0,0,0,0,1,,,5,5,3,0,0,10,0,23,Cold
L1530,Sapphire Retail,Retail,201-500,3,Mumbai,Events,Cloud Services,43.6,False,2026-07-25,2026-07,New,1,Follow-up Required,2026-09-27,Upcoming,0.0,SR09,,No,Open,0,0,0,0,0,0,,,10,5,0,0,0,10,0,25,Cold
L1531,Summit Softech,Retail,1-50,1,Mumbai,LinkedIn,Digital Transformation,2.8,False,2026-07-26,2026-07,New,1,Follow-up Required,2026-10-01,Upcoming,0.0,SR06,,No,Open,2,0,0,0,0,2,,,0,0,6,0,0,10,0,16,Cold
L1532,Relay Health,Healthcare,1-50,1,Bengaluru,Cold Calling,Digital Transformation,7.4,False,2026-07-26,2026-07,New,1,Follow-up Required,2026-09-15,Overdue,4.0,SR08,,No,Open,0,0,0,0,0,0,,,0,0,0,0,0,10,0,10,Cold
L1533,Zephyr Components,Manufacturing,51-200,2,Delhi,Cold Calling,Digital Transformation,10.6,False,2026-07-26,2026-07,New,1,Follow-up Required,2026-09-08,Overdue,11.0,SR10,,No,Open,2,0,0,0,0,2,,,5,5,6,0,0,10,0,26,Cold
L1534,Radiant Labs,Manufacturing,201-500,3,Bengaluru,Cold Calling,Digital Transformation,47.6,False,2026-07-26,2026-07,New,1,Follow-up Required,2026-09-30,Upcoming,0.0,SR04,,No,Open,0,0,0,0,0,0,,,10,5,0,0,0,10,0,25,Cold
L1535,Hive Online,E-commerce,1000+,5,Chennai,Referral,Cybersecurity,794.0,False,2026-07-26,2026-07,New,1,Follow-up Required,2026-10-07,Upcoming,0.0,SR08,,No,Open,1,0,0,0,0,1,,,20,20,3,0,0,4,0,47,Cold
L1536,Prana Engineering,Manufacturing,501-1000,4,Mumbai,Cold Calling,Digital Transformation,272.9,False,2026-07-26,2026-07,Qualified,3,Contacted,2026-09-05,Overdue,14.0,SR09,,No,Open,3,1,1,0,0,5,2026-09-16,3,15,15,6,5,0,10,0,51,Cold
L1537,Meridian Manufacturing,Manufacturing,1-50,1,Delhi,LinkedIn,Cybersecurity,9.2,False,2026-07-26,2026-07,Meeting,4,Waiting for Response,2026-09-29,Upcoming,0.0,SR05,,No,Open,1,1,3,2,1,7,2026-09-09,10,0,0,3,5,12,4,10,34,Cold
L1538,Radiant Solutions,Healthcare,1-50,1,Bengaluru,Referral,Cloud Services,14.2,False,2026-07-26,2026-07,Contacted,2,Contacted,2026-10-07,Upcoming,0.0,SR04,,No,Open,2,0,1,0,0,3,2026-09-05,14,0,5,6,0,0,4,0,15,Cold
L1539,Prana Solutions,Manufacturing,51-200,2,Mumbai,Cold Calling,Cloud Services,54.1,False,2026-07-26,2026-07,Contacted,2,Not Interested,,No Follow-up Needed,0.0,SR09,,No,Lost,1,0,2,1,0,3,2026-08-16,34,5,10,3,0,0,10,5,33,Cold
L1540,Cedar Stores,Retail,1000+,5,Jaipur,Website,Digital Transformation,619.2,False,2026-07-26,2026-07,Contacted,2,Waiting for Response,2026-09-22,Upcoming,0.0,SR05,,No,Open,2,0,2,0,0,5,2026-09-09,10,20,20,6,0,0,10,0,56,Cold
L1541,Willow Logistics,Logistics,201-500,3,Gurgaon,LinkedIn,Digital Transformation,106.2,False,2026-07-26,2026-07,Contacted,2,Not Interested,,No Follow-up Needed,0.0,SR03,,No,Lost,0,1,2,1,0,3,2026-08-25,25,10,10,0,5,0,10,5,40,Cold
L1542,Helix Platforms,SaaS,201-500,3,Mumbai,Cold Calling,Software Development,147.9,False,2026-07-26,2026-07,Qualified,3,Contacted,2026-09-19,Due Today,0.0,SR06,,No,Open,0,0,2,1,0,4,2026-09-04,15,10,10,0,0,0,4,5,29,Cold
L1543,Bolt Industries,Education,51-200,2,Bengaluru,Cold Calling,Digital Transformation,52.5,False,2026-07-27,2026-07,New,1,Follow-up Required,2026-09-25,Upcoming,0.0,SR07,,No,Open,2,0,0,0,0,2,,,5,10,6,0,0,10,0,31,Cold
L1544,Ion Networks,Healthcare,501-1000,4,Mumbai,Google Search,Software Development,414.1,False,2026-07-27,2026-07,Qualified,3,Contacted,2026-09-21,Upcoming,0.0,SR09,,No,Open,2,2,1,0,0,5,2026-09-15,4,15,15,6,10,0,4,0,50,Cold
L1545,Cobalt Pvt Ltd,FinTech,1-50,1,Delhi,Cold Calling,Software Development,10.0,False,2026-07-27,2026-07,New,1,Follow-up Required,2026-09-29,Upcoming,0.0,SR05,,No,Open,2,0,0,0,0,2,,,0,5,6,0,0,4,0,15,Cold
L1546,Crest Logistics,Logistics,501-1000,4,Pune,Email Campaign,Cloud Services,471.7,False,2026-07-28,2026-07,Qualified,3,Waiting for Response,2026-09-19,Due Today,0.0,SR02,,No,Open,1,0,3,1,0,6,2026-08-23,27,15,15,3,0,0,10,5,48,Cold
L1547,Mosaic Learning,Education,201-500,3,Unknown,LinkedIn,Software Development,155.7,False,2026-07-28,2026-07,Qualified,3,Meeting Scheduled,2026-09-24,Upcoming,0.0,SR07,,No,Open,2,0,3,0,0,7,2026-09-18,1,10,10,6,0,0,10,0,36,Cold
L1548,Sapphire Industrial,Manufacturing,201-500,3,Bengaluru,Cold Calling,DevOps,82.1,False,2026-07-28,2026-07,Contacted,2,Not Interested,,No Follow-up Needed,0.0,SR04,,No,Lost,0,0,2,1,0,2,2026-09-07,12,10,10,0,0,0,4,5,29,Cold
L1549,Kinetic Labs,Manufacturing,1-50,1,Hyderabad,Referral,Software Development,14.9,False,2026-07-28,2026-07,Contacted,2,Waiting for Response,2026-09-08,Overdue,11.0,SR07,,No,Open,1,1,2,1,0,4,2026-09-13,6,0,5,3,5,0,4,5,22,Cold
L1550,Meridian Solutions,SaaS,201-500,3,Bengaluru,Email Campaign,Digital Transformation,130.1,False,2026-07-28,2026-07,Meeting,4,Meeting Scheduled,2026-09-22,Upcoming,0.0,SR08,,No,Open,3,1,3,1,1,10,2026-09-18,1,10,10,6,5,12,4,5,52,Cold
L1551,Rudra Wealth Tech,FinTech,201-500,3,Bengaluru,Email Campaign,Software Development,103.6,False,2026-07-28,2026-07,Contacted,2,Follow-up Required,2026-10-10,Upcoming,0.0,SR07,,No,Open,0,0,2,1,0,3,2026-09-03,16,10,10,0,0,0,4,5,29,Cold
L1552,Umbra Retail Tech,E-commerce,1000+,5,Pune,Referral,Digital Transformation,1195.2,False,2026-07-28,2026-07,New,1,Follow-up Required,2026-10-06,Upcoming,0.0,SR02,,No,Open,2,0,0,0,0,2,,,20,20,6,0,0,4,0,50,Cold
L1553,Ekam Retail,Retail,51-200,2,Bengaluru,Referral,Cloud Services,59.8,False,2026-07-28,2026-07,Qualified,3,Contacted,2026-10-08,Upcoming,0.0,SR07,,No,Open,1,1,1,0,0,4,2026-09-11,8,5,10,3,5,0,10,0,33,Cold
L1554,Yash Payments,FinTech,501-1000,4,Delhi,Cold Calling,Cybersecurity,159.0,False,2026-07-28,2026-07,Qualified,3,Waiting for Response,2026-10-09,Upcoming,0.0,SR10,,No,Open,2,1,1,0,0,4,2026-08-18,32,15,10,6,5,0,10,0,46,Cold
L1555,Himalaya Global,E-commerce,51-200,2,Ahmedabad,Cold Calling,Digital Transformation,26.0,False,2026-07-28,2026-07,New,1,Follow-up Required,2026-10-08,Upcoming,0.0,SR02,,No,Open,1,0,0,0,0,1,,,5,5,3,0,0,4,0,17,Cold
L1556,Vista Software,SaaS,1-50,1,Chennai,Cold Calling,Cloud Services,13.9,False,2026-07-28,2026-07,Contacted,2,Waiting for Response,2026-10-08,Upcoming,0.0,SR07,,No,Open,1,0,1,0,0,2,2026-09-02,17,0,5,3,0,0,10,0,18,Cold
L1557,Zephyr Global,SaaS,1000+,5,Pune,LinkedIn,DevOps,2275.6,False,2026-07-28,2026-07,Won,6,Closed,,No Follow-up Needed,0.0,SR09,1920000,Yes,Won,5,2,3,1,2,13,2026-09-16,3,20,20,10,10,20,10,5,95,Hot
L1558,Mantra Enterprises,E-commerce,201-500,3,Bengaluru,Referral,Cloud Services,153.0,False,2026-07-28,2026-07,New,1,Follow-up Required,2026-09-24,Upcoming,0.0,SR07,,No,Open,0,0,0,0,0,0,,,10,10,0,0,0,10,0,30,Cold
L1559,Unity Industrial,Manufacturing,201-500,3,Bengaluru,LinkedIn,Digital Transformation,121.4,True,2026-07-28,2026-07,Qualified,3,Contacted,2026-10-03,Upcoming,0.0,SR04,,No,Open,1,0,3,1,0,6,2026-09-12,7,10,10,3,0,0,10,5,38,Cold
L1560,Zephyr EdTech,Education,1000+,5,Unknown,LinkedIn,Cloud Services,1915.1,False,2026-07-29,2026-07,Meeting,4,Not Interested,,No Follow-up Needed,0.0,SR01,,No,Lost,4,0,3,0,1,9,2026-09-06,13,20,20,10,0,12,4,0,66,Warm
L1561,Unity Logistics,Logistics,201-500,3,Pune,LinkedIn,Software Development,117.5,False,2026-07-29,2026-07,New,1,Follow-up Required,2026-10-02,Upcoming,0.0,SR06,,No,Open,2,0,0,0,0,2,,,10,10,6,0,0,4,0,30,Cold
L1562,Pulse Marketplace,E-commerce,51-200,2,Unknown,Cold Calling,Cloud Services,14.2,False,2026-07-29,2026-07,Contacted,2,Contacted,2026-09-24,Upcoming,0.0,SR01,,No,Open,2,0,2,1,0,5,2026-09-19,0,5,5,6,0,0,10,5,31,Cold
L1563,Prana Retail Tech,E-commerce,201-500,3,Delhi,Cold Calling,DevOps,95.6,False,2026-07-29,2026-07,Contacted,2,Waiting for Response,2026-10-10,Upcoming,0.0,SR01,,No,Open,0,0,2,1,0,3,2026-09-11,8,10,10,0,0,0,4,5,29,Cold
L1564,Bharat Systems,Logistics,51-200,2,Mumbai,Cold Calling,Digital Transformation,54.0,False,2026-07-29,2026-07,New,1,Follow-up Required,2026-09-19,Due Today,0.0,SR06,,No,Open,2,0,0,0,0,2,,,5,10,6,0,0,10,0,31,Cold
L1565,Sapphire Technologies,Retail,51-200,2,Pune,Email Campaign,Software Development,40.6,False,2026-07-29,2026-07,Contacted,2,Contacted,2026-09-11,Overdue,8.0,SR09,,No,Open,1,0,2,1,0,3,2026-09-11,8,5,5,3,0,0,4,5,22,Cold
L1566,Echo MedTech,Healthcare,1000+,5,Noida,Website,Software Development,959.7,False,2026-07-29,2026-07,New,1,Follow-up Required,2026-10-03,Upcoming,0.0,SR05,,No,Open,1,0,0,0,0,1,,,20,20,3,0,0,4,0,47,Cold
L1567,Jade Diagnostics,Healthcare,1-50,1,Bengaluru,Events,DevOps,8.1,True,2026-07-29,2026-07,Proposal,5,Not Interested,,No Follow-up Needed,0.0,SR08,165000,No,Lost,5,2,3,2,2,14,2026-09-17,2,0,0,10,10,20,4,10,54,Cold
L1568,Helix Pvt Ltd,Healthcare,1000+,5,Mumbai,Cold Calling,Software Development,2041.7,False,2026-07-29,2026-07,Meeting,4,Meeting Scheduled,2026-10-03,Upcoming,0.0,SR06,,No,Open,2,1,3,0,1,8,2026-09-19,0,20,20,6,5,12,4,0,67,Warm
L1569,Flux Knowledge,Education,501-1000,4,Pune,Referral,Cloud Services,299.4,False,2026-07-30,2026-07,Proposal,5,Closed,,No Follow-up Needed,0.0,SR09,1095000,No,Lost,5,1,3,2,2,13,2026-09-17,2,15,15,10,5,20,4,10,79,Warm
L1570,Unity Knowledge,Education,1-50,1,Gurgaon,Cold Calling,Digital Transformation,2.3,False,2026-07-30,2026-07,New,1,Follow-up Required,2026-09-01,Overdue,18.0,SR10,,No,Open,1,0,0,0,0,1,,,0,0,3,0,0,10,0,13,Cold
L1571,Urban Systems,Education,201-500,3,Gurgaon,Cold Calling,Cloud Services,54.9,False,2026-07-30,2026-07,Contacted,2,Waiting for Response,2026-09-24,Upcoming,0.0,SR01,,No,Open,0,0,2,1,0,2,2026-08-22,28,10,10,0,0,0,4,5,29,Cold
L1572,Nexora Enterprises,FinTech,1000+,5,Chennai,Referral,Software Development,2616.3,False,2026-07-30,2026-07,Qualified,3,Follow-up Required,2026-09-22,Upcoming,0.0,SR07,,No,Open,1,1,3,2,0,5,2026-09-05,14,20,20,3,5,0,4,10,62,Warm
L1573,Summit Software,SaaS,201-500,3,Pune,Cold Calling,DevOps,121.4,True,2026-07-30,2026-07,New,1,Follow-up Required,2026-10-09,Upcoming,0.0,SR06,,No,Open,1,0,0,0,0,1,,,10,10,3,0,0,10,0,33,Cold
L1574,Oasis Stores,Retail,1-50,1,Unknown,LinkedIn,DevOps,9.0,False,2026-07-30,2026-07,Meeting,4,Meeting Scheduled,2026-09-28,Upcoming,0.0,SR05,,No,Open,2,3,3,0,1,9,2026-09-18,1,0,0,6,10,12,4,0,32,Cold
L1575,Sagar Softech,SaaS,201-500,3,Mumbai,Cold Calling,Cybersecurity,158.3,False,2026-07-30,2026-07,Contacted,2,Contacted,2026-10-02,Upcoming,0.0,SR06,,No,Open,0,1,2,1,0,3,2026-09-16,3,10,10,0,5,0,4,5,34,Cold
L1576,Kestrel Marketplace,E-commerce,1000+,5,Pune,Cold Calling,Cloud Services,2976.1,False,2026-07-30,2026-07,Qualified,3,Waiting for Response,2026-10-09,Upcoming,0.0,SR09,,No,Open,3,0,3,1,0,8,2026-09-10,9,20,20,6,0,0,10,5,61,Warm
L1577,Aryan Health,Healthcare,201-500,3,Mumbai,LinkedIn,Cloud Services,200.0,False,2026-07-30,2026-07,Contacted,2,Follow-up Required,2026-09-19,Due Today,0.0,SR06,,No,Open,2,0,2,2,0,5,2026-09-17,2,10,15,6,0,0,4,10,45,Cold
L1578,Loop Global,Retail,51-200,2,Chennai,Cold Calling,Digital Transformation,27.5,False,2026-07-30,2026-07,New,1,Follow-up Required,2026-09-27,Upcoming,0.0,SR08,,No,Open,2,0,0,0,0,2,,,5,5,6,0,0,10,0,26,Cold
L1579,Zephyr Learning,Education,51-200,2,Bengaluru,Cold Calling,Cloud Services,28.7,False,2026-07-30,2026-07,New,1,Follow-up Required,2026-09-19,Due Today,0.0,SR04,,No,Open,0,0,0,0,0,0,,,5,5,0,0,0,4,0,14,Cold
L1580,Crest Stores,Retail,501-1000,4,Gurgaon,Cold Calling,Cloud Services,436.9,False,2026-07-31,2026-07,New,1,Follow-up Required,2026-10-04,Upcoming,0.0,SR01,,No,Open,0,0,0,0,0,0,,,15,15,0,0,0,10,0,40,Cold
L1581,Hive Engineering,Manufacturing,51-200,2,Mumbai,Email Campaign,Cloud Services,47.5,False,2026-07-31,2026-07,New,1,Follow-up Required,2026-09-04,Overdue,15.0,SR09,,No,Open,2,0,0,0,0,2,,,5,5,6,0,0,10,0,26,Cold
L1582,Indus Cloudware,SaaS,501-1000,4,Mumbai,Cold Calling,Software Development,357.4,False,2026-07-31,2026-07,Contacted,2,Contacted,2026-09-15,Overdue,4.0,SR06,,No,Open,1,1,1,0,0,3,2026-09-01,18,15,15,3,5,0,4,0,42,Cold
L1583,Vanguard Software,SaaS,51-200,2,Bengaluru,Cold Calling,DevOps,19.4,False,2026-07-31,2026-07,New,1,Follow-up Required,2026-09-27,Upcoming,0.0,SR07,,No,Open,0,0,0,0,0,0,,,5,5,0,0,0,10,0,20,Cold
L1584,Apex Pvt Ltd,Retail,201-500,3,Mumbai,Cold Calling,Software Development,169.1,False,2026-07-31,2026-07,New,1,Follow-up Required,2026-10-07,Upcoming,0.0,SR02,,No,Open,2,0,0,0,0,2,,,10,10,6,0,0,4,0,30,Cold
L1585,Flux Retail Tech,E-commerce,1-50,1,Bengaluru,Website,Software Development,11.7,False,2026-07-31,2026-07,New,1,Follow-up Required,2026-09-24,Upcoming,0.0,SR04,,No,Open,1,0,0,0,0,1,,,0,5,3,0,0,10,0,18,Cold
L1586,Spark Systems,Manufacturing,51-200,2,Chennai,Cold Calling,Digital Transformation,39.7,False,2026-07-31,2026-07,Qualified,3,Waiting for Response,2026-09-30,Upcoming,0.0,SR08,,No,Open,0,0,2,1,0,3,2026-08-17,33,5,5,0,0,0,10,5,25,Cold
L1587,Bharat Health,Healthcare,201-500,3,Chennai,LinkedIn,Digital Transformation,136.6,False,2026-07-31,2026-07,New,1,Follow-up Required,2026-09-25,Upcoming,0.0,SR04,,No,Open,0,0,0,0,0,0,,,10,10,0,0,0,10,0,30,Cold
L1588,Quest Enterprises,Healthcare,51-200,2,Pune,Events,Digital Transformation,32.9,False,2026-08-01,2026-08,New,1,Follow-up Required,2026-09-19,Due Today,0.0,SR02,,No,Open,1,0,0,0,0,1,,,5,5,3,0,0,10,0,23,Cold
L1589,Wavelet Cloudware,SaaS,501-1000,4,Mumbai,Cold Calling,DevOps,156.8,False,2026-08-01,2026-08,New,1,Follow-up Required,2026-09-19,Due Today,0.0,SR06,,No,Open,2,0,0,0,0,2,,,15,10,6,0,0,10,0,41,Cold
L1590,Lakshya Group,Retail,201-500,3,Mumbai,Cold Calling,Cloud Services,65.8,False,2026-08-01,2026-08,New,1,Follow-up Required,2026-10-06,Upcoming,0.0,SR09,,No,Open,1,0,0,0,0,1,,,10,10,3,0,0,10,0,33,Cold
L1591,Zenith Global,Manufacturing,1000+,5,Gurgaon,Cold Calling,Digital Transformation,1775.2,True,2026-08-01,2026-08,New,1,Follow-up Required,2026-10-06,Upcoming,0.0,SR01,,No,Open,1,0,0,0,0,1,,,20,20,3,0,0,10,0,53,Cold
L1592,Meridian Softech,SaaS,51-200,2,Noida,Cold Calling,DevOps,19.3,False,2026-08-01,2026-08,New,1,Follow-up Required,2026-09-26,Upcoming,0.0,SR01,,No,Open,0,0,0,0,0,0,,,5,5,0,0,0,10,0,20,Cold
L1593,Kestrel Components,Manufacturing,201-500,3,Mumbai,Cold Calling,Digital Transformation,193.7,False,2026-08-01,2026-08,New,1,Follow-up Required,2026-10-01,Upcoming,0.0,SR09,,No,Open,0,0,0,0,0,0,,,10,10,0,0,0,10,0,30,Cold
L1594,Thrive Knowledge,Education,1-50,1,Gurgaon,Cold Calling,Software Development,12.1,False,2026-08-01,2026-08,New,1,Follow-up Required,2026-09-19,Due Today,0.0,SR03,,No,Open,0,0,0,0,0,0,,,0,5,0,0,0,10,0,15,Cold
L1595,Aurora Labs,E-commerce,201-500,3,Hyderabad,LinkedIn,Cloud Services,101.9,False,2026-08-01,2026-08,Meeting,4,Meeting Scheduled,2026-09-25,Upcoming,0.0,SR04,,No,Open,3,2,3,2,1,10,2026-09-14,5,10,10,6,10,12,10,10,68,Warm
L1596,Delta Cloudware,SaaS,51-200,2,Hyderabad,Referral,DevOps,36.4,False,2026-08-01,2026-08,Meeting,4,Waiting for Response,2026-09-10,Overdue,9.0,SR08,,No,Open,1,1,2,2,0,5,2026-09-02,17,5,5,3,5,0,10,10,38,Cold
L1597,Narmada Freight,Logistics,51-200,2,Bengaluru,Events,Cybersecurity,12.3,False,2026-08-02,2026-08,New,1,Follow-up Required,2026-09-14,Overdue,5.0,SR07,,No,Open,0,0,0,0,0,0,,,5,5,0,0,0,4,0,14,Cold
L1598,Uday Marketplace,E-commerce,1-50,1,Mumbai,Events,Cloud Services,13.0,False,2026-08-02,2026-08,Qualified,3,Waiting for Response,2026-10-04,Upcoming,0.0,SR09,,No,Open,2,1,2,1,0,5,2026-09-10,9,0,5,6,5,0,10,5,31,Cold
L1599,Cedar Retail Tech,E-commerce,1-50,1,Mumbai,Referral,Cloud Services,4.5,False,2026-08-02,2026-08,Meeting,4,Meeting Scheduled,2026-09-24,Upcoming,0.0,SR06,,No,Open,4,1,3,0,2,10,2026-09-14,5,0,0,10,5,20,10,0,45,Cold
L1600,Madhav Supply Chain,Logistics,201-500,3,Chennai,Website,Software Development,166.3,False,2026-08-02,2026-08,New,1,Follow-up Required,2026-09-19,Due Today,0.0,SR08,,No,Open,1,0,0,0,0,1,,,10,10,3,0,0,4,0,27,Cold
L1601,Umbra Pvt Ltd,Retail,51-200,2,Bengaluru,LinkedIn,Cloud Services,32.5,False,2026-08-03,2026-08,Contacted,2,Not Interested,,No Follow-up Needed,0.0,SR07,,No,Lost,2,0,2,0,0,5,2026-09-17,2,5,5,6,0,0,10,0,26,Cold
L1602,Willow Ventures,SaaS,1000+,5,Hyderabad,Website,Digital Transformation,2232.6,False,2026-08-03,2026-08,New,1,Follow-up Required,2026-09-26,Upcoming,0.0,SR04,,No,Open,1,0,0,0,0,1,,,20,20,3,0,0,4,0,47,Cold
L1603,Unity Finserv,FinTech,51-200,2,Pune,Google Search,Digital Transformation,20.7,False,2026-08-03,2026-08,Qualified,3,Waiting for Response,2026-09-30,Upcoming,0.0,SR06,,No,Open,0,0,2,1,0,4,2026-09-06,13,5,5,0,0,0,4,5,19,Cold
L1604,Himalaya Wealth Tech,FinTech,1000+,5,Jaipur,LinkedIn,Cybersecurity,1118.6,False,2026-08-03,2026-08,Contacted,2,Contacted,2026-09-24,Upcoming,0.0,SR03,,No,Open,0,0,1,0,0,2,2026-09-07,12,20,20,0,0,0,10,0,50,Cold
L1605,Meridian Retail Tech,E-commerce,1-50,1,Mumbai,Cold Calling,Cloud Services,4.6,False,2026-08-03,2026-08,New,1,Follow-up Required,2026-08-30,Overdue,20.0,SR09,,No,Open,2,0,0,0,0,2,,,0,0,6,0,0,10,0,16,Cold
L1606,Zenith Logistics,Logistics,1000+,5,Bengaluru,LinkedIn,Software Development,2718.2,False,2026-08-03,2026-08,Meeting,4,Contacted,2026-10-02,Upcoming,0.0,SR04,,No,Open,3,0,3,0,1,8,2026-09-09,10,20,20,6,0,12,4,0,62,Warm
L1607,Chakra Engineering,Manufacturing,501-1000,4,Mumbai,Google Search,Digital Transformation,245.4,False,2026-08-04,2026-08,Contacted,2,Contacted,2026-09-20,Upcoming,0.0,SR09,,No,Open,2,1,2,1,0,5,2026-09-14,5,15,15,6,5,0,10,5,56,Cold
L1608,Zenith Enterprises,FinTech,51-200,2,Bengaluru,Cold Calling,Cybersecurity,24.7,False,2026-08-04,2026-08,New,1,Follow-up Required,2026-10-02,Upcoming,0.0,SR04,,No,Open,2,0,0,0,0,2,,,5,5,6,0,0,10,0,26,Cold
L1609,Sagar Solutions,Healthcare,1-50,1,Bengaluru,Cold Calling,Digital Transformation,9.9,False,2026-08-04,2026-08,New,1,Follow-up Required,2026-10-02,Upcoming,0.0,SR08,,No,Open,2,0,0,0,0,2,,,0,0,6,0,0,10,0,16,Cold
L1610,Sagar Marketplace,E-commerce,1-50,1,Jaipur,LinkedIn,Cloud Services,5.7,False,2026-08-04,2026-08,New,1,Follow-up Required,2026-10-10,Upcoming,0.0,SR10,,No,Open,1,0,0,0,0,1,,,0,0,3,0,0,10,0,13,Cold
L1611,Aryan Retail Tech,E-commerce,51-200,2,Delhi,Website,DevOps,36.8,True,2026-08-04,2026-08,New,1,Follow-up Required,2026-10-10,Upcoming,0.0,SR01,,No,Open,2,0,0,0,0,2,,,5,5,6,0,0,4,0,20,Cold
L1612,Nimbus Systems,Education,201-500,3,Mumbai,Cold Calling,Software Development,192.1,False,2026-08-04,2026-08,Contacted,2,Waiting for Response,2026-09-28,Upcoming,0.0,SR06,,No,Open,2,1,2,1,0,5,2026-08-15,35,10,10,6,5,0,10,5,46,Cold
L1613,Unity Networks,SaaS,1-50,1,Delhi,Events,Cloud Services,3.6,False,2026-08-04,2026-08,New,1,Follow-up Required,2026-09-26,Upcoming,0.0,SR01,,No,Open,2,0,0,0,0,2,,,0,0,6,0,0,10,0,16,Cold
L1614,Tundra Softech,E-commerce,51-200,2,Bengaluru,LinkedIn,Software Development,56.6,False,2026-08-04,2026-08,New,1,Follow-up Required,2026-09-18,Overdue,1.0,SR04,,No,Open,2,0,0,0,0,2,,,5,10,6,0,0,10,0,31,Cold
L1615,Pulse Industrial,Manufacturing,51-200,2,Pune,Email Campaign,Digital Transformation,38.6,False,2026-08-04,2026-08,New,1,Follow-up Required,2026-09-19,Due Today,0.0,SR02,,No,Open,2,0,0,0,0,2,,,5,5,6,0,0,10,0,26,Cold
L1616,Delta Technologies,FinTech,201-500,3,Delhi,Website,DevOps,79.7,False,2026-08-05,2026-08,Meeting,4,Meeting Scheduled,2026-09-22,Upcoming,0.0,SR05,,No,Open,1,2,3,1,2,8,2026-09-06,13,10,10,3,10,20,4,5,62,Warm
L1617,Cobalt Global,SaaS,1-50,1,Bengaluru,Website,Cloud Services,12.6,False,2026-08-05,2026-08,New,1,Follow-up Required,2026-09-27,Upcoming,0.0,SR07,,No,Open,1,0,0,0,0,1,,,0,5,3,0,0,10,0,18,Cold
L1618,Astra Wealth Tech,FinTech,1000+,5,Delhi,Events,Cloud Services,2807.4,False,2026-08-05,2026-08,Meeting,4,Contacted,2026-10-04,Upcoming,0.0,SR03,,No,Open,1,1,2,1,1,5,2026-09-05,14,20,20,3,5,12,10,5,75,Warm
L1619,Nexora Cloudware,SaaS,1-50,1,Mumbai,LinkedIn,Cloud Services,5.4,False,2026-08-05,2026-08,New,1,Follow-up Required,2026-09-19,Due Today,0.0,SR06,,No,Open,2,0,0,0,0,2,,,0,0,6,0,0,10,0,16,Cold
L1620,Zest Global,Healthcare,201-500,3,Delhi,Website,Cybersecurity,46.6,False,2026-08-05,2026-08,Contacted,2,Not Interested,,No Follow-up Needed,0.0,SR05,,No,Lost,2,0,1,1,0,3,2026-08-28,22,10,5,6,0,0,10,5,36,Cold
L1621,Chakra Solutions,Retail,501-1000,4,Mumbai,Website,Cloud Services,229.3,False,2026-08-05,2026-08,New,1,Follow-up Required,2026-09-04,Overdue,15.0,SR02,,No,Open,0,0,0,0,0,0,,,15,15,0,0,0,10,0,40,Cold
L1622,Yash Technologies,FinTech,201-500,3,Delhi,Referral,DevOps,121.4,True,2026-08-05,2026-08,Contacted,2,Contacted,2026-10-07,Upcoming,0.0,SR01,,No,Open,1,0,1,0,0,2,2026-09-01,18,10,10,3,0,0,4,0,27,Cold
L1623,Kinetic Academy Systems,Education,1-50,1,Delhi,Email Campaign,Digital Transformation,8.8,False,2026-08-05,2026-08,New,1,Follow-up Required,2026-09-10,Overdue,9.0,SR10,,No,Open,0,0,0,0,0,0,,,0,0,0,0,0,10,0,10,Cold
L1624,Narmada Finserv,FinTech,1000+,5,Mumbai,Events,Cybersecurity,2965.6,False,2026-08-06,2026-08,Qualified,3,Follow-up Required,2026-09-20,Upcoming,0.0,SR09,,No,Open,1,1,1,1,0,4,2026-08-28,22,20,20,3,5,0,10,5,63,Warm
L1625,Paragon Group,E-commerce,501-1000,4,Mumbai,Events,Software Development,561.1,False,2026-08-06,2026-08,Qualified,3,Follow-up Required,2026-09-21,Upcoming,0.0,SR09,,No,Open,0,2,3,2,0,5,2026-09-16,3,15,20,0,10,0,10,10,65,Warm
L1626,Lotus Softech,SaaS,201-500,3,Mumbai,LinkedIn,Cloud Services,49.0,False,2026-08-06,2026-08,Meeting,4,Meeting Scheduled,2026-09-25,Upcoming,0.0,SR09,,No,Open,3,0,2,2,2,8,2026-09-04,15,10,5,6,0,20,10,10,61,Warm
L1627,Cedar Industries,E-commerce,51-200,2,Pune,Referral,Cloud Services,56.5,False,2026-08-06,2026-08,Proposal,5,Waiting for Response,2026-08-31,Overdue,19.0,SR09,580000,No,Open,2,2,3,3,3,10,2026-09-15,4,5,10,6,10,20,10,10,71,Warm
L1628,Titan Engineering,Manufacturing,201-500,3,Pune,Website,Digital Transformation,134.5,False,2026-08-06,2026-08,Qualified,3,Follow-up Required,2026-09-11,Overdue,8.0,SR09,,No,Open,0,0,1,0,0,2,2026-09-02,17,10,10,0,0,0,10,0,30,Cold
L1629,Titan Health,Healthcare,1-50,1,Gurgaon,Website,Software Development,14.3,False,2026-08-06,2026-08,New,1,Follow-up Required,2026-10-07,Upcoming,0.0,SR10,,No,Open,2,0,0,0,0,2,,,0,5,6,0,0,4,0,15,Cold
L1630,Xenon Softech,E-commerce,501-1000,4,Delhi,Website,Cloud Services,425.5,False,2026-08-06,2026-08,Qualified,3,Contacted,2026-09-30,Upcoming,0.0,SR01,,No,Open,2,1,2,1,0,5,2026-09-16,3,15,15,6,5,0,10,5,56,Cold
L1631,Gravity Supply Chain,Logistics,1-50,1,Bengaluru,Referral,Digital Transformation,6.0,False,2026-08-06,2026-08,Contacted,2,Contacted,2026-09-11,Overdue,8.0,SR07,,No,Open,0,0,1,0,0,1,2026-08-23,27,0,0,0,0,0,10,0,10,Cold
L1632,Kaveri Platforms,SaaS,51-200,2,Hyderabad,Email Campaign,DevOps,48.4,False,2026-08-06,2026-08,New,1,Follow-up Required,2026-09-21,Upcoming,0.0,SR08,,No,Open,1,0,0,0,0,1,,,5,5,3,0,0,10,0,23,Cold
L1633,Bolt Logistics,Logistics,51-200,2,Noida,Referral,Software Development,55.1,False,2026-08-06,2026-08,Contacted,2,Waiting for Response,2026-09-19,Due Today,0.0,SR10,,No,Open,2,0,1,0,0,3,2026-09-10,9,5,10,6,0,0,4,0,25,Cold
L1634,Prism Industries,Manufacturing,501-1000,4,Jaipur,Email Campaign,DevOps,175.0,False,2026-08-07,2026-08,New,1,Follow-up Required,2026-09-09,Overdue,10.0,SR05,,No,Open,1,0,0,0,0,1,,,15,10,3,0,0,4,0,32,Cold
L1635,Mosaic Industrial,Manufacturing,1000+,5,Pune,Google Search,Digital Transformation,2888.8,False,2026-08-07,2026-08,Contacted,2,Not Interested,,No Follow-up Needed,0.0,SR06,,No,Lost,1,0,2,1,0,3,2026-09-07,12,20,20,3,0,0,10,5,58,Cold
L1636,Cobalt Software,SaaS,51-200,2,Bengaluru,Email Campaign,Cloud Services,47.5,False,2026-08-07,2026-08,New,1,Follow-up Required,2026-10-01,Upcoming,0.0,SR07,,No,Open,2,0,0,0,0,2,,,5,5,6,0,0,10,0,26,Cold
L1637,Aryan Capital Tech,FinTech,1-50,1,Hyderabad,Website,DevOps,4.1,False,2026-08-07,2026-08,New,1,Follow-up Required,2026-09-30,Upcoming,0.0,SR07,,No,Open,1,0,0,0,0,1,,,0,0,3,0,0,4,0,7,Cold
L1638,Vista Mart,Retail,1-50,1,Bengaluru,LinkedIn,Digital Transformation,8.1,True,2026-08-07,2026-08,Contacted,2,Waiting for Response,2026-09-29,Upcoming,0.0,SR07,,No,Open,1,0,1,0,0,2,2026-09-03,16,0,0,3,0,0,10,0,13,Cold
L1639,Aryan Finserv,FinTech,201-500,3,Delhi,Website,Digital Transformation,43.5,False,2026-08-07,2026-08,Qualified,3,Follow-up Required,2026-09-19,Due Today,0.0,SR10,,No,Open,0,1,3,2,0,5,2026-09-16,3,10,5,0,5,0,4,10,34,Cold
L1640,Trident Payments,FinTech,51-200,2,Bengaluru,Cold Calling,Cybersecurity,40.4,False,2026-08-07,2026-08,New,1,Follow-up Required,2026-09-20,Upcoming,0.0,SR04,,No,Open,2,0,0,0,0,2,,,5,5,6,0,0,10,0,26,Cold
L1641,Paragon Softech,E-commerce,51-200,2,Bengaluru,Email Campaign,Cloud Services,57.8,False,2026-08-07,2026-08,New,1,Follow-up Required,2026-09-24,Upcoming,0.0,SR04,,No,Open,0,0,0,0,0,0,,,5,10,0,0,0,10,0,25,Cold
L1642,Quantum Marketplace,E-commerce,201-500,3,Mumbai,Website,DevOps,165.7,False,2026-08-07,2026-08,Contacted,2,Follow-up Required,2026-10-08,Upcoming,0.0,SR09,,No,Open,1,0,1,1,0,2,2026-08-18,32,10,10,3,0,0,4,5,32,Cold
L1643,Madhav Industries,Healthcare,1-50,1,Bengaluru,Cold Calling,Cybersecurity,2.7,False,2026-08-08,2026-08,New,1,Follow-up Required,2026-09-19,Due Today,0.0,SR08,,No,Open,2,0,0,0,0,2,,,0,0,6,0,0,10,0,16,Cold
L1644,Zephyr Payments,FinTech,1-50,1,Noida,LinkedIn,Cloud Services,3.2,False,2026-08-08,2026-08,Won,6,Closed,,No Follow-up Needed,0.0,SR01,250000,Yes,Won,6,5,3,0,3,17,2026-09-11,8,0,0,10,10,20,10,0,50,Cold
L1645,Ridge MedTech,Healthcare,1000+,5,Hyderabad,Referral,Digital Transformation,2139.7,False,2026-08-08,2026-08,Meeting,4,Contacted,2026-09-05,Overdue,14.0,SR08,,No,Open,1,3,2,0,2,8,2026-09-09,10,20,20,3,10,20,10,0,83,Hot
L1646,Indus Global,FinTech,1-50,1,Hyderabad,Email Campaign,Software Development,10.1,False,2026-08-08,2026-08,Contacted,2,Waiting for Response,2026-09-27,Upcoming,0.0,SR08,,No,Open,0,0,2,0,0,2,2026-08-30,20,0,5,0,0,0,4,0,9,Cold
L1647,Xenon Retail Tech,E-commerce,1-50,1,Bengaluru,Website,Cloud Services,13.2,False,2026-08-08,2026-08,New,1,Follow-up Required,2026-09-30,Upcoming,0.0,SR04,,No,Open,0,0,0,0,0,0,,,0,5,0,0,0,10,0,15,Cold
L1648,Kestrel Global,E-commerce,1-50,1,Bengaluru,Website,Cloud Services,7.2,False,2026-08-08,2026-08,Contacted,2,Contacted,2026-09-26,Upcoming,0.0,SR08,,No,Open,1,1,1,0,0,3,2026-08-17,33,0,0,3,5,0,10,0,18,Cold
L1649,Sapphire Finserv,FinTech,1-50,1,Mumbai,LinkedIn,Cloud Services,3.9,False,2026-08-08,2026-08,Qualified,3,Follow-up Required,2026-09-25,Upcoming,0.0,SR09,,No,Open,3,0,2,2,0,6,2026-09-07,12,0,0,6,0,0,10,10,26,Cold
L1650,Urban Commerce,E-commerce,501-1000,4,Pune,Website,Software Development,257.3,False,2026-08-08,2026-08,Won,6,Closed,,No Follow-up Needed,0.0,SR02,1610000,Yes,Won,3,1,3,1,3,14,2026-09-18,1,15,15,6,5,20,10,5,76,Warm
L1651,Titan Care Systems,Healthcare,1-50,1,Gurgaon,Website,Digital Transformation,11.4,False,2026-08-08,2026-08,Contacted,2,Contacted,2026-09-27,Upcoming,0.0,SR03,,No,Open,1,0,2,2,0,3,2026-08-19,31,0,5,3,0,0,10,10,28,Cold
L1652,Summit Supply Chain,Logistics,51-200,2,Bengaluru,Referral,Digital Transformation,57.7,False,2026-08-08,2026-08,Contacted,2,Waiting for Response,2026-09-20,Upcoming,0.0,SR08,,No,Open,2,0,1,1,0,4,2026-09-14,5,5,10,6,0,0,10,5,36,Cold
L1653,Oasis Diagnostics,Healthcare,501-1000,4,Hyderabad,Events,Digital Transformation,198.0,False,2026-08-08,2026-08,Contacted,2,Follow-up Required,2026-09-22,Upcoming,0.0,SR04,,No,Open,1,0,1,0,0,3,2026-09-03,16,15,10,3,0,0,10,0,38,Cold
L1654,Quartz Networks,Manufacturing,51-200,2,Mumbai,LinkedIn,Cloud Services,36.8,True,2026-08-08,2026-08,Meeting,4,Not Interested,,No Follow-up Needed,0.0,SR02,,No,Lost,3,1,3,0,2,9,2026-09-14,5,5,5,6,5,20,10,0,51,Cold
L1655,Tundra Systems,Education,201-500,3,Delhi,Email Campaign,Digital Transformation,101.1,False,2026-08-08,2026-08,Contacted,2,Waiting for Response,2026-09-23,Upcoming,0.0,SR01,,No,Open,2,0,2,2,0,4,2026-09-03,16,10,10,6,0,0,10,10,46,Cold
L1656,Prana Academy Systems,Education,51-200,2,Hyderabad,Events,Digital Transformation,55.0,False,2026-08-08,2026-08,New,1,Follow-up Required,2026-09-15,Overdue,4.0,SR08,,No,Open,0,0,0,0,0,0,,,5,10,0,0,0,10,0,25,Cold
L1657,Loop Technologies,Healthcare,51-200,2,Bengaluru,Referral,DevOps,49.9,False,2026-08-08,2026-08,Meeting,4,Not Interested,,No Follow-up Needed,0.0,SR08,,No,Lost,4,2,2,0,2,11,2026-09-19,0,5,5,10,10,20,4,0,54,Cold
L1658,Echo Retail,Retail,51-200,2,Mumbai,Email Campaign,Cybersecurity,53.1,False,2026-08-09,2026-08,New,1,Follow-up Required,2026-10-01,Upcoming,0.0,SR02,,No,Open,0,0,0,0,0,0,,,5,10,0,0,0,4,0,19,Cold
L1659,Evergreen Cloudware,SaaS,51-200,2,Mumbai,Google Search,DevOps,36.8,True,2026-08-09,2026-08,Qualified,3,Follow-up Required,2026-10-10,Upcoming,0.0,SR09,,No,Open,0,0,2,0,0,3,2026-08-14,36,5,5,0,0,0,10,0,20,Cold
L1660,Summit Diagnostics,Healthcare,51-200,2,Chennai,Website,Software Development,45.1,False,2026-08-09,2026-08,New,1,Follow-up Required,2026-09-25,Upcoming,0.0,SR08,,No,Open,1,0,0,0,0,1,,,5,5,3,0,0,4,0,17,Cold
L1661,Quartz Group,Education,51-200,2,Mumbai,LinkedIn,Digital Transformation,42.2,False,2026-08-09,2026-08,New,1,Follow-up Required,2026-09-19,Due Today,0.0,SR06,,No,Open,0,0,0,0,0,0,,,5,5,0,0,0,10,0,20,Cold
L1662,Bluepeak Solutions,SaaS,201-500,3,Bengaluru,Website,DevOps,112.5,False,2026-08-09,2026-08,Contacted,2,Follow-up Required,2026-09-19,Due Today,0.0,SR07,,No,Open,1,1,2,1,0,4,2026-09-18,1,10,10,3,5,0,10,5,43,Cold
L1663,Neptune Apps,SaaS,501-1000,4,Delhi,Referral,DevOps,295.7,False,2026-08-09,2026-08,Meeting,4,Waiting for Response,2026-09-01,Overdue,18.0,SR01,,No,Open,1,2,3,0,1,9,2026-09-14,5,15,15,3,10,12,10,0,65,Warm
L1664,Lotus Ventures,FinTech,201-500,3,Bengaluru,Google Search,Digital Transformation,143.2,False,2026-08-09,2026-08,Qualified,3,Waiting for Response,2026-09-02,Overdue,17.0,SR07,,No,Open,1,0,1,0,0,3,2026-08-28,22,10,10,3,0,0,4,0,27,Cold
L1665,Titan Industries,FinTech,501-1000,4,Noida,Events,Software Development,501.6,False,2026-08-09,2026-08,Qualified,3,Meeting Scheduled,2026-09-30,Upcoming,0.0,SR05,,No,Open,0,1,1,0,0,3,2026-09-18,1,15,20,0,5,0,4,0,44,Cold
L1666,Relay Finserv,FinTech,201-500,3,Hyderabad,Cold Calling,Cybersecurity,157.2,False,2026-08-09,2026-08,New,1,Follow-up Required,2026-10-10,Upcoming,0.0,SR08,,No,Open,1,0,0,0,0,1,,,10,10,3,0,0,10,0,33,Cold
L1667,Ion Cloudware,SaaS,501-1000,4,Jaipur,LinkedIn,Software Development,513.8,False,2026-08-10,2026-08,Qualified,3,Contacted,2026-09-29,Upcoming,0.0,SR05,,No,Open,1,2,1,0,0,4,2026-09-18,1,15,20,3,10,0,4,0,52,Cold
L1668,Vista Solutions,FinTech,201-500,3,Bengaluru,Website,Cloud Services,121.4,True,2026-08-10,2026-08,Meeting,4,Follow-up Required,2026-10-07,Upcoming,0.0,SR08,,No,Open,1,3,3,1,1,9,2026-09-19,0,10,10,3,10,12,10,5,60,Warm
L1669,Sapphire Cloudware,SaaS,51-200,2,Gurgaon,LinkedIn,Cloud Services,59.5,False,2026-08-10,2026-08,Qualified,3,Waiting for Response,2026-09-01,Overdue,18.0,SR03,,No,Open,3,1,3,0,0,8,2026-09-15,4,5,10,6,5,0,10,0,36,Cold
L1670,Optima Health,Healthcare,1-50,1,Bengaluru,Website,Cloud Services,6.9,False,2026-08-10,2026-08,Proposal,5,Follow-up Required,2026-10-08,Upcoming,0.0,SR08,250000,No,Open,4,1,3,1,1,12,2026-09-14,5,0,0,10,5,12,4,5,36,Cold
L1671,Quest Capital Tech,FinTech,1-50,1,Chennai,Cold Calling,Cloud Services,9.8,False,2026-08-10,2026-08,Qualified,3,Waiting for Response,2026-09-19,Due Today,0.0,SR04,,No,Open,3,1,2,1,0,7,2026-09-11,8,0,0,6,5,0,10,5,26,Cold
L1672,Cobalt Retail Tech,E-commerce,51-200,2,Jaipur,Email Campaign,Digital Transformation,46.3,False,2026-08-10,2026-08,New,1,Follow-up Required,2026-10-08,Upcoming,0.0,SR03,,No,Open,0,0,0,0,0,0,,,5,5,0,0,0,4,0,14,Cold
L1673,Aurora Care Systems,Healthcare,1-50,1,Gurgaon,Events,Digital Transformation,8.9,False,2026-08-10,2026-08,Contacted,2,Contacted,2026-09-15,Overdue,4.0,SR01,,No,Open,2,1,2,0,0,5,2026-08-21,29,0,0,6,5,0,10,0,21,Cold
L1674,Meridian Finserv,FinTech,51-200,2,Jaipur,Website,Cloud Services,10.1,False,2026-08-10,2026-08,New,1,Follow-up Required,2026-09-21,Upcoming,0.0,SR10,,No,Open,0,0,0,0,0,0,,,5,5,0,0,0,10,0,20,Cold
L1675,Ridge Brands,Retail,501-1000,4,Bengaluru,Website,Cloud Services,587.2,False,2026-08-10,2026-08,New,1,Follow-up Required,2026-09-27,Upcoming,0.0,SR04,,No,Open,0,0,0,0,0,0,,,15,20,0,0,0,10,0,45,Cold
L1676,Vertex Commerce,E-commerce,1-50,1,Gurgaon,Website,Cloud Services,14.0,False,2026-08-10,2026-08,Contacted,2,Follow-up Required,2026-10-10,Upcoming,0.0,SR01,,No,Open,0,1,1,0,0,2,2026-09-18,1,0,5,0,5,0,10,0,20,Cold
L1677,Lotus Brands,Retail,51-200,2,Jaipur,Cold Calling,Software Development,39.2,False,2026-08-10,2026-08,New,1,Follow-up Required,2026-09-29,Upcoming,0.0,SR03,,No,Open,1,0,0,0,0,1,,,5,5,3,0,0,4,0,17,Cold
L1678,Titan Academy Systems,Education,501-1000,4,Delhi,Website,Software Development,582.6,False,2026-08-11,2026-08,Qualified,3,Waiting for Response,2026-09-09,Overdue,10.0,SR03,,No,Open,3,1,2,1,0,7,2026-09-11,8,15,20,6,5,0,10,5,61,Warm
L1679,Lotus Learning,Education,1-50,1,Mumbai,Cold Calling,Software Development,12.3,False,2026-08-11,2026-08,Contacted,2,Waiting for Response,2026-09-16,Overdue,3.0,SR02,,No,Open,1,0,1,1,0,3,2026-09-16,3,0,5,3,0,0,10,5,23,Cold
L1680,Himalaya Diagnostics,Healthcare,501-1000,4,Mumbai,LinkedIn,Cloud Services,558.4,False,2026-08-11,2026-08,New,1,Follow-up Required,2026-09-19,Due Today,0.0,SR02,,No,Open,2,0,0,0,0,2,,,15,20,6,0,0,4,0,45,Cold
L1681,Willow Industries,SaaS,51-200,2,Jaipur,Cold Calling,Cloud Services,25.9,False,2026-08-11,2026-08,New,1,Follow-up Required,2026-09-20,Upcoming,0.0,SR03,,No,Open,1,0,0,0,0,1,,,5,5,3,0,0,10,0,23,Cold
L1682,Apex Retail Tech,E-commerce,1-50,1,Bengaluru,Referral,Software Development,3.3,False,2026-08-11,2026-08,New,1,Follow-up Required,2026-09-23,Upcoming,0.0,SR08,,No,Open,0,0,0,0,0,0,,,0,0,0,0,0,10,0,10,Cold
L1683,Lotus Stores,Retail,1000+,5,Bengaluru,Email Campaign,Software Development,2643.0,False,2026-08-11,2026-08,Contacted,2,Follow-up Required,2026-09-03,Overdue,16.0,SR04,,No,Open,0,0,2,0,0,3,2026-09-13,6,20,20,0,0,0,4,0,44,Cold
L1684,Zeal Capital Tech,FinTech,201-500,3,Pune,Events,Cybersecurity,138.5,False,2026-08-11,2026-08,Meeting,4,Meeting Scheduled,2026-10-01,Upcoming,0.0,SR06,,No,Open,1,2,3,1,0,9,2026-09-03,16,10,10,3,10,0,10,5,48,Cold
L1685,Uday Apps,SaaS,201-500,3,Mumbai,Cold Calling,Cloud Services,143.0,False,2026-08-12,2026-08,Contacted,2,Waiting for Response,2026-09-05,Overdue,14.0,SR09,,No,Open,0,0,2,1,0,2,2026-09-09,10,10,10,0,0,0,10,5,35,Cold
L1686,Yonder Platforms,SaaS,201-500,3,Noida,Referral,Cloud Services,80.6,False,2026-08-12,2026-08,Qualified,3,Contacted,2026-09-23,Upcoming,0.0,SR10,,No,Open,2,0,3,1,0,7,2026-09-13,6,10,10,6,0,0,10,5,41,Cold
L1687,Garuda Mart,Retail,51-200,2,Mumbai,Referral,Cloud Services,50.3,False,2026-08-12,2026-08,Qualified,3,Waiting for Response,2026-10-08,Upcoming,0.0,SR06,,No,Open,1,2,2,0,0,5,2026-09-15,4,5,10,3,10,0,10,0,38,Cold
L1688,Zephyr Group,Education,51-200,2,Ahmedabad,LinkedIn,Software Development,36.8,True,2026-08-12,2026-08,Meeting,4,Contacted,2026-09-30,Upcoming,0.0,SR02,,No,Open,2,1,2,0,1,8,2026-09-16,3,5,5,6,5,12,10,0,43,Cold
L1689,Meridian Mart,Retail,501-1000,4,Ahmedabad,Events,Digital Transformation,541.0,False,2026-08-12,2026-08,Meeting,4,Meeting Scheduled,2026-09-29,Upcoming,0.0,SR09,,No,Open,3,2,2,1,1,8,2026-09-13,6,15,20,6,10,12,10,5,78,Warm
L1690,Urban Platforms,SaaS,501-1000,4,Gurgaon,LinkedIn,DevOps,313.0,False,2026-08-12,2026-08,Proposal,5,Closed,,No Follow-up Needed,0.0,SR03,1540000,No,Lost,4,1,2,0,1,11,2026-09-13,6,15,15,10,5,12,10,0,67,Warm
L1691,Quantum Technologies,SaaS,51-200,2,Ahmedabad,Cold Calling,Cloud Services,17.8,False,2026-08-12,2026-08,Qualified,3,Waiting for Response,2026-09-24,Upcoming,0.0,SR02,,No,Open,1,1,3,2,0,6,2026-08-26,24,5,5,3,5,0,10,10,38,Cold
L1692,Lumina Wealth Tech,FinTech,201-500,3,Chennai,Referral,Software Development,134.3,False,2026-08-12,2026-08,Meeting,4,Follow-up Required,2026-09-26,Upcoming,0.0,SR04,,No,Open,4,1,2,0,2,9,2026-09-17,2,10,10,10,5,20,4,0,59,Cold
L1693,Falcon Enterprises,E-commerce,51-200,2,Delhi,Cold Calling,Cloud Services,26.3,False,2026-08-12,2026-08,Qualified,3,Not Interested,,No Follow-up Needed,0.0,SR01,,No,Lost,2,1,2,1,0,6,2026-08-24,26,5,5,6,5,0,10,5,36,Cold
L1694,Ishaan Solutions,SaaS,201-500,3,Pune,Email Campaign,DevOps,163.5,False,2026-08-12,2026-08,Contacted,2,Waiting for Response,2026-09-27,Upcoming,0.0,SR06,,No,Open,0,0,1,1,0,1,2026-08-27,23,10,10,0,0,0,10,5,35,Cold
L1695,Wavelet EdTech,Education,51-200,2,Pune,LinkedIn,Cybersecurity,27.4,False,2026-08-12,2026-08,Contacted,2,Waiting for Response,2026-09-25,Upcoming,0.0,SR06,,No,Open,2,1,1,0,0,4,2026-09-15,4,5,5,6,5,0,4,0,25,Cold
L1696,Xenon Global,FinTech,201-500,3,Chennai,Email Campaign,Software Development,72.8,False,2026-08-12,2026-08,New,1,Follow-up Required,2026-10-04,Upcoming,0.0,SR04,,No,Open,1,0,0,0,0,1,,,10,10,3,0,0,4,0,27,Cold
L1697,Dhruv Online,E-commerce,201-500,3,Mumbai,Website,Software Development,127.7,False,2026-08-12,2026-08,New,1,Follow-up Required,2026-09-06,Overdue,13.0,SR06,,No,Open,2,0,0,0,0,2,,,10,10,6,0,0,10,0,36,Cold
L1698,Aurora Supply Chain,Logistics,501-1000,4,Gurgaon,Events,Digital Transformation,155.8,False,2026-08-12,2026-08,Contacted,2,Waiting for Response,2026-10-10,Upcoming,0.0,SR10,,No,Open,2,0,2,0,0,4,2026-09-17,2,15,10,6,0,0,10,0,41,Cold
L1699,Quartz Industries,Manufacturing,501-1000,4,Bengaluru,Email Campaign,Digital Transformation,501.8,False,2026-08-13,2026-08,Meeting,4,Contacted,2026-09-22,Upcoming,0.0,SR07,,No,Open,1,1,2,0,0,6,2026-09-14,5,15,20,3,5,0,10,0,53,Cold
L1700,Helix Cloudware,SaaS,1-50,1,Mumbai,Email Campaign,DevOps,2.5,False,2026-08-13,2026-08,Qualified,3,Contacted,2026-10-01,Upcoming,0.0,SR06,,No,Open,0,1,3,1,0,5,2026-09-15,4,0,0,0,5,0,10,5,20,Cold
L1701,Delta Manufacturing,Manufacturing,51-200,2,Hyderabad,Website,Cybersecurity,38.7,False,2026-08-13,2026-08,Qualified,3,Contacted,2026-09-19,Due Today,0.0,SR08,,No,Open,3,0,3,2,0,7,2026-08-29,21,5,5,6,0,0,4,10,30,Cold
L1702,Sapphire Global,Retail,1-50,1,Delhi,Google Search,Cloud Services,12.8,False,2026-08-13,2026-08,Contacted,2,Contacted,2026-09-19,Due Today,0.0,SR10,,No,Open,0,0,1,0,0,2,2026-09-08,11,0,5,0,0,0,10,0,15,Cold
L1703,Crest Supply Chain,Logistics,1-50,1,Delhi,Cold Calling,Software Development,7.9,False,2026-08-13,2026-08,Contacted,2,Waiting for Response,2026-09-28,Upcoming,0.0,SR10,,No,Open,1,0,1,1,0,2,2026-09-13,6,0,0,3,0,0,4,5,12,Cold
L1704,Himalaya Knowledge,Education,201-500,3,Noida,LinkedIn,Digital Transformation,116.7,False,2026-08-13,2026-08,New,1,Follow-up Required,2026-09-28,Upcoming,0.0,SR01,,No,Open,1,0,0,0,0,1,,,10,10,3,0,0,10,0,33,Cold
L1705,Glide Stores,Retail,51-200,2,Pune,LinkedIn,Digital Transformation,23.3,False,2026-08-13,2026-08,Contacted,2,Waiting for Response,2026-10-02,Upcoming,0.0,SR06,,No,Open,2,1,1,1,0,4,2026-09-06,13,5,5,6,5,0,10,5,36,Cold
L1706,Ember Learning,Education,1000+,5,Delhi,Cold Calling,Digital Transformation,1719.6,False,2026-08-14,2026-08,Qualified,3,Follow-up Required,2026-09-25,Upcoming,0.0,SR01,,No,Open,2,0,1,1,0,4,2026-09-10,9,20,20,6,0,0,10,5,61,Warm
L1707,Titan Marketplace,E-commerce,201-500,3,Bengaluru,Google Search,Cybersecurity,97.0,False,2026-08-14,2026-08,Contacted,2,Contacted,2026-09-22,Upcoming,0.0,SR04,,No,Open,0,0,2,1,0,2,2026-09-11,8,10,10,0,0,0,4,5,29,Cold
L1708,Crest Global,E-commerce,1-50,1,Chennai,Google Search,DevOps,2.8,False,2026-08-14,2026-08,Qualified,3,Waiting for Response,2026-10-07,Upcoming,0.0,SR07,,No,Open,1,1,3,1,0,5,2026-09-17,2,0,0,3,5,0,4,5,17,Cold
L1709,Urban Mart,Retail,501-1000,4,Jaipur,Cold Calling,Software Development,299.2,False,2026-08-14,2026-08,New,1,Follow-up Required,2026-09-21,Upcoming,0.0,SR10,,No,Open,0,0,0,0,0,0,,,15,15,0,0,0,4,0,34,Cold
L1710,Pulse Labs,Retail,51-200,2,Delhi,Events,Digital Transformation,33.5,False,2026-08-14,2026-08,Contacted,2,Not Interested,,No Follow-up Needed,0.0,SR10,,No,Lost,1,0,2,0,0,3,2026-09-12,7,5,5,3,0,0,10,0,23,Cold
L1711,Evergreen Manufacturing,Manufacturing,201-500,3,Gurgaon,Referral,Software Development,132.7,False,2026-08-14,2026-08,Meeting,4,Not Interested,,No Follow-up Needed,0.0,SR05,,No,Lost,2,1,2,0,1,7,2026-09-15,4,10,10,6,5,12,4,0,47,Cold
L1712,Banyan Systems,E-commerce,1000+,5,Pune,Referral,DevOps,1726.6,False,2026-08-14,2026-08,Contacted,2,Contacted,2026-10-07,Upcoming,0.0,SR09,,No,Open,1,1,1,0,0,3,2026-09-12,7,20,20,3,5,0,4,0,52,Cold
L1713,Ridge Technologies,E-commerce,51-200,2,Mumbai,Cold Calling,Software Development,22.6,False,2026-08-14,2026-08,New,1,Follow-up Required,2026-10-04,Upcoming,0.0,SR06,,No,Open,1,0,0,0,0,1,,,5,5,3,0,0,10,0,23,Cold
L1714,Vivid Diagnostics,Healthcare,201-500,3,Pune,Website,Cloud Services,69.7,False,2026-08-14,2026-08,New,1,Follow-up Required,2026-09-23,Upcoming,0.0,SR06,,No,Open,2,0,0,0,0,2,,,10,10,6,0,0,4,0,30,Cold
L1715,Cobalt Marketplace,E-commerce,1-50,1,Ahmedabad,Website,Software Development,5.4,False,2026-08-14,2026-08,New,1,Follow-up Required,2026-10-10,Upcoming,0.0,SR02,,No,Open,0,0,0,0,0,0,,,0,0,0,0,0,10,0,10,Cold
L1716,Quest Commerce,E-commerce,1-50,1,Bengaluru,Website,Cloud Services,11.4,False,2026-08-15,2026-08,Meeting,4,Meeting Scheduled,2026-09-26,Upcoming,0.0,SR07,,No,Open,1,0,3,0,2,7,2026-09-17,2,0,5,3,0,20,10,0,38,Cold
L1717,Spark Marketplace,E-commerce,1000+,5,Gurgaon,LinkedIn,Cloud Services,508.1,False,2026-08-15,2026-08,Contacted,2,Contacted,2026-08-31,Overdue,19.0,SR01,,No,Open,0,0,1,0,0,1,2026-08-27,23,20,20,0,0,0,10,0,50,Cold
L1718,Nimbus Marketplace,E-commerce,51-200,2,Pune,Events,Software Development,43.0,False,2026-08-15,2026-08,Contacted,2,Not Interested,,No Follow-up Needed,0.0,SR02,,No,Lost,2,0,2,1,0,4,2026-09-06,13,5,5,6,0,0,10,5,31,Cold
L1719,Crest Learning,Education,201-500,3,Jaipur,Website,Digital Transformation,139.0,False,2026-08-15,2026-08,New,1,Follow-up Required,2026-10-03,Upcoming,0.0,SR10,,No,Open,1,0,0,0,0,1,,,10,10,3,0,0,10,0,33,Cold
L1720,Meridian Academy Systems,Education,1-50,1,Bengaluru,Website,Digital Transformation,9.5,False,2026-08-15,2026-08,New,1,Follow-up Required,2026-10-05,Upcoming,0.0,SR08,,No,Open,1,0,0,0,0,1,,,0,0,3,0,0,10,0,13,Cold
L1721,Madhav EdTech,Education,1-50,1,Mumbai,LinkedIn,Digital Transformation,7.3,False,2026-08-15,2026-08,Contacted,2,Not Interested,,No Follow-up Needed,0.0,SR06,,No,Lost,0,0,1,1,0,2,2026-08-26,24,0,0,0,0,0,10,5,15,Cold
L1722,Drift Commerce,E-commerce,51-200,2,Bengaluru,LinkedIn,DevOps,38.3,False,2026-08-15,2026-08,Meeting,4,Waiting for Response,2026-09-10,Overdue,9.0,SR08,,No,Open,3,2,3,1,1,10,2026-09-17,2,5,5,6,10,12,4,5,47,Cold
L1723,Indus Industrial,Manufacturing,201-500,3,Chennai,LinkedIn,Digital Transformation,166.4,False,2026-08-15,2026-08,New,1,Follow-up Required,2026-09-22,Upcoming,0.0,SR07,,No,Open,2,0,0,0,0,2,,,10,10,6,0,0,10,0,36,Cold
L1724,Titan Systems,SaaS,51-200,2,Mumbai,Referral,DevOps,54.7,False,2026-08-15,2026-08,Meeting,4,Meeting Scheduled,2026-10-02,Upcoming,0.0,SR09,,No,Open,3,1,2,0,2,8,2026-09-14,5,5,10,6,5,20,10,0,56,Cold
L1725,Solace Cargo,Logistics,51-200,2,Hyderabad,LinkedIn,DevOps,24.3,False,2026-08-15,2026-08,Contacted,2,Contacted,2026-09-24,Upcoming,0.0,SR07,,No,Open,0,0,2,1,0,2,2026-09-06,13,5,5,0,0,0,4,5,19,Cold
L1726,Umbra Softech,Logistics,51-200,2,Gurgaon,Events,Software Development,38.6,False,2026-08-15,2026-08,Qualified,3,Meeting Scheduled,2026-10-03,Upcoming,0.0,SR05,,No,Open,1,0,1,0,0,3,2026-09-17,2,5,5,3,0,0,4,0,17,Cold
L1727,Aryan Diagnostics,Healthcare,51-200,2,Unknown,LinkedIn,Cybersecurity,38.7,False,2026-08-15,2026-08,New,1,Follow-up Required,2026-09-27,Upcoming,0.0,SR10,,No,Open,2,0,0,0,0,2,,,5,5,6,0,0,10,0,26,Cold
L1728,Ion Labs,FinTech,201-500,3,Jaipur,Email Campaign,Cybersecurity,82.8,False,2026-08-15,2026-08,New,1,Follow-up Required,2026-09-20,Upcoming,0.0,SR05,,No,Open,2,0,0,0,0,2,,,10,10,6,0,0,10,0,36,Cold
L1729,Delta Software,SaaS,1000+,5,Noida,LinkedIn,Cloud Services,1099.6,False,2026-08-16,2026-08,Proposal,5,Follow-up Required,2026-09-19,Due Today,0.0,SR01,2140000,No,Open,4,4,2,0,3,13,2026-09-19,0,20,20,10,10,20,10,0,90,Hot
L1730,Alpine Marketplace,E-commerce,1000+,5,Gurgaon,Cold Calling,Software Development,2356.6,False,2026-08-16,2026-08,Qualified,3,Contacted,2026-10-03,Upcoming,0.0,SR01,,No,Open,0,1,2,1,0,4,2026-09-10,9,20,20,0,5,0,10,5,60,Warm
L1731,Flux Engineering,Manufacturing,1-50,1,Hyderabad,LinkedIn,Cybersecurity,10.2,False,2026-08-16,2026-08,New,1,Follow-up Required,2026-10-02,Upcoming,0.0,SR04,,No,Open,2,0,0,0,0,2,,,0,5,6,0,0,4,0,15,Cold
L1732,Loop Care Systems,Healthcare,1-50,1,Gurgaon,Google Search,Digital Transformation,14.0,False,2026-08-16,2026-08,New,1,Follow-up Required,2026-10-09,Upcoming,0.0,SR01,,No,Open,2,0,0,0,0,2,,,0,5,6,0,0,10,0,21,Cold
L1733,Ion Platforms,SaaS,1-50,1,Noida,Email Campaign,Cybersecurity,7.0,False,2026-08-16,2026-08,Qualified,3,Waiting for Response,2026-09-25,Upcoming,0.0,SR05,,No,Open,1,0,3,1,0,5,2026-09-13,6,0,0,3,0,0,4,5,12,Cold
L1734,Nexora EdTech,Education,1-50,1,Noida,Email Campaign,Digital Transformation,2.7,False,2026-08-16,2026-08,New,1,Follow-up Required,2026-09-19,Due Today,0.0,SR03,,No,Open,2,0,0,0,0,2,,,0,0,6,0,0,10,0,16,Cold
L1735,Ridge Industrial,Manufacturing,1-50,1,Pune,Cold Calling,Digital Transformation,3.8,False,2026-08-16,2026-08,New,1,Follow-up Required,2026-10-04,Upcoming,0.0,SR02,,No,Open,0,0,0,0,0,0,,,0,0,0,0,0,10,0,10,Cold
L1736,Evergreen Retail,Retail,201-500,3,Hyderabad,Email Campaign,Software Development,83.7,False,2026-08-16,2026-08,New,1,Follow-up Required,2026-09-19,Due Today,0.0,SR04,,No,Open,2,0,0,0,0,2,,,10,10,6,0,0,4,0,30,Cold
L1737,Summit Wealth Tech,FinTech,51-200,2,Delhi,Cold Calling,DevOps,12.1,False,2026-08-16,2026-08,Contacted,2,Waiting for Response,2026-09-30,Upcoming,0.0,SR01,,No,Open,1,1,2,1,0,4,2026-09-18,1,5,5,3,5,0,4,5,27,Cold
L1738,Ishaan Mart,Retail,1-50,1,Unknown,LinkedIn,Cloud Services,8.1,True,2026-08-17,2026-08,New,1,Follow-up Required,2026-09-03,Overdue,16.0,SR06,,No,Open,1,0,0,0,0,1,,,0,0,3,0,0,10,0,13,Cold
L1739,Onyx Care Systems,Healthcare,1-50,1,Hyderabad,Website,Digital Transformation,8.7,False,2026-08-17,2026-08,New,1,Follow-up Required,2026-09-05,Overdue,14.0,SR07,,No,Open,0,0,0,0,0,0,,,0,0,0,0,0,10,0,10,Cold
L1740,Vivid Online,E-commerce,1-50,1,Mumbai,Events,Software Development,13.3,False,2026-08-17,2026-08,New,1,Follow-up Required,2026-09-30,Upcoming,0.0,SR06,,No,Open,2,0,0,0,0,2,,,0,5,6,0,0,10,0,21,Cold
L1741,Uday Online,E-commerce,201-500,3,Delhi,Cold Calling,Software Development,121.4,True,2026-08-17,2026-08,New,1,Follow-up Required,2026-10-06,Upcoming,0.0,SR01,,No,Open,2,0,0,0,0,2,,,10,10,6,0,0,10,0,36,Cold
L1742,Delta Wealth Tech,FinTech,51-200,2,Bengaluru,Cold Calling,Cybersecurity,27.4,False,2026-08-17,2026-08,New,1,Follow-up Required,2026-09-26,Upcoming,0.0,SR08,,No,Open,0,0,0,0,0,0,,,5,5,0,0,0,10,0,20,Cold
L1743,Loop Industries,Manufacturing,51-200,2,Mumbai,Email Campaign,Digital Transformation,40.3,False,2026-08-17,2026-08,New,1,Follow-up Required,2026-09-19,Due Today,0.0,SR09,,No,Open,1,0,0,0,0,1,,,5,5,3,0,0,10,0,23,Cold
L1744,Trident Ventures,SaaS,51-200,2,Pune,Email Campaign,Cybersecurity,50.1,False,2026-08-17,2026-08,Contacted,2,Not Interested,,No Follow-up Needed,0.0,SR06,,No,Lost,2,0,2,0,0,4,2026-09-07,12,5,10,6,0,0,4,0,25,Cold
L1745,Mosaic Pvt Ltd,SaaS,51-200,2,Gurgaon,Google Search,DevOps,38.6,False,2026-08-17,2026-08,Qualified,3,Waiting for Response,2026-10-04,Upcoming,0.0,SR01,,No,Open,2,0,3,1,0,7,2026-09-11,8,5,5,6,0,0,10,5,31,Cold
L1746,Relay EdTech,Education,51-200,2,Hyderabad,Cold Calling,Software Development,54.3,False,2026-08-17,2026-08,New,1,Follow-up Required,2026-09-19,Due Today,0.0,SR04,,No,Open,0,0,0,0,0,0,,,5,10,0,0,0,10,0,25,Cold
L1747,Madhav Diagnostics,Healthcare,501-1000,4,Unknown,Google Search,Cybersecurity,580.9,False,2026-08-17,2026-08,Proposal,5,Not Interested,,No Follow-up Needed,0.0,SR04,2050000,No,Lost,3,3,3,1,1,12,2026-09-16,3,15,20,6,10,12,10,5,78,Warm
L1748,Pulse Learning,Education,501-1000,4,Gurgaon,Referral,Cloud Services,524.4,False,2026-08-17,2026-08,Contacted,2,Contacted,2026-09-18,Overdue,1.0,SR05,,No,Open,2,1,1,0,0,4,2026-09-18,1,15,20,6,5,0,4,0,50,Cold
L1749,Garuda Supply Chain,Logistics,1-50,1,Ahmedabad,Cold Calling,Software Development,5.4,False,2026-08-17,2026-08,New,1,Follow-up Required,2026-09-26,Upcoming,0.0,SR02,,No,Open,1,0,0,0,0,1,,,0,0,3,0,0,4,0,7,Cold
L1750,Quest MedTech,Healthcare,51-200,2,Pune,Email Campaign,Cybersecurity,14.8,False,2026-08-18,2026-08,Contacted,2,Contacted,2026-09-27,Upcoming,0.0,SR09,,No,Open,0,0,1,1,0,2,2026-09-16,3,5,5,0,0,0,10,5,25,Cold
L1751,Kinetic Networks,FinTech,501-1000,4,Hyderabad,Referral,DevOps,171.4,False,2026-08-18,2026-08,Contacted,2,Follow-up Required,2026-10-08,Upcoming,0.0,SR07,,No,Open,0,1,1,1,0,2,2026-09-13,6,15,10,0,5,0,4,5,39,Cold
L1752,Vayu Marketplace,E-commerce,201-500,3,Jaipur,LinkedIn,Software Development,94.5,False,2026-08-18,2026-08,Qualified,3,Not Interested,,No Follow-up Needed,0.0,SR03,,No,Lost,2,0,3,2,0,6,2026-09-13,6,10,10,6,0,0,10,10,46,Cold
L1753,Meridian Payments,FinTech,1-50,1,Mumbai,Website,Cybersecurity,6.7,False,2026-08-18,2026-08,Contacted,2,Follow-up Required,2026-09-05,Overdue,14.0,SR02,,No,Open,2,0,2,1,0,5,2026-09-07,12,0,0,6,0,0,10,5,21,Cold
L1754,Summit Group,Education,501-1000,4,Mumbai,Cold Calling,Software Development,415.1,False,2026-08-18,2026-08,Contacted,2,Follow-up Required,2026-10-08,Upcoming,0.0,SR06,,No,Open,1,0,1,1,0,2,2026-08-25,25,15,15,3,0,0,10,5,48,Cold
L1755,Evergreen Systems,FinTech,1-50,1,Delhi,Cold Calling,Cloud Services,2.7,False,2026-08-18,2026-08,Contacted,2,Waiting for Response,2026-10-04,Upcoming,0.0,SR03,,No,Open,1,0,2,0,0,3,2026-09-14,5,0,0,3,0,0,10,0,13,Cold
L1756,Radiant Care Systems,Healthcare,51-200,2,Gurgaon,LinkedIn,Digital Transformation,50.2,False,2026-08-18,2026-08,New,1,Follow-up Required,2026-09-03,Overdue,16.0,SR01,,No,Open,0,0,0,0,0,0,,,5,10,0,0,0,10,0,25,Cold
L1757,Onyx MedTech,Healthcare,201-500,3,Mumbai,Cold Calling,DevOps,130.0,False,2026-08-18,2026-08,Contacted,2,Waiting for Response,2026-09-30,Upcoming,0.0,SR09,,No,Open,0,1,1,1,0,2,2026-09-01,18,10,10,0,5,0,4,5,34,Cold
L1758,Sagar Software,SaaS,1000+,5,Pune,Cold Calling,Cloud Services,1278.9,False,2026-08-19,2026-08,New,1,Follow-up Required,2026-10-05,Upcoming,0.0,SR02,,No,Open,2,0,0,0,0,2,,,20,20,6,0,0,10,0,56,Cold
L1759,Oasis Industrial,Manufacturing,1-50,1,Delhi,Cold Calling,Digital Transformation,14.0,False,2026-08-19,2026-08,Qualified,3,Not Interested,,No Follow-up Needed,0.0,SR03,,No,Lost,0,2,3,1,0,5,2026-09-17,2,0,5,0,10,0,10,5,30,Cold
L1760,Dhruv Commerce,E-commerce,501-1000,4,Pune,LinkedIn,Cloud Services,570.1,False,2026-08-19,2026-08,Qualified,3,Follow-up Required,2026-09-21,Upcoming,0.0,SR02,,No,Open,1,1,1,1,0,3,2026-09-15,4,15,20,3,5,0,10,5,58,Cold
L1761,Relay Wealth Tech,FinTech,51-200,2,Bengaluru,Email Campaign,Cybersecurity,40.8,False,2026-08-19,2026-08,Contacted,2,Follow-up Required,2026-10-02,Upcoming,0.0,SR04,,No,Open,0,0,1,0,0,2,2026-09-08,11,5,5,0,0,0,10,0,20,Cold
L1762,Chakra Software,SaaS,201-500,3,Pune,Email Campaign,Cybersecurity,88.3,False,2026-08-19,2026-08,Contacted,2,Not Interested,,No Follow-up Needed,0.0,SR06,,No,Lost,0,0,1,0,0,1,2026-08-29,21,10,10,0,0,0,4,0,24,Cold
L1763,Alpine MedTech,Healthcare,1-50,1,Chennai,Google Search,Cloud Services,10.7,False,2026-08-19,2026-08,Proposal,5,Follow-up Required,2026-10-01,Upcoming,0.0,SR08,390000,No,Open,2,2,2,0,2,10,2026-09-05,14,0,5,6,10,20,4,0,45,Cold
L1764,Vayu Learning,Education,51-200,2,Hyderabad,Email Campaign,Digital Transformation,15.2,False,2026-08-19,2026-08,New,1,Follow-up Required,2026-09-23,Upcoming,0.0,SR08,,No,Open,0,0,0,0,0,0,,,5,5,0,0,0,10,0,20,Cold
L1765,Gravity Freight,Logistics,201-500,3,Bengaluru,Cold Calling,Software Development,90.5,False,2026-08-20,2026-08,Contacted,2,Waiting for Response,2026-10-01,Upcoming,0.0,SR07,,No,Open,2,1,2,1,0,5,2026-09-11,8,10,10,6,5,0,4,5,40,Cold
L1766,Quartz Health,Healthcare,51-200,2,Mumbai,Events,Cybersecurity,51.1,False,2026-08-20,2026-08,New,1,Follow-up Required,2026-09-24,Upcoming,0.0,SR02,,No,Open,1,0,0,0,0,1,,,5,10,3,0,0,10,0,28,Cold
L1767,Alpine Industrial,Manufacturing,501-1000,4,Unknown,Website,DevOps,598.9,False,2026-08-20,2026-08,New,1,Follow-up Required,2026-10-08,Upcoming,0.0,SR10,,No,Open,1,0,0,0,0,1,,,15,20,3,0,0,4,0,42,Cold
L1768,Narmada Online,E-commerce,1000+,5,Hyderabad,Referral,Cloud Services,1658.9,False,2026-08-20,2026-08,Won,6,Closed,,No Follow-up Needed,0.0,SR07,1895000,Yes,Won,5,2,3,0,2,13,2026-09-14,5,20,20,10,10,20,10,0,90,Hot
L1769,Dhruv Software,SaaS,1000+,5,Ahmedabad,Google Search,Cloud Services,1806.1,False,2026-08-20,2026-08,Contacted,2,Not Interested,,No Follow-up Needed,0.0,SR09,,No,Lost,0,0,2,0,0,2,2026-09-03,16,20,20,0,0,0,10,0,50,Cold
L1770,Jade Pvt Ltd,SaaS,201-500,3,Bengaluru,Email Campaign,Software Development,148.7,False,2026-08-20,2026-08,Contacted,2,Contacted,2026-09-21,Upcoming,0.0,SR07,,No,Open,1,0,2,1,0,3,2026-08-27,23,10,10,3,0,0,4,5,32,Cold
L1771,Zephyr Systems,Logistics,51-200,2,Hyderabad,Website,Software Development,37.5,False,2026-08-20,2026-08,New,1,Follow-up Required,2026-09-24,Upcoming,0.0,SR07,,No,Open,2,0,0,0,0,2,,,5,5,6,0,0,4,0,20,Cold
L1772,Indus Supply Chain,Logistics,51-200,2,Pune,Referral,Digital Transformation,17.4,False,2026-08-20,2026-08,Meeting,4,Not Interested,,No Follow-up Needed,0.0,SR02,,No,Lost,2,1,2,0,1,6,2026-09-15,4,5,5,6,5,12,10,0,43,Cold
L1773,Ekam MedTech,Healthcare,501-1000,4,Ahmedabad,Email Campaign,Cloud Services,353.8,False,2026-08-20,2026-08,Qualified,3,Meeting Scheduled,2026-09-19,Due Today,0.0,SR06,,No,Open,1,1,2,1,0,4,2026-09-12,7,15,15,3,5,0,4,5,47,Cold
L1774,Titan Cloudware,SaaS,51-200,2,Mumbai,LinkedIn,Cloud Services,38.3,False,2026-08-20,2026-08,New,1,Follow-up Required,2026-10-07,Upcoming,0.0,SR06,,No,Open,1,0,0,0,0,1,,,5,5,3,0,0,10,0,23,Cold
L1775,Thrive Cargo,Logistics,1000+,5,Hyderabad,Referral,Software Development,2219.2,False,2026-08-21,2026-08,Qualified,3,Waiting for Response,2026-09-03,Overdue,16.0,SR04,,No,Open,0,0,3,2,0,5,2026-09-17,2,20,20,0,0,0,4,10,54,Cold
L1776,Summit Apps,SaaS,1-50,1,Ahmedabad,Cold Calling,Digital Transformation,8.1,True,2026-08-21,2026-08,New,1,Follow-up Required,2026-10-06,Upcoming,0.0,SR09,,No,Open,2,0,0,0,0,2,,,0,0,6,0,0,4,0,10,Cold
L1777,Chakra EdTech,Education,201-500,3,Gurgaon,LinkedIn,Digital Transformation,122.5,False,2026-08-21,2026-08,New,1,Follow-up Required,2026-09-26,Upcoming,0.0,SR05,,No,Open,1,0,0,0,0,1,,,10,10,3,0,0,10,0,33,Cold
L1778,Garuda Wealth Tech,FinTech,201-500,3,Gurgaon,Cold Calling,Cloud Services,125.4,False,2026-08-21,2026-08,New,1,Follow-up Required,2026-09-12,Overdue,7.0,SR03,,No,Open,2,0,0,0,0,2,,,10,10,6,0,0,10,0,36,Cold
L1779,Sagar Wealth Tech,FinTech,51-200,2,Chennai,Cold Calling,Cloud Services,13.7,False,2026-08-21,2026-08,New,1,Follow-up Required,2026-10-03,Upcoming,0.0,SR08,,No,Open,1,0,0,0,0,1,,,5,5,3,0,0,10,0,23,Cold
L1780,Novus Group,SaaS,51-200,2,Gurgaon,Events,DevOps,55.9,False,2026-08-21,2026-08,Contacted,2,Follow-up Required,2026-09-23,Upcoming,0.0,SR05,,No,Open,1,1,2,0,0,4,2026-09-05,14,5,10,3,5,0,10,0,33,Cold
L1781,Oasis Online,E-commerce,1-50,1,Mumbai,LinkedIn,Software Development,8.0,False,2026-08-22,2026-08,New,1,Follow-up Required,2026-09-23,Upcoming,0.0,SR02,,No,Open,0,0,0,0,0,0,,,0,0,0,0,0,10,0,10,Cold
L1782,Lumina Enterprises,SaaS,201-500,3,Mumbai,Google Search,Cybersecurity,119.3,False,2026-08-22,2026-08,Proposal,5,Waiting for Response,2026-10-10,Upcoming,0.0,SR09,645000,No,Open,4,0,2,0,2,11,2026-09-17,2,10,10,10,0,20,4,0,54,Cold
L1783,Bolt Networks,E-commerce,201-500,3,Noida,LinkedIn,Cloud Services,177.4,False,2026-08-22,2026-08,New,1,Follow-up Required,2026-10-08,Upcoming,0.0,SR10,,No,Open,2,0,0,0,0,2,,,10,10,6,0,0,10,0,36,Cold
L1784,Bolt Systems,FinTech,1000+,5,Jaipur,Cold Calling,Digital Transformation,2324.8,False,2026-08-22,2026-08,Contacted,2,Waiting for Response,2026-09-19,Due Today,0.0,SR10,,No,Open,0,0,1,0,0,1,2026-09-16,3,20,20,0,0,0,4,0,44,Cold
L1785,Drift Ventures,E-commerce,1-50,1,Mumbai,Website,DevOps,8.1,True,2026-08-22,2026-08,New,1,Follow-up Required,2026-09-25,Upcoming,0.0,SR02,,No,Open,0,0,0,0,0,0,,,0,0,0,0,0,4,0,4,Cold
L1786,Tundra Care Systems,Healthcare,1000+,5,Delhi,Referral,Digital Transformation,1411.8,False,2026-08-22,2026-08,Contacted,2,Contacted,2026-09-30,Upcoming,0.0,SR01,,No,Open,2,0,2,1,0,4,2026-09-11,8,20,20,6,0,0,10,5,61,Warm
L1787,Flux Technologies,Manufacturing,201-500,3,Bengaluru,Cold Calling,DevOps,182.6,False,2026-08-22,2026-08,New,1,Follow-up Required,2026-09-28,Upcoming,0.0,SR07,,No,Open,0,0,0,0,0,0,,,10,10,0,0,0,4,0,24,Cold
L1788,Jade Manufacturing,Manufacturing,1-50,1,Gurgaon,Website,Software Development,11.1,False,2026-08-23,2026-08,New,1,Follow-up Required,2026-09-16,Overdue,3.0,SR05,,No,Open,1,0,0,0,0,1,,,0,5,3,0,0,4,0,12,Cold
L1789,Horizon Finserv,FinTech,201-500,3,Noida,LinkedIn,Cybersecurity,96.5,False,2026-08-23,2026-08,New,1,Follow-up Required,2026-09-13,Overdue,6.0,SR05,,No,Open,2,0,0,0,0,2,,,10,10,6,0,0,10,0,36,Cold
L1790,Trident Industrial,Manufacturing,51-200,2,Pune,Website,Digital Transformation,21.5,False,2026-08-23,2026-08,Contacted,2,Not Interested,,No Follow-up Needed,0.0,SR09,,No,Lost,2,1,1,0,0,4,2026-09-14,5,5,5,6,5,0,10,0,31,Cold
L1791,Narmada Technologies,SaaS,201-500,3,Delhi,Cold Calling,Software Development,136.4,False,2026-08-23,2026-08,Qualified,3,Waiting for Response,2026-09-27,Upcoming,0.0,SR03,,No,Open,1,1,1,0,0,3,2026-09-08,11,10,10,3,5,0,4,0,32,Cold
L1792,Kinetic Enterprises,SaaS,51-200,2,Delhi,LinkedIn,DevOps,37.6,False,2026-08-23,2026-08,New,1,Follow-up Required,2026-10-10,Upcoming,0.0,SR05,,No,Open,1,0,0,0,0,1,,,5,5,3,0,0,10,0,23,Cold
L1793,Orbit Group,SaaS,501-1000,4,Unknown,Cold Calling,Software Development,477.8,False,2026-08-23,2026-08,New,1,Follow-up Required,2026-10-06,Upcoming,0.0,SR08,,No,Open,0,0,0,0,0,0,,,15,15,0,0,0,4,0,34,Cold
L1794,Hive MedTech,Healthcare,201-500,3,Gurgaon,Email Campaign,Digital Transformation,135.1,False,2026-08-23,2026-08,New,1,Follow-up Required,2026-10-06,Upcoming,0.0,SR05,,No,Open,0,0,0,0,0,0,,,10,10,0,0,0,10,0,30,Cold
L1795,Quest Wealth Tech,FinTech,1000+,5,Delhi,Email Campaign,Digital Transformation,565.4,False,2026-08-23,2026-08,New,1,Follow-up Required,2026-09-20,Upcoming,0.0,SR05,,No,Open,1,0,0,0,0,1,,,20,20,3,0,0,4,0,47,Cold
L1796,Tundra Networks,E-commerce,201-500,3,Delhi,Website,Cybersecurity,58.8,False,2026-08-23,2026-08,Contacted,2,Contacted,2026-09-23,Upcoming,0.0,SR01,,No,Open,2,0,2,0,0,4,2026-09-13,6,10,10,6,0,0,4,0,30,Cold
L1797,Trident Platforms,SaaS,1000+,5,Bengaluru,Referral,Digital Transformation,2054.0,False,2026-08-23,2026-08,New,1,Follow-up Required,2026-09-19,Due Today,0.0,SR07,,No,Open,1,0,0,0,0,1,,,20,20,3,0,0,4,0,47,Cold
L1798,Harbor MedTech,Healthcare,51-200,2,Mumbai,Google Search,Digital Transformation,38.5,False,2026-08-24,2026-08,Qualified,3,Not Interested,,No Follow-up Needed,0.0,SR09,,No,Lost,1,2,2,1,0,5,2026-09-13,6,5,5,3,10,0,10,5,38,Cold
L1799,Gravity Commerce,E-commerce,1-50,1,Delhi,LinkedIn,Software Development,9.0,False,2026-08-24,2026-08,New,1,Follow-up Required,2026-09-16,Overdue,3.0,SR03,,No,Open,0,0,0,0,0,0,,,0,0,0,0,0,10,0,10,Cold
L1800,Zest Finserv,FinTech,501-1000,4,Pune,Website,Cybersecurity,187.3,False,2026-08-24,2026-08,New,1,Follow-up Required,2026-09-19,Due Today,0.0,SR09,,No,Open,2,0,0,0,0,2,,,15,10,6,0,0,10,0,41,Cold
L1801,Indus MedTech,Healthcare,51-200,2,Chennai,Referral,Cloud Services,30.5,False,2026-08-24,2026-08,Qualified,3,Follow-up Required,2026-09-20,Upcoming,0.0,SR07,,No,Open,3,2,1,1,0,6,2026-09-11,8,5,5,6,10,0,4,5,35,Cold
L1802,Nexora Group,Retail,1-50,1,Gurgaon,Google Search,Digital Transformation,10.1,False,2026-08-24,2026-08,Contacted,2,Not Interested,,No Follow-up Needed,0.0,SR01,,No,Lost,2,1,2,2,0,5,2026-09-12,7,0,5,6,5,0,10,10,36,Cold
L1803,Quest Cargo,Logistics,1-50,1,Bengaluru,Cold Calling,Digital Transformation,6.7,False,2026-08-24,2026-08,New,1,Follow-up Required,2026-09-05,Overdue,14.0,SR08,,No,Open,2,0,0,0,0,2,,,0,0,6,0,0,10,0,16,Cold
L1804,Astra Pvt Ltd,Logistics,201-500,3,Delhi,Cold Calling,Software Development,106.0,False,2026-08-24,2026-08,New,1,Follow-up Required,2026-09-30,Upcoming,0.0,SR05,,No,Open,2,0,0,0,0,2,,,10,10,6,0,0,4,0,30,Cold
L1805,Urban Solutions,Healthcare,51-200,2,Gurgaon,Events,Cloud Services,58.6,False,2026-08-24,2026-08,New,1,Follow-up Required,2026-09-01,Overdue,18.0,SR05,,No,Open,2,0,0,0,0,2,,,5,10,6,0,0,4,0,25,Cold
L1806,Bharat Cloudware,SaaS,51-200,2,Delhi,Google Search,Software Development,14.6,False,2026-08-24,2026-08,New,1,Follow-up Required,2026-09-20,Upcoming,0.0,SR03,,No,Open,1,0,0,0,0,1,,,5,5,3,0,0,4,0,17,Cold
L1807,Relay Technologies,E-commerce,201-500,3,Delhi,Events,Cybersecurity,102.4,False,2026-08-24,2026-08,Contacted,2,Waiting for Response,2026-10-10,Upcoming,0.0,SR03,,No,Open,2,1,2,1,0,5,2026-09-17,2,10,10,6,5,0,4,5,40,Cold
L1808,Lumina Finserv,FinTech,501-1000,4,Bengaluru,Website,Cybersecurity,247.8,False,2026-08-24,2026-08,New,1,Follow-up Required,2026-10-04,Upcoming,0.0,SR07,,No,Open,2,0,0,0,0,2,,,15,15,6,0,0,10,0,46,Cold
L1809,Ridge Platforms,SaaS,51-200,2,Pune,Website,DevOps,49.3,False,2026-08-25,2026-08,New,1,Follow-up Required,2026-09-19,Due Today,0.0,SR02,,No,Open,1,0,0,0,0,1,,,5,5,3,0,0,10,0,23,Cold
L1810,Paragon Learning,Education,201-500,3,Mumbai,Email Campaign,Software Development,183.7,False,2026-08-25,2026-08,New,1,Follow-up Required,2026-09-26,Upcoming,0.0,SR02,,No,Open,2,0,0,0,0,2,,,10,10,6,0,0,10,0,36,Cold
L1811,Mantra Care Systems,Healthcare,1-50,1,Unknown,LinkedIn,Cybersecurity,6.7,False,2026-08-25,2026-08,Contacted,2,Waiting for Response,2026-09-29,Upcoming,0.0,SR03,,No,Open,0,0,2,1,0,2,2026-09-18,1,0,0,0,0,0,10,5,15,Cold
L1812,Quartz Payments,FinTech,201-500,3,Hyderabad,Events,Digital Transformation,190.4,False,2026-08-26,2026-08,Contacted,2,Waiting for Response,2026-09-20,Upcoming,0.0,SR07,,No,Open,0,1,2,1,0,3,2026-09-11,8,10,10,0,5,0,4,5,34,Cold
L1813,Helix Commerce,E-commerce,201-500,3,Delhi,Email Campaign,Cloud Services,42.0,False,2026-08-26,2026-08,Contacted,2,Contacted,2026-09-19,Due Today,0.0,SR10,,No,Open,0,0,2,2,0,2,2026-09-18,1,10,5,0,0,0,10,10,35,Cold
L1814,Narmada Payments,FinTech,201-500,3,Chennai,LinkedIn,DevOps,46.1,False,2026-08-26,2026-08,Meeting,4,Meeting Scheduled,2026-10-01,Upcoming,0.0,SR08,,No,Open,3,2,3,0,2,10,2026-09-04,15,10,5,6,10,20,4,0,55,Cold
L1815,Mosaic Care Systems,Healthcare,51-200,2,Delhi,LinkedIn,Digital Transformation,41.9,False,2026-08-26,2026-08,New,1,Follow-up Required,2026-09-26,Upcoming,0.0,SR01,,No,Open,1,0,0,0,0,1,,,5,5,3,0,0,10,0,23,Cold
L1816,Zephyr Logistics,Logistics,51-200,2,Unknown,LinkedIn,Digital Transformation,56.4,False,2026-08-26,2026-08,Contacted,2,Contacted,2026-10-09,Upcoming,0.0,SR04,,No,Open,1,0,2,0,0,3,2026-09-12,7,5,10,3,0,0,10,0,28,Cold
L1817,Prism Commerce,E-commerce,1-50,1,Pune,Referral,Software Development,13.2,False,2026-08-26,2026-08,Qualified,3,Follow-up Required,2026-10-01,Upcoming,0.0,SR06,,No,Open,3,0,3,0,0,8,2026-09-17,2,0,5,6,0,0,10,0,21,Cold
L1818,Himalaya Capital Tech,FinTech,201-500,3,Noida,Website,Cybersecurity,121.4,True,2026-08-26,2026-08,New,1,Follow-up Required,2026-09-30,Upcoming,0.0,SR01,,No,Open,2,0,0,0,0,2,,,10,10,6,0,0,10,0,36,Cold
L1819,Zenith Softech,E-commerce,501-1000,4,Ahmedabad,Cold Calling,Software Development,465.9,False,2026-08-26,2026-08,New,1,Follow-up Required,2026-09-07,Overdue,12.0,SR09,,No,Open,2,0,0,0,0,2,,,15,15,6,0,0,10,0,46,Cold
L1820,Uday Commerce,E-commerce,51-200,2,Pune,Google Search,Software Development,36.8,True,2026-08-26,2026-08,New,1,Follow-up Required,2026-09-18,Overdue,1.0,SR06,,No,Open,0,0,0,0,0,0,,,5,5,0,0,0,10,0,20,Cold
L1821,Tundra Retail Tech,E-commerce,1000+,5,Chennai,Referral,DevOps,1617.0,False,2026-08-26,2026-08,Contacted,2,Waiting for Response,2026-09-28,Upcoming,0.0,SR07,,No,Open,0,0,2,1,0,2,2026-09-18,1,20,20,0,0,0,4,5,49,Cold
L1822,Summit Retail Tech,E-commerce,51-200,2,Ahmedabad,Referral,DevOps,52.8,False,2026-08-26,2026-08,Qualified,3,Contacted,2026-09-19,Due Today,0.0,SR09,,No,Open,3,2,2,0,0,7,2026-09-19,0,5,10,6,10,0,4,0,35,Cold
L1823,Cedar Cargo,Logistics,1000+,5,Mumbai,Cold Calling,Software Development,1453.8,False,2026-08-26,2026-08,New,1,Follow-up Required,2026-10-09,Upcoming,0.0,SR02,,No,Open,1,0,0,0,0,1,,,20,20,3,0,0,4,0,47,Cold
L1824,Alpine Retail,Retail,501-1000,4,Delhi,Website,Software Development,367.3,False,2026-08-26,2026-08,New,1,Follow-up Required,2026-10-10,Upcoming,0.0,SR01,,No,Open,1,0,0,0,0,1,,,15,15,3,0,0,4,0,37,Cold
L1825,Yonder Finserv,FinTech,501-1000,4,Mumbai,Cold Calling,Digital Transformation,252.4,False,2026-08-26,2026-08,Qualified,3,Follow-up Required,2026-09-24,Upcoming,0.0,SR06,,No,Open,0,2,1,1,0,3,2026-09-15,4,15,15,0,10,0,4,5,49,Cold
L1826,Onyx Pvt Ltd,Retail,1-50,1,Chennai,Website,Cloud Services,2.3,False,2026-08-26,2026-08,New,1,Follow-up Required,2026-09-03,Overdue,16.0,SR07,,No,Open,0,0,0,0,0,0,,,0,0,0,0,0,10,0,10,Cold
L1827,Astra Components,Manufacturing,51-200,2,Hyderabad,Events,Digital Transformation,28.4,False,2026-08-27,2026-08,Contacted,2,Contacted,2026-09-27,Upcoming,0.0,SR08,,No,Open,0,1,1,0,0,2,2026-09-13,6,5,5,0,5,0,10,0,25,Cold
L1828,Apex Supply Chain,Logistics,1-50,1,Delhi,Referral,Digital Transformation,4.9,False,2026-08-27,2026-08,Contacted,2,Follow-up Required,2026-10-06,Upcoming,0.0,SR01,,No,Open,0,0,1,0,0,1,2026-08-27,23,0,0,0,0,0,10,0,10,Cold
L1829,Yonder Retail Tech,E-commerce,51-200,2,Bengaluru,Cold Calling,Cloud Services,13.2,False,2026-08-27,2026-08,New,1,Follow-up Required,2026-09-07,Overdue,12.0,SR08,,No,Open,0,0,0,0,0,0,,,5,5,0,0,0,10,0,20,Cold
L1830,Pinnacle Apps,SaaS,51-200,2,Mumbai,Google Search,Software Development,27.7,False,2026-08-27,2026-08,Contacted,2,Not Interested,,No Follow-up Needed,0.0,SR02,,No,Lost,2,0,2,1,0,5,2026-09-19,0,5,5,6,0,0,4,5,25,Cold
L1831,Yonder Technologies,Healthcare,501-1000,4,Jaipur,LinkedIn,Digital Transformation,562.2,False,2026-08-27,2026-08,Contacted,2,Not Interested,,No Follow-up Needed,0.0,SR03,,No,Lost,2,0,1,0,0,3,2026-09-18,1,15,20,6,0,0,10,0,51,Cold
L1832,Wisp Retail Tech,E-commerce,501-1000,4,Delhi,LinkedIn,Software Development,256.0,False,2026-08-28,2026-08,New,1,Follow-up Required,2026-09-25,Upcoming,0.0,SR01,,No,Open,2,0,0,0,0,2,,,15,15,6,0,0,10,0,46,Cold
L1833,Aryan Wealth Tech,FinTech,51-200,2,Delhi,LinkedIn,Cloud Services,27.0,False,2026-08-28,2026-08,New,1,Follow-up Required,2026-10-06,Upcoming,0.0,SR05,,No,Open,1,0,0,0,0,1,,,5,5,3,0,0,10,0,23,Cold
L1834,Ishaan Components,Manufacturing,51-200,2,Delhi,Events,Cybersecurity,17.8,False,2026-08-28,2026-08,New,1,Follow-up Required,2026-10-07,Upcoming,0.0,SR10,,No,Open,2,0,0,0,0,2,,,5,5,6,0,0,4,0,20,Cold
L1835,Glide Components,Manufacturing,201-500,3,Pune,Email Campaign,DevOps,151.2,False,2026-08-28,2026-08,New,1,Follow-up Required,2026-09-20,Upcoming,0.0,SR09,,No,Open,2,0,0,0,0,2,,,10,10,6,0,0,4,0,30,Cold
L1836,Pulse Technologies,E-commerce,201-500,3,Unknown,Email Campaign,Cloud Services,161.7,False,2026-08-28,2026-08,New,1,Follow-up Required,2026-10-02,Upcoming,0.0,SR08,,No,Open,2,0,0,0,0,2,,,10,10,6,0,0,10,0,36,Cold
L1837,Zenith Finserv,FinTech,1-50,1,Mumbai,Google Search,Cloud Services,14.1,False,2026-08-28,2026-08,New,1,Follow-up Required,2026-09-27,Upcoming,0.0,SR02,,No,Open,0,0,0,0,0,0,,,0,5,0,0,0,10,0,15,Cold
L1838,Pulse Cloudware,SaaS,1-50,1,Chennai,Cold Calling,Cloud Services,6.0,False,2026-08-28,2026-08,New,1,Follow-up Required,2026-10-02,Upcoming,0.0,SR07,,No,Open,2,0,0,0,0,2,,,0,0,6,0,0,10,0,16,Cold
L1839,Paragon Retail,Retail,1000+,5,Bengaluru,LinkedIn,DevOps,617.1,False,2026-08-28,2026-08,Contacted,2,Waiting for Response,2026-10-09,Upcoming,0.0,SR04,,No,Open,2,0,2,1,0,5,2026-09-18,1,20,20,6,0,0,4,5,55,Cold
L1840,Neptune Industries,E-commerce,51-200,2,Pune,Website,Software Development,56.6,False,2026-08-28,2026-08,New,1,Follow-up Required,2026-08-30,Overdue,20.0,SR09,,No,Open,0,0,0,0,0,0,,,5,10,0,0,0,10,0,25,Cold
L1841,Ion Engineering,Manufacturing,51-200,2,Ahmedabad,Events,Digital Transformation,57.7,False,2026-08-28,2026-08,Contacted,2,Waiting for Response,2026-09-22,Upcoming,0.0,SR02,,No,Open,2,0,2,0,0,5,2026-09-16,3,5,10,6,0,0,10,0,31,Cold
L1842,Prism Retail Tech,E-commerce,1000+,5,Delhi,Cold Calling,Cybersecurity,2214.3,False,2026-08-29,2026-08,Contacted,2,Follow-up Required,2026-09-07,Overdue,12.0,SR10,,No,Open,1,0,1,1,0,2,2026-09-11,8,20,20,3,0,0,4,5,52,Cold
L1843,Zenith Labs,Healthcare,501-1000,4,Pune,Referral,Cybersecurity,447.8,False,2026-08-29,2026-08,New,1,Follow-up Required,2026-10-03,Upcoming,0.0,SR09,,No,Open,1,0,0,0,0,1,,,15,15,3,0,0,10,0,43,Cold
L1844,Zest Pvt Ltd,SaaS,501-1000,4,Mumbai,Cold Calling,DevOps,560.4,False,2026-08-29,2026-08,New,1,Follow-up Required,2026-10-05,Upcoming,0.0,SR06,,No,Open,2,0,0,0,0,2,,,15,20,6,0,0,10,0,51,Cold
L1845,Drift Global,SaaS,201-500,3,Ahmedabad,Google Search,Software Development,113.3,False,2026-08-29,2026-08,New,1,Follow-up Required,2026-10-02,Upcoming,0.0,SR06,,No,Open,2,0,0,0,0,2,,,10,10,6,0,0,4,0,30,Cold
L1846,Pulse Retail,Retail,51-200,2,Pune,LinkedIn,Cloud Services,21.3,False,2026-08-29,2026-08,New,1,Follow-up Required,2026-09-20,Upcoming,0.0,SR02,,No,Open,1,0,0,0,0,1,,,5,5,3,0,0,10,0,23,Cold
L1847,Zenith Care Systems,Healthcare,51-200,2,Chennai,Email Campaign,Digital Transformation,22.7,False,2026-08-29,2026-08,New,1,Follow-up Required,2026-09-28,Upcoming,0.0,SR08,,No,Open,2,0,0,0,0,2,,,5,5,6,0,0,10,0,26,Cold
L1848,Pinnacle Manufacturing,Manufacturing,501-1000,4,Bengaluru,Cold Calling,Cybersecurity,271.4,False,2026-08-29,2026-08,New,1,Follow-up Required,2026-09-23,Upcoming,0.0,SR04,,No,Open,0,0,0,0,0,0,,,15,15,0,0,0,4,0,34,Cold
L1849,Ekam Systems,Manufacturing,501-1000,4,Bengaluru,Cold Calling,Software Development,233.6,False,2026-08-29,2026-08,Qualified,3,Waiting for Response,2026-10-07,Upcoming,0.0,SR07,,No,Open,0,1,2,1,0,4,2026-09-18,1,15,15,0,5,0,4,5,44,Cold
L1850,Bolt Solutions,Healthcare,1-50,1,Hyderabad,Google Search,Digital Transformation,7.8,False,2026-08-29,2026-08,Contacted,2,Follow-up Required,2026-09-23,Upcoming,0.0,SR07,,No,Open,2,0,1,0,0,3,2026-09-02,17,0,0,6,0,0,10,0,16,Cold
L1851,Thrive Pvt Ltd,Healthcare,51-200,2,Jaipur,Cold Calling,Software Development,59.2,False,2026-08-30,2026-08,New,1,Follow-up Required,2026-09-22,Upcoming,0.0,SR03,,No,Open,1,0,0,0,0,1,,,5,10,3,0,0,4,0,22,Cold
L1852,Zest Softech,Logistics,1-50,1,Pune,Referral,Digital Transformation,12.9,False,2026-08-30,2026-08,Meeting,4,Waiting for Response,2026-09-30,Upcoming,0.0,SR09,,No,Open,3,2,3,2,1,10,2026-09-19,0,0,5,6,10,12,10,10,53,Cold
L1853,Willow Wealth Tech,FinTech,1-50,1,Gurgaon,Email Campaign,Cloud Services,5.3,False,2026-08-30,2026-08,Contacted,2,Contacted,2026-09-14,Overdue,5.0,SR05,,No,Open,1,0,1,1,0,2,2026-09-06,13,0,0,3,0,0,10,5,18,Cold
L1854,Banyan Online,E-commerce,1-50,1,Mumbai,Referral,Cybersecurity,7.4,False,2026-08-30,2026-08,New,1,Follow-up Required,2026-09-22,Upcoming,0.0,SR02,,No,Open,1,0,0,0,0,1,,,0,0,3,0,0,4,0,7,Cold
L1855,Vista Brands,Retail,51-200,2,Mumbai,Website,Software Development,22.8,False,2026-08-31,2026-08,Contacted,2,Contacted,2026-09-08,Overdue,11.0,SR06,,No,Open,2,0,2,1,0,4,2026-09-06,13,5,5,6,0,0,4,5,25,Cold
L1856,Onyx Payments,FinTech,51-200,2,Mumbai,Cold Calling,Software Development,33.0,False,2026-08-31,2026-08,New,1,Follow-up Required,2026-09-08,Overdue,11.0,SR06,,No,Open,2,0,0,0,0,2,,,5,5,6,0,0,4,0,20,Cold
L1857,Relay Brands,Retail,501-1000,4,Mumbai,Cold Calling,Software Development,452.2,False,2026-08-31,2026-08,Contacted,2,Waiting for Response,2026-09-03,Overdue,16.0,SR06,,No,Open,0,1,1,1,0,2,2026-09-18,1,15,15,0,5,0,4,5,44,Cold
L1858,Summit Capital Tech,FinTech,201-500,3,Gurgaon,LinkedIn,Cybersecurity,140.3,False,2026-08-31,2026-08,Contacted,2,Not Interested,,No Follow-up Needed,0.0,SR01,,No,Lost,1,0,2,0,0,4,2026-09-15,4,10,10,3,0,0,10,0,33,Cold
L1859,Echo Mart,Retail,51-200,2,Bengaluru,Events,Cloud Services,40.5,False,2026-08-31,2026-08,New,1,Follow-up Required,2026-09-25,Upcoming,0.0,SR08,,No,Open,1,0,0,0,0,1,,,5,5,3,0,0,10,0,23,Cold
L1860,Vertex Brands,Retail,1-50,1,Delhi,Email Campaign,Cloud Services,5.1,False,2026-08-31,2026-08,New,1,Follow-up Required,2026-09-22,Upcoming,0.0,SR05,,No,Open,1,0,0,0,0,1,,,0,0,3,0,0,10,0,13,Cold
L1861,Alpine EdTech,Education,201-500,3,Hyderabad,LinkedIn,Cybersecurity,70.7,False,2026-08-31,2026-08,New,1,Follow-up Required,2026-09-19,Due Today,0.0,SR08,,No,Open,2,0,0,0,0,2,,,10,10,6,0,0,4,0,30,Cold
L1862,Loop Group,Healthcare,1-50,1,Noida,Email Campaign,Cloud Services,11.8,False,2026-08-31,2026-08,Contacted,2,Not Interested,,No Follow-up Needed,0.0,SR01,,No,Lost,0,0,1,1,0,1,2026-09-05,14,0,5,0,0,0,4,5,14,Cold
L1863,Pulse Retail Tech,E-commerce,201-500,3,Jaipur,LinkedIn,Cloud Services,103.8,False,2026-08-31,2026-08,Contacted,2,Follow-up Required,2026-09-10,Overdue,9.0,SR10,,No,Open,0,0,1,1,0,1,2026-08-31,19,10,10,0,0,0,10,5,35,Cold
L1864,Garuda Payments,FinTech,1-50,1,Bengaluru,LinkedIn,Digital Transformation,3.5,False,2026-08-31,2026-08,New,1,Follow-up Required,2026-09-01,Overdue,18.0,SR08,,No,Open,2,0,0,0,0,2,,,0,0,6,0,0,4,0,10,Cold
L1865,Falcon Online,E-commerce,1-50,1,Bengaluru,Cold Calling,Cloud Services,10.6,False,2026-09-01,2026-09,New,1,Follow-up Required,2026-09-19,Due Today,0.0,SR08,,No,Open,0,0,0,0,0,0,,,0,5,0,0,0,10,0,15,Cold
L1866,Orbit Pvt Ltd,E-commerce,51-200,2,Ahmedabad,LinkedIn,Software Development,55.7,False,2026-09-01,2026-09,New,1,Follow-up Required,2026-10-01,Upcoming,0.0,SR09,,No,Open,2,0,0,0,0,2,,,5,10,6,0,0,10,0,31,Cold
L1867,Quartz Commerce,E-commerce,1-50,1,Delhi,LinkedIn,Digital Transformation,3.6,False,2026-09-01,2026-09,Contacted,2,Follow-up Required,2026-09-29,Upcoming,0.0,SR01,,No,Open,2,0,1,0,0,4,2026-09-09,10,0,0,6,0,0,4,0,10,Cold
L1868,Umbra MedTech,Healthcare,501-1000,4,Ahmedabad,Referral,Cybersecurity,560.5,False,2026-09-01,2026-09,Qualified,3,Follow-up Required,2026-09-30,Upcoming,0.0,SR02,,No,Open,1,2,3,1,0,6,2026-09-16,3,15,20,3,10,0,10,5,63,Warm
L1869,Jolt Industries,FinTech,51-200,2,Gurgaon,Website,Cloud Services,23.7,False,2026-09-01,2026-09,Qualified,3,Follow-up Required,2026-10-04,Upcoming,0.0,SR03,,No,Open,3,1,3,1,0,7,2026-09-11,8,5,5,6,5,0,10,5,36,Cold
L1870,Zeal Ventures,Healthcare,1-50,1,Hyderabad,Email Campaign,Cybersecurity,7.9,False,2026-09-01,2026-09,Qualified,3,Waiting for Response,2026-09-28,Upcoming,0.0,SR07,,No,Open,2,1,2,1,0,6,2026-09-18,1,0,0,6,5,0,10,5,26,Cold
L1871,Wisp Software,SaaS,1-50,1,Hyderabad,Referral,Digital Transformation,7.7,False,2026-09-01,2026-09,New,1,Follow-up Required,2026-09-26,Upcoming,0.0,SR04,,No,Open,2,0,0,0,0,2,,,0,0,6,0,0,4,0,10,Cold
L1872,Onyx Marketplace,E-commerce,501-1000,4,Hyderabad,Website,Cloud Services,377.5,False,2026-09-01,2026-09,New,1,Follow-up Required,2026-09-24,Upcoming,0.0,SR08,,No,Open,0,0,0,0,0,0,,,15,15,0,0,0,10,0,40,Cold
L1873,Astra Engineering,Manufacturing,51-200,2,Unknown,LinkedIn,Digital Transformation,14.1,False,2026-09-01,2026-09,New,1,Follow-up Required,2026-09-22,Upcoming,0.0,SR09,,No,Open,1,0,0,0,0,1,,,5,5,3,0,0,10,0,23,Cold
L1874,Kinetic Software,SaaS,51-200,2,Mumbai,Email Campaign,Software Development,15.9,False,2026-09-01,2026-09,New,1,Follow-up Required,2026-09-29,Upcoming,0.0,SR09,,No,Open,1,0,0,0,0,1,,,5,5,3,0,0,4,0,17,Cold
L1875,Chakra Logistics,Logistics,51-200,2,Pune,Email Campaign,Software Development,25.2,False,2026-09-01,2026-09,New,1,Follow-up Required,2026-09-29,Upcoming,0.0,SR06,,No,Open,1,0,0,0,0,1,,,5,5,3,0,0,4,0,17,Cold
L1876,Vertex Health,Healthcare,51-200,2,Bengaluru,Google Search,Cloud Services,54.5,False,2026-09-02,2026-09,Contacted,2,Waiting for Response,2026-10-09,Upcoming,0.0,SR08,,No,Open,1,0,1,1,0,2,2026-09-17,2,5,10,3,0,0,4,5,27,Cold
L1877,Tundra Engineering,Manufacturing,201-500,3,Pune,LinkedIn,Digital Transformation,75.6,False,2026-09-02,2026-09,New,1,Follow-up Required,2026-09-04,Overdue,15.0,SR09,,No,Open,2,0,0,0,0,2,,,10,10,6,0,0,10,0,36,Cold
L1878,Kinetic Apps,SaaS,501-1000,4,Bengaluru,Cold Calling,Cybersecurity,234.8,False,2026-09-02,2026-09,New,1,Follow-up Required,2026-09-18,Overdue,1.0,SR08,,No,Open,2,0,0,0,0,2,,,15,15,6,0,0,4,0,40,Cold
L1879,Ridge Softech,Healthcare,201-500,3,Jaipur,Email Campaign,Digital Transformation,127.9,False,2026-09-02,2026-09,New,1,Follow-up Required,2026-09-19,Due Today,0.0,SR05,,No,Open,1,0,0,0,0,1,,,10,10,3,0,0,10,0,33,Cold
L1880,Optima Commerce,E-commerce,51-200,2,Gurgaon,Website,Software Development,48.1,False,2026-09-02,2026-09,New,1,Follow-up Required,2026-10-08,Upcoming,0.0,SR10,,No,Open,0,0,0,0,0,0,,,5,5,0,0,0,10,0,20,Cold
L1881,Mantra Platforms,SaaS,1-50,1,Chennai,Events,Software Development,2.7,False,2026-09-02,2026-09,New,1,Follow-up Required,2026-09-24,Upcoming,0.0,SR07,,No,Open,1,0,0,0,0,1,,,0,0,3,0,0,4,0,7,Cold
L1882,Optima Wealth Tech,FinTech,1000+,5,Hyderabad,LinkedIn,Cybersecurity,586.6,False,2026-09-02,2026-09,Contacted,2,Not Interested,,No Follow-up Needed,0.0,SR07,,No,Lost,1,0,1,1,0,3,2026-09-10,9,20,20,3,0,0,10,5,58,Cold
L1883,Gravity Marketplace,E-commerce,501-1000,4,Delhi,LinkedIn,Cloud Services,575.6,False,2026-09-02,2026-09,New,1,Follow-up Required,2026-09-20,Upcoming,0.0,SR10,,No,Open,1,0,0,0,0,1,,,15,20,3,0,0,10,0,48,Cold
L1884,Banyan Group,Education,1000+,5,Pune,Email Campaign,Cybersecurity,2096.2,False,2026-09-02,2026-09,New,1,Follow-up Required,2026-09-14,Overdue,5.0,SR06,,No,Open,2,0,0,0,0,2,,,20,20,6,0,0,4,0,50,Cold
L1885,Astra Industrial,Manufacturing,1000+,5,Jaipur,Email Campaign,Digital Transformation,1564.0,False,2026-09-02,2026-09,New,1,Follow-up Required,2026-09-22,Upcoming,0.0,SR10,,No,Open,2,0,0,0,0,2,,,20,20,6,0,0,10,0,56,Cold
L1886,Aurora Components,Manufacturing,201-500,3,Mumbai,Referral,Software Development,153.2,False,2026-09-02,2026-09,Contacted,2,Follow-up Required,2026-09-25,Upcoming,0.0,SR02,,No,Open,1,0,2,2,0,4,2026-09-18,1,10,10,3,0,0,4,10,37,Cold
L1887,Madhav Group,E-commerce,51-200,2,Noida,Email Campaign,Cloud Services,27.8,False,2026-09-03,2026-09,Contacted,2,Contacted,2026-09-26,Upcoming,0.0,SR01,,No,Open,2,0,2,2,0,5,2026-09-18,1,5,5,6,0,0,10,10,36,Cold
L1888,Uday Cloudware,SaaS,1000+,5,Pune,Website,DevOps,1767.7,False,2026-09-03,2026-09,New,1,Follow-up Required,2026-09-19,Due Today,0.0,SR09,,No,Open,1,0,0,0,0,1,,,20,20,3,0,0,10,0,53,Cold
L1889,Optima Retail Tech,E-commerce,1000+,5,Bengaluru,Website,Cybersecurity,702.1,False,2026-09-03,2026-09,New,1,Follow-up Required,2026-10-02,Upcoming,0.0,SR04,,No,Open,0,0,0,0,0,0,,,20,20,0,0,0,4,0,44,Cold
L1890,Aurora Payments,FinTech,1-50,1,Ahmedabad,LinkedIn,Cybersecurity,3.3,False,2026-09-03,2026-09,Qualified,3,Waiting for Response,2026-10-06,Upcoming,0.0,SR06,,No,Open,0,2,3,3,0,5,2026-09-19,0,0,0,0,10,0,10,10,30,Cold
L1891,Sagar Apps,SaaS,51-200,2,Delhi,Email Campaign,Cybersecurity,42.0,False,2026-09-03,2026-09,New,1,Follow-up Required,2026-09-09,Overdue,10.0,SR01,,No,Open,2,0,0,0,0,2,,,5,5,6,0,0,4,0,20,Cold
L1892,Zeal Manufacturing,Manufacturing,201-500,3,Delhi,Website,Software Development,137.8,False,2026-09-03,2026-09,New,1,Follow-up Required,2026-09-27,Upcoming,0.0,SR10,,No,Open,2,0,0,0,0,2,,,10,10,6,0,0,4,0,30,Cold
L1893,Garuda Software,SaaS,1-50,1,Bengaluru,Referral,DevOps,11.4,False,2026-09-03,2026-09,Contacted,2,Not Interested,,No Follow-up Needed,0.0,SR07,,No,Lost,2,0,2,0,0,4,2026-09-11,8,0,5,6,0,0,10,0,21,Cold
L1894,Echo Networks,E-commerce,501-1000,4,Jaipur,Website,Cloud Services,592.7,False,2026-09-03,2026-09,Meeting,4,Follow-up Required,2026-09-19,Due Today,0.0,SR10,,No,Open,4,3,3,1,1,12,2026-09-19,0,15,20,10,10,12,10,5,82,Hot
L1895,Wavelet Manufacturing,Manufacturing,51-200,2,Bengaluru,Cold Calling,Cybersecurity,35.7,False,2026-09-03,2026-09,New,1,Follow-up Required,2026-09-07,Overdue,12.0,SR07,,No,Open,1,0,0,0,0,1,,,5,5,3,0,0,4,0,17,Cold
L1896,Delta Retail Tech,E-commerce,51-200,2,Mumbai,Cold Calling,Software Development,13.4,False,2026-09-03,2026-09,New,1,Follow-up Required,2026-10-09,Upcoming,0.0,SR02,,No,Open,0,0,0,0,0,0,,,5,5,0,0,0,10,0,20,Cold
L1897,Jade Care Systems,Healthcare,1-50,1,Pune,Referral,Cybersecurity,11.3,False,2026-09-03,2026-09,Qualified,3,Follow-up Required,2026-09-29,Upcoming,0.0,SR06,,No,Open,1,1,1,1,0,4,2026-09-11,8,0,5,3,5,0,10,5,28,Cold
L1898,Quest Platforms,SaaS,201-500,3,Noida,LinkedIn,Software Development,56.5,False,2026-09-04,2026-09,Contacted,2,Contacted,2026-09-10,Overdue,9.0,SR05,,No,Open,1,0,1,0,0,3,2026-09-17,2,10,10,3,0,0,4,0,27,Cold
L1899,Glide Software,SaaS,501-1000,4,Noida,Email Campaign,Software Development,535.4,False,2026-09-04,2026-09,New,1,Follow-up Required,2026-09-21,Upcoming,0.0,SR10,,No,Open,1,0,0,0,0,1,,,15,20,3,0,0,4,0,42,Cold
L1900,Rudra Apps,SaaS,51-200,2,Noida,Email Campaign,Cloud Services,11.1,False,2026-09-04,2026-09,Contacted,2,Waiting for Response,2026-10-10,Upcoming,0.0,SR10,,No,Open,2,0,1,0,0,3,2026-09-14,5,5,5,6,0,0,10,0,26,Cold
L1901,Pulse Online,E-commerce,201-500,3,Mumbai,Events,Cybersecurity,121.4,True,2026-09-04,2026-09,New,1,Follow-up Required,2026-09-21,Upcoming,0.0,SR02,,No,Open,0,0,0,0,0,0,,,10,10,0,0,0,4,0,24,Cold
L1902,Pulse Health,Healthcare,201-500,3,Delhi,Google Search,DevOps,67.2,False,2026-09-04,2026-09,Contacted,2,Contacted,2026-10-10,Upcoming,0.0,SR01,,No,Open,2,0,1,0,0,3,2026-09-15,4,10,10,6,0,0,4,0,30,Cold
L1903,Himalaya Retail,Retail,51-200,2,Hyderabad,Email Campaign,Software Development,25.4,False,2026-09-04,2026-09,New,1,Follow-up Required,2026-09-07,Overdue,12.0,SR07,,No,Open,0,0,0,0,0,0,,,5,5,0,0,0,4,0,14,Cold
L1904,Flux Software,SaaS,501-1000,4,Hyderabad,LinkedIn,Software Development,429.5,False,2026-09-04,2026-09,Qualified,3,Follow-up Required,2026-09-26,Upcoming,0.0,SR07,,No,Open,0,2,3,0,0,5,2026-09-17,2,15,15,0,10,0,4,0,44,Cold
L1905,Neptune Pvt Ltd,E-commerce,51-200,2,Delhi,Website,DevOps,30.9,False,2026-09-04,2026-09,New,1,Follow-up Required,2026-09-23,Upcoming,0.0,SR01,,No,Open,2,0,0,0,0,2,,,5,5,6,0,0,4,0,20,Cold
L1906,Prana EdTech,Education,201-500,3,Bengaluru,LinkedIn,Cloud Services,129.1,False,2026-09-04,2026-09,Qualified,3,Waiting for Response,2026-10-09,Upcoming,0.0,SR04,,No,Open,1,1,1,0,0,3,2026-09-13,6,10,10,3,5,0,4,0,32,Cold
L1907,Indus Payments,FinTech,501-1000,4,Delhi,Google Search,Software Development,252.9,False,2026-09-05,2026-09,Contacted,2,Waiting for Response,2026-09-25,Upcoming,0.0,SR05,,No,Open,0,0,2,0,0,2,2026-09-17,2,15,15,0,0,0,4,0,34,Cold
L1908,Prism Academy Systems,Education,51-200,2,Mumbai,LinkedIn,Digital Transformation,25.0,False,2026-09-05,2026-09,Contacted,2,Follow-up Required,2026-10-01,Upcoming,0.0,SR06,,No,Open,2,0,2,0,0,4,2026-09-18,1,5,5,6,0,0,10,0,26,Cold
L1909,Chakra Apps,SaaS,51-200,2,Delhi,Website,Cybersecurity,58.0,False,2026-09-05,2026-09,New,1,Follow-up Required,2026-10-03,Upcoming,0.0,SR05,,No,Open,0,0,0,0,0,0,,,5,10,0,0,0,4,0,19,Cold
L1910,Nimbus Cargo,Logistics,51-200,2,Bengaluru,Events,Digital Transformation,57.4,False,2026-09-05,2026-09,New,1,Follow-up Required,2026-09-27,Upcoming,0.0,SR07,,No,Open,0,0,0,0,0,0,,,5,10,0,0,0,10,0,25,Cold
L1911,Quantum Systems,Logistics,51-200,2,Mumbai,Website,Cloud Services,37.3,False,2026-09-05,2026-09,New,1,Follow-up Required,2026-10-10,Upcoming,0.0,SR02,,No,Open,1,0,0,0,0,1,,,5,5,3,0,0,10,0,23,Cold
L1912,Helix Brands,Retail,1-50,1,Mumbai,Email Campaign,Digital Transformation,12.0,False,2026-09-05,2026-09,New,1,Follow-up Required,2026-09-27,Upcoming,0.0,SR09,,No,Open,2,0,0,0,0,2,,,0,5,6,0,0,10,0,21,Cold
L1913,Meridian Care Systems,Healthcare,201-500,3,Delhi,Events,Cloud Services,60.3,False,2026-09-05,2026-09,Contacted,2,Contacted,2026-09-19,Due Today,0.0,SR10,,No,Open,2,0,2,1,0,4,2026-09-17,2,10,10,6,0,0,4,5,35,Cold
L1914,Trident Retail Tech,E-commerce,201-500,3,Mumbai,Cold Calling,Software Development,50.0,False,2026-09-05,2026-09,Contacted,2,Contacted,2026-09-11,Overdue,8.0,SR06,,No,Open,2,1,2,0,0,5,2026-09-19,0,10,10,6,5,0,10,0,41,Cold
L1915,Zephyr Online,E-commerce,201-500,3,Gurgaon,LinkedIn,Software Development,66.1,False,2026-09-05,2026-09,Qualified,3,Waiting for Response,2026-09-24,Upcoming,0.0,SR01,,No,Open,2,1,2,2,0,6,2026-09-10,9,10,10,6,5,0,10,10,51,Cold
L1916,Hive Payments,FinTech,1-50,1,Bengaluru,Cold Calling,Software Development,14.6,False,2026-09-05,2026-09,New,1,Follow-up Required,2026-10-07,Upcoming,0.0,SR07,,No,Open,0,0,0,0,0,0,,,0,5,0,0,0,4,0,9,Cold
L1917,Ridge Software,SaaS,501-1000,4,Gurgaon,Email Campaign,Software Development,401.4,False,2026-09-05,2026-09,Qualified,3,Waiting for Response,2026-09-23,Upcoming,0.0,SR05,,No,Open,3,1,2,2,0,6,2026-09-14,5,15,15,6,5,0,4,10,55,Cold
L1918,Optima Platforms,SaaS,201-500,3,Chennai,Events,DevOps,91.9,False,2026-09-06,2026-09,New,1,Follow-up Required,2026-10-04,Upcoming,0.0,SR04,,No,Open,1,0,0,0,0,1,,,10,10,3,0,0,10,0,33,Cold
L1919,Orbit Technologies,Manufacturing,51-200,2,Jaipur,Referral,Digital Transformation,44.8,False,2026-09-06,2026-09,New,1,Follow-up Required,2026-09-24,Upcoming,0.0,SR10,,No,Open,2,0,0,0,0,2,,,5,5,6,0,0,10,0,26,Cold
L1920,Chakra Components,Manufacturing,1-50,1,Delhi,Referral,Digital Transformation,9.5,False,2026-09-06,2026-09,Contacted,2,Contacted,2026-10-05,Upcoming,0.0,SR01,,No,Open,1,0,1,0,0,2,2026-09-10,9,0,0,3,0,0,10,0,13,Cold
L1921,Nexora Systems,Healthcare,501-1000,4,Bengaluru,Email Campaign,Cloud Services,389.3,False,2026-09-06,2026-09,New,1,Follow-up Required,2026-09-17,Overdue,2.0,SR07,,No,Open,1,0,0,0,0,1,,,15,15,3,0,0,4,0,37,Cold
L1922,Onyx Stores,Retail,51-200,2,Bengaluru,Referral,Software Development,14.1,False,2026-09-06,2026-09,Contacted,2,Follow-up Required,2026-09-24,Upcoming,0.0,SR04,,No,Open,2,0,2,1,0,5,2026-09-15,4,5,5,6,0,0,4,5,25,Cold
L1923,Cedar Freight,Logistics,51-200,2,Pune,Email Campaign,Digital Transformation,34.2,False,2026-09-06,2026-09,Contacted,2,Not Interested,,No Follow-up Needed,0.0,SR09,,No,Lost,2,0,1,0,0,3,2026-09-07,12,5,5,6,0,0,10,0,26,Cold
L1924,Glide Group,FinTech,201-500,3,Hyderabad,LinkedIn,Digital Transformation,110.1,False,2026-09-06,2026-09,New,1,Follow-up Required,2026-09-07,Overdue,12.0,SR04,,No,Open,0,0,0,0,0,0,,,10,10,0,0,0,4,0,24,Cold
L1925,Quest Pvt Ltd,SaaS,51-200,2,Gurgaon,LinkedIn,Cloud Services,52.6,False,2026-09-06,2026-09,Qualified,3,Follow-up Required,2026-09-27,Upcoming,0.0,SR05,,No,Open,0,0,3,0,0,4,2026-09-17,2,5,10,0,0,0,10,0,25,Cold
L1926,Mantra Health,Healthcare,51-200,2,Delhi,Cold Calling,Digital Transformation,29.5,False,2026-09-06,2026-09,New,1,Follow-up Required,2026-09-14,Overdue,5.0,SR10,,No,Open,2,0,0,0,0,2,,,5,5,6,0,0,10,0,26,Cold
L1927,Spark Pvt Ltd,Logistics,201-500,3,Mumbai,Website,Software Development,96.2,False,2026-09-07,2026-09,Qualified,3,Waiting for Response,2026-10-01,Upcoming,0.0,SR02,,No,Open,1,2,3,1,0,6,2026-09-15,4,10,10,3,10,0,4,5,42,Cold
L1928,Narmada Capital Tech,FinTech,51-200,2,Delhi,Website,DevOps,17.1,False,2026-09-07,2026-09,New,1,Follow-up Required,2026-09-19,Due Today,0.0,SR03,,No,Open,2,0,0,0,0,2,,,5,5,6,0,0,4,0,20,Cold
L1929,Tundra Solutions,FinTech,1-50,1,Delhi,Google Search,Software Development,8.9,False,2026-09-07,2026-09,New,1,Follow-up Required,2026-10-10,Upcoming,0.0,SR03,,No,Open,1,0,0,0,0,1,,,0,0,3,0,0,4,0,7,Cold
L1930,Quartz Software,SaaS,201-500,3,Pune,Referral,DevOps,54.5,False,2026-09-07,2026-09,Contacted,2,Not Interested,,No Follow-up Needed,0.0,SR02,,No,Lost,0,1,2,2,0,3,2026-09-16,3,10,10,0,5,0,10,10,45,Cold
L1931,Bluepeak Platforms,SaaS,1000+,5,Bengaluru,LinkedIn,Cloud Services,894.8,False,2026-09-08,2026-09,New,1,Follow-up Required,2026-09-28,Upcoming,0.0,SR07,,No,Open,0,0,0,0,0,0,,,20,20,0,0,0,10,0,50,Cold
L1932,Ember Enterprises,Logistics,201-500,3,Ahmedabad,Cold Calling,Cloud Services,80.6,False,2026-09-08,2026-09,New,1,Follow-up Required,2026-09-24,Upcoming,0.0,SR09,,No,Open,0,0,0,0,0,0,,,10,10,0,0,0,10,0,30,Cold
L1933,Drift Apps,SaaS,501-1000,4,Pune,Website,DevOps,540.7,False,2026-09-08,2026-09,Contacted,2,Waiting for Response,2026-09-17,Overdue,2.0,SR09,,No,Open,1,1,2,1,0,4,2026-09-16,3,15,20,3,5,0,10,5,58,Cold
L1934,Jade Industries,FinTech,1-50,1,Delhi,LinkedIn,Cybersecurity,5.6,False,2026-09-08,2026-09,New,1,Follow-up Required,2026-10-05,Upcoming,0.0,SR03,,No,Open,0,0,0,0,0,0,,,0,0,0,0,0,10,0,10,Cold
L1935,Madhav Global,Manufacturing,501-1000,4,Gurgaon,Email Campaign,DevOps,462.1,False,2026-09-08,2026-09,New,1,Follow-up Required,2026-10-02,Upcoming,0.0,SR03,,No,Open,0,0,0,0,0,0,,,15,15,0,0,0,4,0,34,Cold
L1936,Zest Software,SaaS,501-1000,4,Bengaluru,Website,DevOps,410.8,True,2026-09-08,2026-09,New,1,Follow-up Required,2026-10-01,Upcoming,0.0,SR07,,No,Open,0,0,0,0,0,0,,,15,15,0,0,0,10,0,40,Cold
L1937,Lumina Marketplace,E-commerce,51-200,2,Delhi,Website,Software Development,14.5,False,2026-09-08,2026-09,New,1,Follow-up Required,2026-09-21,Upcoming,0.0,SR01,,No,Open,2,0,0,0,0,2,,,5,5,6,0,0,10,0,26,Cold
L1938,Mosaic Platforms,SaaS,1000+,5,Delhi,Referral,DevOps,623.2,False,2026-09-09,2026-09,Contacted,2,Not Interested,,No Follow-up Needed,0.0,SR10,,No,Lost,2,0,2,1,0,4,2026-09-19,0,20,20,6,0,0,10,5,61,Warm
L1939,Meridian Enterprises,FinTech,51-200,2,Chennai,Email Campaign,Software Development,36.8,True,2026-09-09,2026-09,New,1,Follow-up Required,2026-09-16,Overdue,3.0,SR04,,No,Open,1,0,0,0,0,1,,,5,5,3,0,0,4,0,17,Cold
L1940,Drift Stores,Retail,1000+,5,Hyderabad,Website,Cloud Services,1865.9,False,2026-09-09,2026-09,Qualified,3,Waiting for Response,2026-09-15,Overdue,4.0,SR04,,No,Open,1,1,3,1,0,5,2026-09-17,2,20,20,3,5,0,10,5,63,Warm
L1941,Lumina Health,Healthcare,1-50,1,Delhi,Website,Cloud Services,6.3,False,2026-09-09,2026-09,New,1,Follow-up Required,2026-09-22,Upcoming,0.0,SR01,,No,Open,2,0,0,0,0,2,,,0,0,6,0,0,4,0,10,Cold
L1942,Narmada Softech,Education,201-500,3,Delhi,Referral,Digital Transformation,111.9,False,2026-09-09,2026-09,Contacted,2,Waiting for Response,2026-09-15,Overdue,4.0,SR03,,No,Open,2,0,1,1,0,3,2026-09-15,4,10,10,6,0,0,10,5,41,Cold
L1943,Willow Brands,Retail,1-50,1,Noida,Cold Calling,Software Development,3.6,False,2026-09-09,2026-09,New,1,Follow-up Required,2026-09-21,Upcoming,0.0,SR10,,No,Open,2,0,0,0,0,2,,,0,0,6,0,0,4,0,10,Cold
L1944,Solace Care Systems,Healthcare,201-500,3,Hyderabad,LinkedIn,Cybersecurity,99.2,False,2026-09-09,2026-09,New,1,Follow-up Required,2026-09-24,Upcoming,0.0,SR07,,No,Open,2,0,0,0,0,2,,,10,10,6,0,0,10,0,36,Cold
L1945,Himalaya Brands,Retail,1-50,1,Chennai,Email Campaign,Cloud Services,13.5,False,2026-09-09,2026-09,New,1,Follow-up Required,2026-09-17,Overdue,2.0,SR04,,No,Open,1,0,0,0,0,1,,,0,5,3,0,0,10,0,18,Cold
L1946,Vista Marketplace,E-commerce,501-1000,4,Chennai,Cold Calling,Cloud Services,483.9,False,2026-09-09,2026-09,New,1,Follow-up Required,2026-09-30,Upcoming,0.0,SR08,,No,Open,1,0,0,0,0,1,,,15,15,3,0,0,10,0,43,Cold
L1947,Xenon Labs,SaaS,1-50,1,Bengaluru,Email Campaign,Cloud Services,3.6,False,2026-09-10,2026-09,Contacted,2,Waiting for Response,2026-09-16,Overdue,3.0,SR04,,No,Open,1,0,1,0,0,3,2026-09-19,0,0,0,3,0,0,10,0,13,Cold
L1948,Vanguard Cargo,Logistics,201-500,3,Mumbai,Referral,Software Development,164.3,False,2026-09-10,2026-09,Contacted,2,Contacted,2026-10-02,Upcoming,0.0,SR02,,No,Open,1,1,1,0,0,3,2026-09-13,6,10,10,3,5,0,4,0,32,Cold
L1949,Quest Industrial,Manufacturing,1000+,5,Mumbai,Website,Software Development,2315.0,False,2026-09-10,2026-09,Contacted,2,Follow-up Required,2026-09-23,Upcoming,0.0,SR02,,No,Open,1,0,2,0,0,3,2026-09-18,1,20,20,3,0,0,4,0,47,Cold
L1950,Wisp Systems,Healthcare,201-500,3,Mumbai,Referral,Cybersecurity,44.1,False,2026-09-10,2026-09,New,1,Follow-up Required,2026-10-02,Upcoming,0.0,SR09,,No,Open,1,0,0,0,0,1,,,10,5,3,0,0,10,0,28,Cold
L1951,Ember Apps,SaaS,1-50,1,Mumbai,Email Campaign,DevOps,13.9,False,2026-09-10,2026-09,New,1,Follow-up Required,2026-09-26,Upcoming,0.0,SR02,,No,Open,1,0,0,0,0,1,,,0,5,3,0,0,10,0,18,Cold
L1952,Vista Supply Chain,Logistics,1-50,1,Delhi,LinkedIn,Software Development,6.4,False,2026-09-10,2026-09,Contacted,2,Follow-up Required,2026-09-21,Upcoming,0.0,SR10,,No,Open,2,1,2,1,0,5,2026-09-19,0,0,0,6,5,0,4,5,20,Cold
L1953,Titan Software,SaaS,51-200,2,Noida,Google Search,Cybersecurity,39.2,False,2026-09-10,2026-09,Contacted,2,Waiting for Response,2026-10-09,Upcoming,0.0,SR03,,No,Open,1,0,1,0,0,2,2026-09-18,1,5,5,3,0,0,4,0,17,Cold
L1954,Aurora Apps,SaaS,1000+,5,Delhi,LinkedIn,Cloud Services,1989.5,False,2026-09-11,2026-09,New,1,Follow-up Required,2026-09-28,Upcoming,0.0,SR05,,No,Open,0,0,0,0,0,0,,,20,20,0,0,0,10,0,50,Cold
L1955,Zeal Wealth Tech,FinTech,51-200,2,Bengaluru,Referral,Cybersecurity,52.1,False,2026-09-11,2026-09,Contacted,2,Waiting for Response,2026-09-21,Upcoming,0.0,SR07,,No,Open,1,0,1,0,0,2,2026-09-17,2,5,10,3,0,0,10,0,28,Cold
L1956,Urban Finserv,FinTech,51-200,2,Noida,Email Campaign,Cloud Services,28.7,False,2026-09-11,2026-09,New,1,Follow-up Required,2026-09-20,Upcoming,0.0,SR03,,No,Open,0,0,0,0,0,0,,,5,5,0,0,0,10,0,20,Cold
L1957,Relay Manufacturing,Manufacturing,1-50,1,Bengaluru,Website,Digital Transformation,15.0,False,2026-09-11,2026-09,New,1,Follow-up Required,2026-10-03,Upcoming,0.0,SR07,,No,Open,0,0,0,0,0,0,,,0,5,0,0,0,10,0,15,Cold
L1958,Cedar Marketplace,E-commerce,201-500,3,Mumbai,Email Campaign,Cybersecurity,137.3,False,2026-09-11,2026-09,Contacted,2,Not Interested,,No Follow-up Needed,0.0,SR09,,No,Lost,0,0,2,1,0,2,2026-09-16,3,10,10,0,0,0,4,5,29,Cold
L1959,Flux Components,Manufacturing,201-500,3,Delhi,Cold Calling,Cloud Services,147.9,False,2026-09-11,2026-09,New,1,Follow-up Required,2026-09-29,Upcoming,0.0,SR10,,No,Open,2,0,0,0,0,2,,,10,10,6,0,0,10,0,36,Cold
L1960,Ion Manufacturing,Manufacturing,51-200,2,Bengaluru,Google Search,Software Development,39.5,False,2026-09-11,2026-09,Qualified,3,Waiting for Response,2026-10-05,Upcoming,0.0,SR04,,No,Open,0,0,1,0,0,2,2026-09-19,0,5,5,0,0,0,4,0,14,Cold
L1961,Relay Marketplace,E-commerce,1-50,1,Chennai,Email Campaign,Software Development,7.5,False,2026-09-11,2026-09,Qualified,3,Contacted,2026-10-09,Upcoming,0.0,SR04,,No,Open,0,1,1,0,0,2,2026-09-19,0,0,0,0,5,0,10,0,15,Cold
L1962,Mosaic Manufacturing,Manufacturing,201-500,3,Delhi,Referral,Digital Transformation,110.1,False,2026-09-12,2026-09,New,1,Follow-up Required,2026-09-19,Due Today,0.0,SR10,,No,Open,1,0,0,0,0,1,,,10,10,3,0,0,10,0,33,Cold
L1963,Banyan Cargo,Logistics,1-50,1,Mumbai,Referral,Cloud Services,6.4,False,2026-09-12,2026-09,New,1,Follow-up Required,2026-10-05,Upcoming,0.0,SR06,,No,Open,2,0,0,0,0,2,,,0,0,6,0,0,10,0,16,Cold
L1964,Banyan Engineering,Manufacturing,1-50,1,Pune,Events,Cybersecurity,7.8,False,2026-09-12,2026-09,New,1,Follow-up Required,2026-09-28,Upcoming,0.0,SR02,,No,Open,2,0,0,0,0,2,,,0,0,6,0,0,4,0,10,Cold
L1965,Mantra Capital Tech,FinTech,201-500,3,Mumbai,LinkedIn,DevOps,102.4,False,2026-09-12,2026-09,Contacted,2,Waiting for Response,2026-09-30,Upcoming,0.0,SR02,,No,Open,2,0,1,1,0,3,2026-09-15,4,10,10,6,0,0,4,5,35,Cold
L1966,Prism Global,Logistics,1-50,1,Delhi,Cold Calling,Digital Transformation,6.6,False,2026-09-12,2026-09,New,1,Follow-up Required,2026-09-26,Upcoming,0.0,SR03,,No,Open,0,0,0,0,0,0,,,0,0,0,0,0,10,0,10,Cold
L1967,Thrive Marketplace,E-commerce,1-50,1,Noida,Email Campaign,Software Development,11.6,False,2026-09-12,2026-09,New,1,Follow-up Required,2026-09-19,Due Today,0.0,SR05,,No,Open,1,0,0,0,0,1,,,0,5,3,0,0,10,0,18,Cold
L1968,Titan Technologies,FinTech,501-1000,4,Delhi,Google Search,Cybersecurity,551.8,False,2026-09-12,2026-09,New,1,Follow-up Required,2026-09-16,Overdue,3.0,SR01,,No,Open,1,0,0,0,0,1,,,15,20,3,0,0,10,0,48,Cold
L1969,Mantra Diagnostics,Healthcare,51-200,2,Bengaluru,Website,Cybersecurity,30.9,False,2026-09-12,2026-09,New,1,Follow-up Required,2026-09-17,Overdue,2.0,SR04,,No,Open,2,0,0,0,0,2,,,5,5,6,0,0,10,0,26,Cold
L1970,Evergreen Logistics,Logistics,201-500,3,Mumbai,LinkedIn,Software Development,176.4,False,2026-09-13,2026-09,Contacted,2,Waiting for Response,2026-09-18,Overdue,1.0,SR02,,No,Open,1,1,2,1,0,4,2026-09-15,4,10,10,3,5,0,4,5,37,Cold
L1971,Mosaic Global,Manufacturing,501-1000,4,Ahmedabad,Email Campaign,Digital Transformation,205.3,False,2026-09-13,2026-09,New,1,Follow-up Required,2026-09-25,Upcoming,0.0,SR06,,No,Open,0,0,0,0,0,0,,,15,15,0,0,0,10,0,40,Cold
L1972,Paragon Enterprises,SaaS,1-50,1,Gurgaon,LinkedIn,Digital Transformation,3.9,False,2026-09-13,2026-09,New,1,Follow-up Required,2026-09-17,Overdue,2.0,SR10,,No,Open,0,0,0,0,0,0,,,0,0,0,0,0,4,0,4,Cold
L1973,Lakshya Engineering,Manufacturing,1-50,1,Jaipur,Cold Calling,DevOps,6.2,False,2026-09-13,2026-09,New,1,Follow-up Required,2026-09-18,Overdue,1.0,SR03,,No,Open,1,0,0,0,0,1,,,0,0,3,0,0,4,0,7,Cold
L1974,Summit Components,Manufacturing,501-1000,4,Gurgaon,Cold Calling,Software Development,481.3,False,2026-09-13,2026-09,Qualified,3,Not Interested,,No Follow-up Needed,0.0,SR05,,No,Lost,0,1,1,1,0,3,2026-09-17,2,15,15,0,5,0,4,5,44,Cold
L1975,Unity Payments,FinTech,201-500,3,Gurgaon,Cold Calling,Digital Transformation,197.6,False,2026-09-13,2026-09,New,1,Follow-up Required,2026-10-04,Upcoming,0.0,SR05,,No,Open,0,0,0,0,0,0,,,10,10,0,0,0,4,0,24,Cold
L1976,Orbit Freight,Logistics,51-200,2,Bengaluru,Email Campaign,Digital Transformation,36.8,True,2026-09-13,2026-09,New,1,Follow-up Required,2026-09-25,Upcoming,0.0,SR08,,No,Open,0,0,0,0,0,0,,,5,5,0,0,0,10,0,20,Cold
L1977,Quartz Cargo,Logistics,1-50,1,Hyderabad,Website,Digital Transformation,5.7,False,2026-09-13,2026-09,New,1,Follow-up Required,2026-09-23,Upcoming,0.0,SR08,,No,Open,0,0,0,0,0,0,,,0,0,0,0,0,10,0,10,Cold
L1978,Bolt Marketplace,E-commerce,1000+,5,Bengaluru,Cold Calling,DevOps,2477.5,False,2026-09-13,2026-09,Qualified,3,Follow-up Required,2026-10-06,Upcoming,0.0,SR07,,No,Open,0,0,1,1,0,2,2026-09-17,2,20,20,0,0,0,4,5,49,Cold
L1979,Glide Mart,Retail,501-1000,4,Mumbai,Cold Calling,Cloud Services,348.6,False,2026-09-13,2026-09,Contacted,2,Waiting for Response,2026-10-01,Upcoming,0.0,SR06,,No,Open,2,0,1,1,0,3,2026-09-18,1,15,15,6,0,0,10,5,51,Cold
L1980,Nimbus Cloudware,SaaS,501-1000,4,Gurgaon,Google Search,Software Development,370.1,False,2026-09-13,2026-09,Contacted,2,Follow-up Required,2026-10-01,Upcoming,0.0,SR05,,No,Open,0,0,1,1,0,2,2026-09-14,5,15,15,0,0,0,4,5,39,Cold
L1981,Cobalt Finserv,FinTech,1000+,5,Pune,LinkedIn,Cybersecurity,2926.4,False,2026-09-13,2026-09,New,1,Follow-up Required,2026-09-19,Due Today,0.0,SR02,,No,Open,0,0,0,0,0,0,,,20,20,0,0,0,10,0,50,Cold
L1982,Unity Marketplace,E-commerce,1000+,5,Bengaluru,Website,Cloud Services,1647.9,False,2026-09-13,2026-09,Contacted,2,Follow-up Required,2026-09-14,Overdue,5.0,SR04,,No,Open,1,1,1,0,0,3,2026-09-19,0,20,20,3,5,0,10,0,58,Cold
L1983,Vivid MedTech,Healthcare,51-200,2,Pune,Email Campaign,Digital Transformation,15.5,False,2026-09-14,2026-09,New,1,Follow-up Required,2026-09-21,Upcoming,0.0,SR06,,No,Open,1,0,0,0,0,1,,,5,5,3,0,0,10,0,23,Cold
L1984,Umbra Supply Chain,Logistics,51-200,2,Mumbai,Cold Calling,Cybersecurity,22.2,False,2026-09-14,2026-09,New,1,Follow-up Required,2026-10-07,Upcoming,0.0,SR02,,No,Open,2,0,0,0,0,2,,,5,5,6,0,0,4,0,20,Cold
L1985,Hive Stores,Retail,201-500,3,Ahmedabad,Cold Calling,Software Development,113.5,False,2026-09-14,2026-09,New,1,Follow-up Required,2026-10-10,Upcoming,0.0,SR06,,No,Open,1,0,0,0,0,1,,,10,10,3,0,0,4,0,27,Cold
L1986,Cedar Platforms,SaaS,201-500,3,Jaipur,Google Search,Cloud Services,158.9,False,2026-09-14,2026-09,Contacted,2,Follow-up Required,2026-10-04,Upcoming,0.0,SR10,,No,Open,2,0,1,1,0,3,2026-09-19,0,10,10,6,0,0,10,5,41,Cold
L1987,Vista Labs,Retail,51-200,2,Gurgaon,Referral,DevOps,53.8,False,2026-09-14,2026-09,Contacted,2,Follow-up Required,2026-10-04,Upcoming,0.0,SR05,,No,Open,1,1,1,0,0,3,2026-09-18,1,5,10,3,5,0,4,0,27,Cold
L1988,Zeal Industrial,Manufacturing,51-200,2,Ahmedabad,Email Campaign,Software Development,45.0,False,2026-09-14,2026-09,New,1,Follow-up Required,2026-09-29,Upcoming,0.0,SR02,,No,Open,2,0,0,0,0,2,,,5,5,6,0,0,4,0,20,Cold
L1989,Ridge Enterprises,Logistics,1-50,1,Bengaluru,Referral,Software Development,3.9,False,2026-09-14,2026-09,New,1,Follow-up Required,2026-09-21,Upcoming,0.0,SR07,,No,Open,1,0,0,0,0,1,,,0,0,3,0,0,4,0,7,Cold
L1990,Sapphire Capital Tech,FinTech,51-200,2,Bengaluru,LinkedIn,Digital Transformation,36.8,True,2026-09-14,2026-09,New,1,Follow-up Required,2026-10-07,Upcoming,0.0,SR07,,No,Open,2,0,0,0,0,2,,,5,5,6,0,0,4,0,20,Cold
L1991,Pinnacle Retail,Retail,1000+,5,Delhi,LinkedIn,Digital Transformation,2061.5,False,2026-09-14,2026-09,New,1,Follow-up Required,2026-10-06,Upcoming,0.0,SR01,,No,Open,2,0,0,0,0,2,,,20,20,6,0,0,10,0,56,Cold
L1992,Banyan Freight,Logistics,1000+,5,Bengaluru,Referral,Cloud Services,2042.8,False,2026-09-15,2026-09,Meeting,4,Waiting for Response,2026-09-19,Due Today,0.0,SR04,,No,Open,1,1,3,1,1,8,2026-09-19,0,20,20,3,5,12,10,5,75,Warm
L1993,Bharat Payments,FinTech,1000+,5,Pune,Google Search,Software Development,1894.9,False,2026-09-15,2026-09,Qualified,3,Follow-up Required,2026-09-18,Overdue,1.0,SR09,,No,Open,2,1,1,1,0,5,2026-09-17,2,20,20,6,5,0,4,5,60,Warm
L1994,Gravity Industries,Healthcare,51-200,2,Chennai,Google Search,Cybersecurity,18.4,False,2026-09-15,2026-09,New,1,Follow-up Required,2026-09-25,Upcoming,0.0,SR04,,No,Open,2,0,0,0,0,2,,,5,5,6,0,0,10,0,26,Cold
L1995,Yonder Marketplace,E-commerce,201-500,3,Delhi,Cold Calling,DevOps,98.5,False,2026-09-15,2026-09,New,1,Follow-up Required,2026-09-17,Overdue,2.0,SR05,,No,Open,2,0,0,0,0,2,,,10,10,6,0,0,4,0,30,Cold
L1996,Xenon Finserv,FinTech,1-50,1,Mumbai,Website,Software Development,8.1,False,2026-09-15,2026-09,Contacted,2,Contacted,2026-09-26,Upcoming,0.0,SR09,,No,Open,1,1,1,0,0,3,2026-09-16,3,0,0,3,5,0,4,0,12,Cold
L1997,Loop Ventures,Healthcare,201-500,3,Hyderabad,Email Campaign,Digital Transformation,96.6,False,2026-09-15,2026-09,New,1,Follow-up Required,2026-09-27,Upcoming,0.0,SR08,,No,Open,2,0,0,0,0,2,,,10,10,6,0,0,10,0,36,Cold
L1998,Ridge Cargo,Logistics,201-500,3,Gurgaon,Email Campaign,Cloud Services,96.6,False,2026-09-15,2026-09,Contacted,2,Waiting for Response,2026-10-09,Upcoming,0.0,SR05,,No,Open,2,0,1,1,0,3,2026-09-19,0,10,10,6,0,0,10,5,41,Cold
L1999,Paragon Networks,SaaS,1000+,5,Hyderabad,LinkedIn,DevOps,543.5,False,2026-09-15,2026-09,New,1,Follow-up Required,2026-09-19,Due Today,0.0,SR07,,No,Open,0,0,0,0,0,0,,,20,20,0,0,0,10,0,50,Cold
L2000,Prana Logistics,Logistics,1000+,5,Delhi,Website,DevOps,605.9,False,2026-09-15,2026-09,New,1,Follow-up Required,2026-09-22,Upcoming,0.0,SR03,,No,Open,2,0,0,0,0,2,,,20,20,6,0,0,4,0,50,Cold
