Lead_ID,Company_Name,Industry,Company_Size,Location,Lead_Source,Service_Interest,Annual_Revenue_Cr,Lead_Created_Date,Lead_Stage,Follow_Up_Status,Next_Follow_Up_Date,Sales_Rep_ID,Deal_Value,Conversion
L0001,Sagar Retail Tech,E-commerce,51-200,,Email Campaign,Cloud Services,42.0,2026-01-01,New,Follow-up Required,2026-10-06,SR10,,No
L0002,Sapphire Enterprises,Logistics,1-50,Pune,Website,DevOps,15.0,2026-01-01,Contacted,Not Interested,,SR02,,No
L0003,Loop Learning,Education,51-200,Hyderabad,Google Search,Digital Transformation,38.3,2026-01-01,New,Follow-up Required,2026-09-29,SR04,,No
L0004,Glide Payments,FinTech,51-200,Mumbai,Cold Calling,Software Development,51.3,2026-01-01,Qualified,Follow-up Required,2026-09-19,SR09,,No
L0005,Loop Systems,SaaS,201-500,Gurugram,Referral,Cloud Services,169.0,2026-01-01,Qualified,Waiting for Response,2026-09-12,SR01,,No
L0006,Tundra Labs ,Healthcare,201-500,Hyderabad,Website,Digital Transformation,112.8,2026-01-01,Contacted,Follow-up Required,2026-10-03,SR08,,No
L0007,Narmada Solutions,E-commerce,1000+,Bengaluru,Email Campaign,Cybersecurity,2419.4,2026-01-01,New,Follow-up Required,2026-09-23,SR04,,No
L0008,Delta Enterprises,manufacturing,201-500,Noida,GOOGLE SEARCH,Digital Transformation,193.4,2026-01-01,Proposal,Waiting for Response,2026-10-02,SR03,1425000.0,No
L0009,Trident Pvt Ltd,FinTech,501-1000,Noida,Cold Calling,Digital Transformation,586.6,2026-01-01,Contacted,Waiting for Response,2026-08-30,SR05,,No
L0010,Echo Group,Logistics,501-1000,Hyderabad ,Referral,Software Development,387.2,2026-01-01,Meeting,Waiting for Response,2026-09-24,SR04,,No
L0011,Orbit Solutions,Retail,201-500,Bengaluru,Referral,Software Development,101.8,2026-01-01,Qualified,Meeting Scheduled,2026-09-21,SR04,,No
L0012,Flux Cargo,Logistics,501-1000,Ahmedabad,Email Campaign,DevOps,403.2,2026-01-02,Contacted,Waiting for Response,2026-09-06,SR09,,No
L0013,Drift Learning,Education,51-200,Gurgaon,Referral,Software Development,55.2,2026-01-02,Qualified,Follow-up Required,2026-09-22,SR01,,No
L0014,Pinnacle Pvt Ltd,E-commerce,1-50,Mumbai,Website,Cybersecurity,6.6,2026-01-02,Qualified,Contacted,2026-09-05,SR09,,No
L0015,Drift Group,Healthcare,501-1000,Mumbai,Referral,Cybersecurity,199.8,02/01/2026,Won,Closed,,SR09,1500000.0,Yes
L0016,Prana Wealth Tech,FinTech,201-500,Chennai,LINKEDIN,Software Development,137.0,2026-01-02,Meeting,Follow-up Required,2026-10-06,SR07,,No
L0017,Indus Solutions,SaaS,51-200,Delhi,Website,DevOps,31.0,2026-01-03,Contacted,Follow-up Required,2026-10-04,SR10,,No
L0018,Solace Solutions,SaaS,501-1000,Noida,LinkedIn,Software Development,521.3,2026-01-03,Contacted,Contacted,2026-09-20,SR03,,No
L0019,Wavelet Solutions,FinTech,51-200,Bengaluru,Referral,Cybersecurity,10.6,2026-01-03,Meeting,Waiting for Response,2026-10-07,SR04,,No
L0020,Nimbus Capital Tech,FinTech ,51-200,Noida,Events,Cloud Services,40.6,2026-01-03,Qualified,Not Interested,,SR05,,No
L0021,Rudra Networks,E-commerce,501-1000,Chennai,LinkedIn,Digital Transformation,418.4,2026-01-03,Contacted,Not Interested,,SR08,,No
L0022,Thrive Enterprises,E-commerce,51-200,Bengaluru,LinkedIn,Software Development,14.2,2026-01-03,New,Follow-up Required,2026-10-03,SR04,,No
L0023,Madhav Networks,Logistics,1000+,Hyderabad,Events,Software Development,,2026-01-03,Contacted,Waiting for Response,2026-09-11,SR08,,No
L0024,Nimbus Ventures,Manufacturing,51-200,Chennai,Cold Calling,Digital Transformation,31.3,2026-01-04,Contacted,Contacted,2026-09-20,SR07,,No
L0025,Wavelet Platforms,SaaS,1-50,Mumbai,LinkedIn,Software Development,10.5,2026-01-04,Won,Closed,,SR09,325000.0,Yes
L0026,Falcon Networks,E-commerce,201-500,Bengaluru,Email Campaign,Cloud Services,97.9,2026-01-04,Qualified,Follow-up Required,2026-09-03,SR07,,No
L0027,Jolt Systems,FinTech,51-200,Mumbai,Website,Cloud Services,44.0,2026-01-04,Contacted,Follow-up Required,2026-10-06,SR09,,No
L0028,Wavelet Health,Healthcare,201-500,Pune,Cold Calling,Cybersecurity,138.9,2026-01-04,Contacted,Not Interested,,SR09,,No
L0029,Vertex Softech,RETAIL,501-1000,Bengaluru,Website,Digital Transformation,576.3,2026-01-04,Meeting,Not Interested,,SR08,,No
L0030,Vivid Systems,Healthcare,1-50,Bengaluru,Cold Calling,Software Development,4.5,2026-01-05,Qualified,Follow-up Required,2026-09-29,SR04,,No
L0031,Zenith Networks,FinTech,501-1000,Mumbai,Website,Cloud Services,442.5,2026-01-05,Qualified,Follow-up Required,2026-09-24,SR09,,No
L0032,Cedar Labs,FinTech,1000+,Hyderabad,LinkedIn,Software Development,1160.6,2026-01-05,Qualified,Waiting for Response,2026-09-17,SR04,,No
L0033,Himalaya Online,E-commerce,1-50,Chennai,Cold Calling,DevOps,12.2,2026-01-06,Meeting,Follow-up Required,2026-09-24,SR08,,No
L0034,Glide Enterprises,Logistics,1-50,Bengaluru,LinkedIn,Cloud Services,2.5,2026-01-06,Contacted,Follow-up Required,2026-09-29,SR04,,No
L0035,Onyx Networks,Retail,1000+,Pune,Email Campaign,Cloud Services,1964.6,2026-01-06,New,Follow-up Required,2026-09-22,SR06,,No
L0036,Sagar Ventures,Logistics,501-1000,Bengaluru,linkedin,Software Development,549.6,2026-01-06,Meeting,Waiting for Response,2026-09-19,SR07,,No
L0037,Tundra Pvt Ltd,E-commerce,201-500,Mumbai,Email Campaign,Software Development,181.0,2026-01-06,Proposal,Waiting for Response,2026-10-10,SR02,1355000.0,No
L0038,Summit Solutions,E-commerce,201-500,Delhi,LinkedIn,DevOps,132.3,2026-01-06,New,Follow-up Required,2026-09-24,SR03,,No
L0039,Pinnacle Software,SaaS,1-50,Gurgaon,Google Search,DevOps,5.1,2026-01-06,Contacted,Contacted,2026-09-19,SR01,,No
L0040,Novus Softech,E-commerce,1-50,Bengaluru,Email Campaign,Software Development,7.5,2026-01-06,New,Follow-up Required,2026-09-19,SR08,,No
L0041,Helix Enterprises,SaaS,201-500,Pune,Email Campaign,Cybersecurity,46.5,2026-01-06,Qualified,Waiting for Response,2026-09-18,SR06,,No
L0042,Jade Systems,Manufacturing,51-200,Pune,Cold Calling,Software Development,,2026-01-06,New,Follow-up Required,2026-10-09,SR02,,No
L0043,Kinetic Engineering,Manufacturing,201-500,Mumbai,LinkedIn,Digital Transformation,132.2,2026-01-07,New,Follow-up Required,2026-09-25,SR09,,No
L0044,Drift Mart,RETAIL,201-500,Mumbai,Referral,Cloud Services,161.8,2026-01-07,Won,Closed,,SR02,1295000.0,Yes
L0045,Willow Group,Retail,51-200,Pune,Google Search,Cloud Services,26.0,2026-01-07,Qualified,Meeting Scheduled,2026-09-28,SR02,,No
L0046,Apex Ventures,Logistics,201-500,Hyderabad,Website,Software Development,109.5,2026-01-07,Proposal,Waiting for Response,2026-08-30,SR04,1360000.0,No
L0047,Kestrel Pvt Ltd,Retail,51-200,Mumbai,Cold Calling,Software Development,15.1,2026-01-07,New,Follow-up Required,2026-09-13,SR06,,No
L0048,Hive Solutions,Education,1-50,Bengaluru,Google Search,Cybersecurity,11.2,2026-01-07,New,Follow-up Required,2026-09-23,SR04,,No
L0049,Helix Mart,Retail,201-500,Mumbai,LinkedIn,Cybersecurity,68.9,2026-01-07,Meeting,Meeting Scheduled,2026-09-19,SR02,,No
L0050,Zenith Knowledge,Education,51-200,Mumbai,Events,Cloud Services,33.9,2026-01-07,Qualified,Follow-up Required,2026-09-26,SR09,,No
L0051,Novus Global,SaaS,51-200,Bengaluru,Cold Calling,DevOps,,2026-01-07,Contacted,Contacted,2026-10-04,SR08,,No
L0052,Ishaan Labs,Retail,201-500,Mumbai,Events,Digital Transformation,192.2,2026-01-07,New,Follow-up Required,2026-09-30,SR02,,No
L0053,Spark Labs,Healthcare,201-500,Chennai,Email Campaign,Cloud Services,70.2,2026-01-08,Contacted,Not Interested,,SR07,,No
L0054,Zephyr Technologies,Manufacturing,1-50,Hyderabad,Events,Digital Transformation,9.8,2026-01-08,Qualified,Follow-up Required,2026-09-13,SR08,,No
L0055,Onyx Enterprises,SaaS,1-50,Pune,Cold Calling,DevOps,14.1,2026-01-08,Meeting,Meeting Scheduled,2026-09-26,SR06,,No
L0056,Indus Networks,Manufacturing,1000+,Mumbai,LinkedIn,Cloud Services,553.1,2026-01-08,Qualified,Not Interested,,SR06,,No
L0057,Himalaya Networks,E-commerce,1000+,Pune,Website,Software Development,1862.7,2026-01-08,Won,Closed,,SR09,1945000.0,Yes
L0058,Quartz Solutions,Logistics,201-500,Bengaluru,Cold Calling,Digital Transformation,163.4,2026-01-08,Qualified,Follow-up Required,2026-09-01,SR04,,No
L0059,Madhav Labs,Education,1-50,Chennai ,Events,Software Development,9.6,2026-01-08,Qualified,Follow-up Required,2026-09-19,SR04,,No
L0060,Falcon Industries,SaaS,51-200,,LinkedIn,Cybersecurity,45.2,2026-01-08,Qualified,Waiting for Response,2026-10-08,SR03,,No
L0061,Cedar Pvt Ltd,SaaS,1-50,Pune,Referral,DevOps,10.1,2026-01-08,Qualified,Not Interested,,SR02,,No
L0062,Titan Networks,FinTech,1-50,Hyderabad,Email Campaign,Digital Transformation,4.0,2026-01-09,Proposal,Follow-up Required,04/10/2026,SR04,245000.0,No
L0063,Oasis Technologies,Healthcare,1-50,Pune,LinkedIn,Digital Transformation,5.9,2026-01-09,Qualified,Follow-up Required,2026-10-06,SR09,,No
L0064,Meridian Stores,Retail ,1-50,Pune,Google Search,DevOps,2.6,2026-01-09,New,Follow-up Required,2026-08-31,SR09,,No
L0065,Flux Ventures,Manufacturing,201-500,Mumbai,Cold Calling,Digital Transformation,93.3,2026-01-09,New,Follow-up Required,2026-09-26,SR09,,No
L0066,Indus Pvt Ltd,Manufacturing,1-50,Mumbai,Email Campaign,Cloud Services,11.5,2026-01-09,Meeting,Waiting for Response,2026-09-22,SR02,,No
L0067,Kestrel Health,Healthcare,201-500,Mumbai,Referral,Cybersecurity,54.7,2026-01-09,Won,Closed,,SR02,1295000.0,Yes
L0068,Nexora Academy Systems,Education,51-200,Mumbai,Google Search,Software Development,38.6,2026-01-09,New,Follow-up Required,2026-10-05,SR09,,No
L0069,Flux Pvt Ltd,FinTech,201-500,Delhi,Cold Calling,Cybersecurity,164.8,2026-01-09,Contacted,Follow-up Required,2026-09-09,SR05,,No
L0070,Echo Softech,Manufacturing,1-50,Jaipur,Cold Calling,Digital Transformation,2.3,2026-01-10,Proposal,Follow-up Required,2026-09-24,SR03,275000.0,No
L0071,Ion EdTech,Education,51-200,Mumbai,Events,Software Development,48.9,2026-01-10,New,Follow-up Required,2026-10-10,SR09,,No
L0072,Gravity Labs,Manufacturing,51-200,Mumbai,Events,Digital Transformation,43.6,2026-01-10,Contacted,Waiting for Response,2026-09-27,SR09,,No
L0073,Kinetic Technologies,E-commerce,501-1000,Chennai,Website,Digital Transformation,444.0,2026-01-10,Meeting,Meeting Scheduled,2026-09-30,SR04,,No
L0074,Banyan Health,Healthcare,201-500,,Cold Calling,Software Development,192.0,2026-01-10,New,Follow-up Required,2026-09-19,SR05,,No
L0075,Onyx Solutions,Manufacturing,1-50,Gurgaon,LinkedIn,Digital Transformation,4.7,2026-01-11,Contacted,Not Interested,,SR01,,No
L0076,Xenon Networks,Logistics,1-50,Delhi,Cold Calling,DevOps,12.4,2026-01-11,New,Follow-up Required,2026-10-04,SR05,,No
L0077,Bluepeak Softech,Retail,501-1000,Hyderabad,Cold Calling,Digital Transformation,560.2,2026-01-12,New,Follow-up Required,2026-09-23,SR08,,No
L0078,Apex Labs,Education,201-500,Hyderabad,Website,Cybersecurity,125.7,2026-01-12,Proposal,Waiting for Response,2026-10-02,SR08,1170000.0,No
L0079,Flux Industrial,Manufacturing,1000+,Bengaluru,Website,Software Development,2686.8,2026-01-12,Won,Closed,,SR07,2225000.0,Yes
L0080,Flux Networks,Manufacturing,1-50,Mumbai,Cold Calling,DevOps,11.7,2026-01-12,New,Follow-up Required,2026-09-20,SR06,,No
L0081,Apex Freight,Logistics,201-500,Bengaluru,Events,Cloud Services,115.5,2026-01-12,Contacted,Not Interested,,SR07,,No
L0082,Onyx Labs,Healthcare,501-1000,Pune,Cold Calling,Cybersecurity,578.4,2026-01-12,Qualified,Waiting for Response,2026-09-24,SR02,,No
L0083,Relay Systems,SaaS,51-200,Bengaluru,Website,Cybersecurity,38.5,2026-01-13,Contacted,Not Interested,,SR07,,No
L0084,Zest Technologies ,Retail,501-1000,Bengaluru,LinkedIn,Software Development,580.9,2026-01-13,Proposal,Not Interested,,SR07,1440000.0,No
L0085,Vanguard Labs,SaaS,51-200,Mumbai,Cold Calling,Digital Transformation,37.3,2026-01-13,New,Follow-up Required,2026-10-06,SR09,,No
L0086,Lakshya Pvt Ltd,Manufacturing,1-50,Bengaluru,Website,Cybersecurity,3.5,2026-01-13,Won,Closed,,SR07,200000.0,Yes
L0087,Cobalt Labs,SaaS,1-50,Ahmedabad,Website,DevOps,2.1,2026-01-13,New,Follow-up Required,2026-10-04,SR09,,No
L0088,Delta Systems,FinTech,501-1000,Mumbai,Email Campaign,Cybersecurity,497.6,2026-01-14,Meeting,Meeting Scheduled,2026-09-28,SR06,,No
L0089,Rudra Finserv,FinTech,1-50,Mumbai,Cold Calling,Software Development,11.1,2026-01-14,Qualified,Follow-up Required,2026-09-19,SR06,,No
L0090,Onyx Platforms,SaaS,51-200,Pune,LinkedIn,Cybersecurity,37.4,2026-01-14,Meeting,Waiting for Response,2026-09-19,SR06,,No
L0091,Zephyr Solutions,Logistics,501-1000,Mumbai,Website,Software Development,335.2,2026-01-14,Qualified,Follow-up Required,2026-09-20,SR09,,No
L0092,Trident Solutions,Education,201-500,Pune,Website,Cloud Services,93.4,2026-01-14,Meeting,Meeting Scheduled,2026-10-01,SR06,,No
L0093,Hive Ventures,Education,1-50,Bengaluru,Website,Cloud Services,7.4,2026-01-14,Qualified,Waiting for Response,2026-10-02,SR08,,No
L0094,Wavelet Ventures,Manufacturing,1-50,Hyderabad,Website,Cloud Services,13.9,2026-01-15,Won,Closed,,SR07,345000.0,Yes
L0095,Vertex Enterprises,SaaS,501-1000,Chennai,Cold Calling,Cybersecurity,482.0,2026-01-15,Qualified,Meeting Scheduled,2026-09-22,SR07,,No
L0096,Chakra Systems,SaaS,201-500,,Referral,Cloud Services,78.3,2026-01-15,Contacted,Follow-up Required,2026-09-19,SR07,,No
L0097,Vivid Industries,Healthcare,51-200,Gurgaon,Events,Digital Transformation,43.9,2026-01-15,Contacted,Waiting for Response,2026-09-10,SR03,,No
L0098,Aurora Capital Tech,FinTech,51-200,Mumbai,LinkedIn,Software Development,27.9,2026-01-15,Contacted,Follow-up Required,2026-10-02,SR09,,No
L0099,Bharat Components,MANUFACTURING,1-50,Jaipur,Cold Calling,Digital Transformation,4.2,2026-01-15,Contacted,Waiting for Response,2026-09-07,SR10,,No
L0100,Vivid Pvt Ltd,SaaS,51-200,Bengaluru,Website,Cybersecurity,37.1,2026-01-15,Qualified,Follow-up Required,2026-09-28,SR04,,No
L0101,Alpine Ventures,Retail,51-200,Hyderabad,LinkedIn,Software Development,55.2,2026-01-15,New,Follow-up Required,2026-10-10,SR04,,No
L0102,Harbor Systems,Healthcare,201-500,,Referral,Cybersecurity,182.6,2026-01-16,Qualified,Follow-up Required,2026-10-07,SR05,,No
L0103,Radiant Pvt Ltd,SaaS,501-1000,Jaipur,Google Search,Cybersecurity,423.1,16/01/2026,New,Follow-up Required,2026-10-02,SR03,,No
L0104,Radiant Networks,Healthcare,501-1000,Delhi,Referral,Digital Transformation,494.4,2026-01-16,Proposal,Waiting for Response,2026-09-26,SR03,2000000.0,No
L0105,Loop Pvt Ltd,SaaS,1000+,,LinkedIn,Software Development,1188.0,2026-01-16,Contacted,Not Interested,,SR06,,No
L0106,Uday Labs,SaaS,51-200,Bengaluru,Referral,Cloud Services,46.3,2026-01-16,Won,Closed,,SR07,495000.0,Yes
L0107,Wavelet Softech,logistics,51-200,Hyderabad,LinkedIn,Digital Transformation,31.7,2026-01-16,New,Follow-up Required,2026-10-10,SR08,,No
L0108,Vertex Pvt Ltd,Retail,201-500,Gurgaon,Website,Digital Transformation,141.8,2026-01-16,Meeting,Not Interested,,SR10,,No
L0109,Mosaic Softech,E-commerce,201-500,Mumbai ,Cold Calling,Cloud Services,112.8,2026-01-16,Qualified,Contacted,2026-10-06,SR02,,No
L0110,Harbor Wealth Tech,FinTech,1000+,Bengaluru,Email Campaign,Cybersecurity,2449.7,2026-01-16,Won,Closed,,SR07,2170000.0,Yes
L0111,Ishaan Software,SaaS,1-50,Mumbai,Website,Digital Transformation,8.6,2026-01-16,Contacted,Not Interested,,SR06,,No
L0112,Meridian Group,FinTech,51-200,Jaipur,Cold Calling,Digital Transformation,16.4,2026-01-17,Won,Closed,,SR10,645000.0,Yes
L0113,Tundra Enterprises,E-commerce,51-200,Bengaluru,Google Search,Cloud Services,32.2,2026-01-17,Won,Closed,,SR04,635000.0,Yes
L0114,Cobalt Ventures ,Manufacturing,51-200,Hyderabad,Website,Digital Transformation,17.4,2026-01-17,Contacted,Follow-up Required,2026-09-26,SR08,,No
L0115,Pulse Industries,E-commerce,51-200,Noida,Email Campaign,Cloud Services,32.3,2026-01-17,Won,Closed,,SR10,640000.0,Yes
L0116,Zephyr Brands ,Retail,1000+,Gurgaon,Website,Cybersecurity,1180.2,2026-01-17,Meeting,Waiting for Response,2026-09-19,SR10,,No
L0117,Falcon Pvt Ltd,Logistics,1-50,Pune,LinkedIn,Cybersecurity,3.3,2026-01-17,New,Follow-up Required,2026-10-03,SR09,,No
L0118,Garuda Global,Education,201-500,Delhi,LinkedIn,Digital Transformation,175.1,2026-01-17,Qualified,Waiting for Response,2026-09-28,SR10,,No
L0119,Prism Networks,SaaS ,501-1000,Noida,Cold Calling,Cloud Services,403.4,2026-01-17,Contacted,Not Interested,,SR05,,No
L0120,Falcon Global,LOGISTICS,1000+,Delhi,Cold Calling,DevOps,1937.3,2026-01-18,Contacted,Not Interested,,SR03,,No
L0121,Yash Solutions,SaaS,201-500,Pune,Website,Software Development,173.2,2026-01-18,Contacted,Not Interested,,SR09,,No
L0122,Zenith Wealth Tech,FinTech,1-50,Delhi,Cold Calling,Digital Transformation,14.3,2026-01-18,New,Follow-up Required,2026-09-20,SR10,,No
L0123,Uday Ventures,HEALTHCARE,51-200,Bengaluru,Google Search,Software Development,16.8,2026-01-18,Qualified,Not Interested,,SR07,,No
L0124,Alpine Freight,LOGISTICS,1-50,Jaipur,Website,DevOps,14.0,2026-01-18,New,Follow-up Required,2026-09-30,SR10,,No
L0125,Lotus Apps,SaaS,51-200,Mumbai,Email Campaign,DevOps,33.0,2026-01-18,Won,Closed,,SR09,505000.0,Yes
L0126,Nimbus Labs,Retail,501-1000,Pune,Cold Calling,Software Development,282.2,2026-01-19,New,Follow-up Required,2026-10-09,SR06,,No
L0127,Harbor Solutions,FinTech,201-500,Bengaluru,LinkedIn,Software Development,199.1,2026-01-19,Meeting,Waiting for Response,2026-09-07,SR07,,No
L0128,Jolt Softech,E-commerce,201-500,Gurgaon,Referral,Software Development,158.3,2026-01-19,Contacted,Follow-up Required,2026-10-10,SR03,,No
L0129,Uday Technologies,Retail,201-500,Chennai,Cold Calling,Digital Transformation,96.0,2026-01-19,Won,Closed,,SR04,1180000.0,Yes
L0130,Zenith Platforms,SaaS,201-500,Delhi,Cold Calling,Software Development,46.1,2026-01-19,New,Follow-up Required,2026-09-30,SR03,,No
L0131,Helix Solutions,Education,1-50,Pune,Referral,Digital Transformation,4.4,2026-01-19,Contacted,Follow-up Required,2026-08-30,SR06,,No
L0132,Lotus Payments,FinTech,1-50,,Cold Calling,Cybersecurity,10.8,2026-01-19,Contacted,Follow-up Required,2026-09-04,SR08,,No
L0133,Falcon Ventures,Healthcare,1000+,Delhi,Email Campaign,Cybersecurity,984.2,2026-01-20,Contacted,Follow-up Required,2026-09-19,SR01,,No
L0134,Neptune Enterprises,FinTech,1000+,Bengaluru,Email Campaign,Digital Transformation,2885.6,2026-01-20,Contacted,Not Interested,,SR08,,No
L0135,Zephyr Labs,Healthcare,1-50,Jaipur,Google Search,Software Development,2.4,2026-01-20,Qualified,Follow-up Required,2026-09-19,SR05,,No
L0136,Ishaan Softech,Retail,501-1000,Ahmedabad,Email Campaign,Digital Transformation,274.8,2026-01-20,Qualified,Waiting for Response,2026-09-28,SR06,,No
L0137,Dhruv Wealth Tech,FinTech,1-50,Delhi,Cold Calling,Cybersecurity,12.5,2026-01-20,New,Follow-up Required,2026-09-21,SR05,,No
L0138,Helix Software,SaaS,201-500,Hyderabad,Cold Calling,Cybersecurity,134.5,2026-01-20,Qualified,Not Interested,,SR07,,No
L0139,Lumina Systems,FINTECH,1-50,Chennai,Email Campaign,Digital Transformation,13.7,2026-01-21,Contacted,Not Interested,,SR07,,No
L0140,Cobalt Systems,SaaS,201-500,Gurgaon,Cold Calling,Cloud Services,155.8,2026-01-21,New,Follow-up Required,2026-09-23,SR05,,No
L0141,Cobalt Online,E-commerce,51-200,Bengaluru,Website,Digital Transformation,,2026-01-21,New,Follow-up Required,2026-09-25,SR04,,No
L0142,Ridge Pvt Ltd,Retail,1000+,Mumbai ,Cold Calling,Digital Transformation,1268.3,2026-01-21,Contacted,Follow-up Required,2026-10-01,SR09,,No
L0143,Horizon Global,Logistics,201-500,New Delhi,Website,Software Development,40.7,2026-01-21,Meeting,Waiting for Response,2026-09-19,SR10,,No
L0144,Titan Softech,Logistics,51-200,Mumbai,Website,Digital Transformation,50.2,2026-01-22,Meeting,Follow-up Required,2026-09-25,SR02,,No
L0145,Flux Industries,SaaS,501-1000,Hyderabad,Email Campaign,Software Development,519.2,2026-01-22,Qualified,Contacted,2026-09-11,SR08,,No
L0146,Pinnacle Commerce,E-commerce,501-1000,Hyderabad,Cold Calling,Cloud Services,279.0,2026-01-22,Qualified,Follow-up Required,2026-08-31,SR04,,No
L0147,Thrive Networks,Education,51-200,Gurgaon,Email Campaign,Digital Transformation,53.8,2026-01-22,Qualified,Follow-up Required,2026-09-17,SR05,,No
L0148,Falcon Marketplace,E-commerce,201-500,Chennai,Google Search,Cybersecurity,59.0,2026-01-22,Qualified,Follow-up Required,2026-10-09,SR07,,No
L0149,Zest Ventures,SaaS,501-1000,Ahmedabad,Cold Calling,Software Development,389.7,2026-01-22,Contacted,Not Interested,,SR09,,No
L0150,Neptune Academy Systems,Education,1-50,Delhi,Cold Calling,Cloud Services,11.2,2026-01-22,New,Follow-up Required,2026-09-19,SR01,,No
L0151,Vivid Softech,FinTech,1-50,Pune,Website,Digital Transformation,12.6,2026-01-22,Contacted,Not Interested,,SR09,,No
L0152,Pulse Solutions,Healthcare,1-50,Mumbai,Cold Calling,Digital Transformation,11.9,2026-01-23,Contacted,Contacted,2026-10-08,SR09,,No
L0153,Bolt Enterprises,Logistics,1000+,Noida,Email Campaign,Cloud Services,2747.4,2026-01-23,Contacted,Not Interested,,SR01,,No
L0154,Vertex Labs,Education,501-1000,Bengaluru,Events,Cybersecurity,174.4,2026-01-23,New,Follow-up Required,2026-09-22,SR08,,No
L0155,Quest Brands,Retail,201-500,Noida,Website,Software Development,89.4,2026-01-23,Qualified,Contacted,2026-09-19,SR05,,No
L0156,Yonder Systems,E-commerce,51-200,Mumbai,Cold Calling,Digital Transformation,56.4,2026-01-23,Meeting,Follow-up Required,2026-09-26,SR02,,No
L0157,Ember Solutions,Manufacturing,51-200,Mumbai,Email Campaign,Digital Transformation,51.4,2026-01-24,Contacted,Follow-up Required,2026-10-10,SR09,,No
L0158,Onyx Logistics,Logistics,1-50,Pune,Events,Software Development,12.6,2026-01-24,Contacted,Contacted,2026-09-20,SR09,,No
L0159,Harbor Softech,Logistics,51-200,Pune,LinkedIn,Cloud Services,30.4,24/01/2026,Contacted,Contacted,2026-09-08,SR02,,No
L0160,Vista Components,manufacturing,51-200,Pune,Website,Cloud Services,21.8,2026-01-24,Contacted,Contacted,2026-09-24,SR06,,No
L0161,Indus Group,E-commerce,51-200,Gurgaon,Website,DevOps,24.2,2026-01-24,Contacted,Waiting for Response,2026-10-02,SR05,,No
L0162,Vivid Manufacturing,Manufacturing,201-500,Bengaluru,Cold Calling,Cybersecurity,69.7,2026-01-24,New,Follow-up Required,2026-09-19,SR08,,No
L0163,Astra Labs,SaaS,51-200,Bengaluru,Email Campaign,Cloud Services,45.7,2026-01-24,Qualified,Waiting for Response,2026-09-01,SR08,,No
L0164,Unity Retail Tech,E-commerce,51-200,Gurgaon,Website,Cloud Services,57.6,2026-01-24,New,Follow-up Required,2026-10-08,SR03,,No
L0165,Vanguard Enterprises,E-commerce,1-50,,LinkedIn,Software Development,6.1,2026-01-24,Qualified,Meeting Scheduled,2026-09-27,SR09,,No
L0166,Rudra Global,Healthcare,201-500,Delhi,Website,Digital Transformation,53.9,25/01/2026,Proposal,Closed,,SR10,1475000.0,No
L0167,Zest Marketplace,E-commerce,1000+,Noida,Email Campaign,Digital Transformation,1923.5,2026-01-25,Proposal,Waiting for Response,2026-09-23,SR05,1850000.0,No
L0168,Meridian Global,Retail,501-1000,Gurgaon,Google Search,Cybersecurity,420.6,2026-01-25,Won,Closed,,SR05,2050000.0,Yes
L0169,Oasis Global,Logistics,201-500,Noida,Email Campaign,Digital Transformation,78.5,2026-01-25,New,Follow-up Required,2026-09-26,SR01,,No
L0170,Crest Technologies,SaaS,1-50,Delhi,LinkedIn,Cybersecurity,3.8,2026-01-25,Meeting,Not Interested,,SR03,,No
L0171,Novus Mart,Retail,1000+,Hyderabad,LinkedIn,Digital Transformation,751.8,2026-01-25,Contacted,Follow-up Required,2026-09-05,SR07,,No
L0172,Ion Softech,Logistics,501-1000,Jaipur,Cold Calling,DevOps,221.4,2026-01-25,Meeting,Contacted,2026-10-09,SR01,,No
L0173,Quest Systems,manufacturing,1-50,Gurgaon,Cold Calling,Digital Transformation,12.3,2026-01-25,Contacted,Follow-up Required,2026-09-23,SR03,,No
L0174,Nexora Retail Tech,E-commerce,201-500,Pune,Cold Calling,Software Development,175.5,2026-01-25,Meeting,Waiting for Response,2026-09-19,SR09,,No
L0175,Wavelet Group ,Healthcare,501-1000,Pune,Cold Calling,Digital Transformation,274.5,2026-01-25,Contacted,Waiting for Response,2026-10-10,SR09,,No
L0176,Himalaya Technologies,Healthcare,501-1000,Hyderabad,Email Campaign,Software Development,224.8,2026-01-25,Proposal,Waiting for Response,2026-09-19,SR08,2020000.0,No
L0177,Oasis Finserv,FinTech,1-50,Noida,Referral,Cybersecurity,4.9,2026-01-25,Qualified,Not Interested,,SR01,,No
L0178,Ridge Networks,Healthcare,1-50,Chennai,Website,Cloud Services,8.3,2026-01-26,Qualified,Waiting for Response,2026-09-21,SR08,,No
L0179,Quantum Cargo,Logistics,51-200,Jaipur,cold calling,Digital Transformation,51.0,2026-01-26,Contacted,Not Interested,,SR10,,No
L0180,Vista Care Systems,Healthcare,201-500,Chennai,Google Search,Cybersecurity,126.3,2026-01-26,Qualified,Follow-up Required,2026-09-03,SR08,,No
L0181,Flux Solutions,SaaS,201-500,Pune,LinkedIn,Digital Transformation,94.3,2026-01-26,Qualified,Waiting for Response,2026-09-04,SR02,,No
L0182,Gravity Group,Education,1-50,Pune,Cold Calling,Cloud Services,3.6,2026-01-26,New,Follow-up Required,2026-09-19,SR06,,No
L0183,Bolt Technologies,Healthcare,1-50,Hyderabad,Cold Calling,Cloud Services,4.3,2026-01-26,Contacted,Waiting for Response,2026-10-08,SR08,,No
L0184,Lakshya Industries,Logistics,201-500,Delhi,Email Campaign,Digital Transformation,65.4,2026-01-26,New,Follow-up Required,2026-10-07,SR10,,No
L0185,Mantra Networks,SaaS,1000+,Noida,Cold Calling,DevOps,996.2,2026-01-26,New,Follow-up Required,2026-09-24,SR01,,No
L0186,Vista Industries,FinTech,1-50,Delhi,Cold Calling,Digital Transformation,8.4,2026-01-27,Contacted,Contacted,2026-10-08,SR03,,No
L0187,Crest Softech,SaaS,201-500,Ahmedabad,Referral,Digital Transformation,99.4,2026-01-27,Qualified,Waiting for Response,2026-10-08,SR09,,No
L0188,Xenon Industries,SaaS,1-50,Hyderabad,LinkedIn,Software Development,12.1,2026-01-27,New,Follow-up Required,2026-09-29,SR08,,No
L0189,Titan Payments,FinTech,51-200,Chennai ,LinkedIn,Cybersecurity,51.7,2026-01-27,Meeting,Not Interested,,SR07,,No
L0190,Orbit Global,Retail,501-1000,Delhi,Cold Calling,Software Development,301.8,2026-01-27,New,Follow-up Required,2026-10-10,SR01,,No
L0191,Orbit Softech,Healthcare,51-200,Delhi,Cold Calling,Cybersecurity,23.8,2026-01-27,New,Follow-up Required,2026-09-22,SR05,,No
L0192,Lakshya Stores,Retail,201-500,Bengaluru,Cold Calling,Digital Transformation,189.5,28/01/2026,New,Follow-up Required,2026-10-06,SR08,,No
L0193,Titan Global,Logistics,201-500,Bengaluru,Email Campaign,Digital Transformation,133.2,2026-01-28,Qualified,Not Interested,,SR04,,No
L0194,Orbit Networks,E-commerce,201-500,Delhi,Email Campaign,Software Development,69.3,2026-01-28,New,Follow-up Required,2026-10-08,SR03,,No
L0195,Aryan Stores,Retail,51-200,Chennai,LinkedIn,Digital Transformation,59.6,2026-01-28,Contacted,Contacted,2026-10-01,SR04,,No
L0196,Nimbus Networks,SaaS,1000+,Bengaluru,LinkedIn,Software Development,1718.6,2026-01-28,Qualified,Waiting for Response,2026-10-04,SR07,,No
L0197,Trident Labs,Retail,501-1000,Chennai,Website,Cloud Services,,2026-01-28,Meeting,Waiting for Response,2026-10-03,SR08,,No
L0198,Paragon Ventures,FinTech,501-1000,Bengaluru,LinkedIn,Cybersecurity,564.6,2026-01-29,Won,Closed,,SR04,2020000.0,Yes
L0199,Zeal Solutions,Healthcare,1-50,Mumbai,LinkedIn,Cloud Services,12.4,2026-01-29,Qualified,Waiting for Response,2026-09-13,SR02,,No
L0200,Kestrel Softech,Logistics,1000+,Pune,Website,Software Development,2885.7,2026-01-29,Contacted,Contacted,2026-09-26,SR02,,No
L0201,Zephyr Softech,Logistics,201-500,Mumbai,Email Campaign,Software Development,168.6,2026-01-29,Meeting,Waiting for Response,2026-10-10,SR02,,No
L0202,Vivid Group,Retail,1000+,Jaipur,Website,Software Development,1635.7,2026-01-29,Contacted,Waiting for Response,2026-10-06,SR10,,No
L0203,Summit Labs,Manufacturing,201-500,Hyderabad,Events,Digital Transformation,176.2,2026-01-30,Meeting,Follow-up Required,2026-10-04,SR08,,No
L0204,Summit Networks,FinTech,1000+,Mumbai,LinkedIn,Cloud Services,,2026-01-30,Meeting,Contacted,2026-09-30,SR02,,No
L0205,Flux Labs,SaaS,1-50,Gurugram,Website,Cybersecurity,5.7,2026-01-31,Contacted,Contacted,2026-09-01,SR01,,No
L0206,Vista Technologies,Education,501-1000,Bengaluru,Events,Digital Transformation,574.0,2026-01-31,Qualified,Follow-up Required,2026-09-26,SR04,,No
L0207,Apex Softech,Education,501-1000,Mumbai,Email Campaign,Cloud Services,241.7,2026-01-31,Qualified,Meeting Scheduled,2026-09-28,SR02,,No
L0208,Gravity Technologies,Manufacturing,201-500,Bengaluru,Website,Software Development,109.0,2026-01-31,Qualified,Not Interested,,SR08,,No
L0209,Titan Group,Healthcare,201-500,Bengaluru,LinkedIn,Cybersecurity,81.2,2026-01-31,New,Follow-up Required,2026-10-08,SR08,,No
L0210,Sagar Labs,FinTech,501-1000,Bengaluru,Events,Cloud Services,231.0,2026-01-31,Qualified,Follow-up Required,09/09/2026,SR07,,No
L0211,Garuda Systems,Manufacturing,201-500,Pune,Cold Calling,Cybersecurity,113.8,2026-01-31,Contacted,Contacted,2026-09-19,SR09,,No
L0212,Urban Global,FinTech,201-500,Mumbai,Website,Digital Transformation,111.5,2026-01-31,Contacted,Waiting for Response,2026-10-10,SR09,,No
L0213,Thrive Softech,FinTech,201-500,Delhi,LinkedIn,Cybersecurity,59.3,2026-01-31,New,Follow-up Required,2026-10-06,SR10,,No
L0214,Quest Group,E-commerce,1000+,Delhi,Website,Cloud Services,2153.3,2026-01-31,New,Follow-up Required,2026-09-30,SR01,,No
L0215,Narmada Global,Logistics,51-200,Delhi,Cold Calling,Digital Transformation,55.0,2026-01-31,Contacted,Follow-up Required,2026-10-07,SR01,,No
L0216,Pulse Stores,Retail,501-1000,Jaipur,Events,Cloud Services,556.5,2026-02-01,Qualified,Waiting for Response,2026-09-17,SR01,,No
L0217,Radiant Ventures,SaaS,501-1000,Jaipur,Cold Calling,DevOps,578.3,2026-02-01,Contacted,Follow-up Required,2026-09-25,SR05,,No
L0218,Aurora Enterprises,SaaS,51-200,Noida,Referral,Digital Transformation,38.3,2026-02-01,Qualified,Follow-up Required,2026-10-10,SR10,,No
L0219,Solace Pvt Ltd,SaaS,501-1000,Mumbai,Referral,Digital Transformation,253.7,2026-02-01,New,Follow-up Required,2026-09-02,SR09,,No
L0220,Vayu Ventures,FinTech,51-200,Jaipur,Google Search,Software Development,25.4,2026-02-02,Contacted,Waiting for Response,2026-10-09,SR10,,No
L0221,Hive Group,Education,1-50,Gurgaon,Website,Digital Transformation,12.3,2026-02-02,Contacted,Not Interested,,SR05,,No
L0222,Echo Supply Chain,Logistics,501-1000,Hyderabad ,Events,Digital Transformation,505.3,2026-02-02,Contacted,Not Interested,,SR07,,No
L0223,Neptune Engineering,Manufacturing,501-1000,Delhi,Cold Calling,Digital Transformation,,2026-02-03,Contacted,Follow-up Required,2026-09-20,SR10,,No
L0224,Radiant Group,SaaS,201-500,Hyderabad,Events,Cloud Services,130.6,2026-02-03,Contacted,Waiting for Response,2026-09-23,SR04,,No
L0225,Horizon Softech,E-commerce,1-50,Mumbai,Email Campaign,Software Development,7.4,2026-02-03,Contacted,Contacted,2026-10-10,SR06,,No
L0226,Mosaic Group,Retail,501-1000,Mumbai,Events,Digital Transformation,255.8,2026-02-03,Contacted,Not Interested,,SR06,,No
L0227,Crest Solutions,Logistics,1000+,Hyderabad,Cold Calling,Digital Transformation,2032.4,2026-02-03,Meeting,Follow-up Required,2026-10-01,SR08,,No
L0228,Madhav Solutions,Education,1000+,Hyderabad,Cold Calling,Software Development,2541.2,2026-02-03,Meeting,Meeting Scheduled,2026-10-02,SR08,,No
L0229,Astra Industries,manufacturing,501-1000,Mumbai,Referral,Cloud Services,519.0,2026-02-04,Meeting,Meeting Scheduled,2026-09-27,SR02,,No
L0230,Astra Ventures,SaaS,51-200,Hyderabad,Email Campaign,Cybersecurity,21.1,2026-02-04,Contacted,Waiting for Response,2026-09-22,SR08,,No
L0231,Trident Softech,Education,1-50,Mumbai,LinkedIn,Software Development,11.3,2026-02-04,Meeting,Waiting for Response,2026-10-03,SR06,,No
L0232,Relay Networks,FinTech,501-1000,Hyderabad,Cold Calling,Software Development,243.5,2026-02-04,Qualified,Contacted,2026-10-08,SR08,,No
L0233,Ember Platforms,SaaS,1000+,Hyderabad,EMAIL CAMPAIGN,Cloud Services,2739.7,2026-02-04,Contacted,Waiting for Response,2026-09-17,SR08,,No
L0234,Summit Knowledge,Education,501-1000,Jaipur,Events,Software Development,554.8,2026-02-04,New,Follow-up Required,2026-09-19,SR01,,No
L0235,Horizon MedTech,Healthcare,51-200,Mumbai,Google Search,Digital Transformation,23.4,2026-02-04,Contacted,Not Interested,,SR09,,No
L0236,Harbor Networks,E-commerce,1-50,Noida,Events,Digital Transformation,,2026-02-04,Proposal,Waiting for Response,2026-10-10,SR03,305000.0,No
L0237,Harbor Global,Healthcare,51-200,Bengaluru,Website,DevOps,51.7,2026-02-04,Qualified,Waiting for Response,2026-09-02,SR04,,No
L0238,Pinnacle Wealth Tech,FinTech,201-500,Bengaluru,Referral,Cybersecurity,83.1,2026-02-05,Proposal,Follow-up Required,2026-09-22,SR08,945000.0,No
L0239,Optima Industries,FinTech,201-500,Bengaluru,Website,Cybersecurity,166.3,2026-02-05,New,Follow-up Required,2026-09-04,SR07,,No
L0240,Trident Group,Healthcare,201-500,Delhi,Cold Calling,Cloud Services,48.8,2026-02-05,Qualified,Follow-up Required,2026-10-07,SR01,,No
L0241,Ishaan Networks,SaaS,201-500,Bengaluru,Events,Software Development,115.6,2026-02-05,Meeting,Not Interested,,SR04,,No
L0242,Nexora Apps,SaaS,201-500,Bengaluru,Email Campaign,Digital Transformation,116.6,2026-02-06,Qualified,Follow-up Required,2026-09-19,SR08,,No
L0243,Quantum Labs,FinTech,201-500,Gurgaon,Email Campaign,Cybersecurity,70.1,2026-02-06,Contacted,Contacted,2026-10-03,SR10,,No
L0244,Zest Networks,E-commerce,1000+,Noida,Cold Calling,Software Development,1100.0,2026-02-06,Qualified,Meeting Scheduled,2026-09-27,SR05,,No
L0245,Astra Systems,fintech,1-50,Delhi,Google Search,Digital Transformation,10.4,2026-02-06,Qualified,Not Interested,,SR01,,No
L0246,Drift Pvt Ltd,Education,1-50,Bengaluru,LinkedIn,Cloud Services,14.6,2026-02-06,New,Follow-up Required,2026-09-19,SR08,,No
L0247,Astra Enterprises,E-commerce,201-500,Hyderabad,LinkedIn,Software Development,137.9,2026-02-06,Proposal,Not Interested,,SR07,1125000.0,No
L0248,Mosaic Academy Systems,Education,51-200,Chennai,Google Search,Cybersecurity,,2026-02-06,New,Follow-up Required,2026-09-24,SR07,,No
L0249,Harbor Enterprises,FinTech,1-50,Hyderabad,LinkedIn,Cloud Services,2.2,2026-02-06,New,Follow-up Required,2026-09-04,SR07,,No
L0250,Pulse Global,FinTech,1-50,Mumbai,LinkedIn,Cybersecurity,3.2,2026-02-07,Proposal,Waiting for Response,2026-10-05,SR06,295000.0,No
L0251,Apex Manufacturing,MANUFACTURING,1000+,Hyderabad,Website,Digital Transformation,1285.6,2026-02-07,Qualified,Contacted,2026-09-26,SR08,,No
L0252,Falcon Labs,FinTech,51-200,,Email Campaign,Cloud Services,54.0,2026-02-07,Contacted,Contacted,2026-10-08,SR04,,No
L0253,Lotus Cargo,Logistics,51-200,Hyderabad,Referral,Software Development,33.0,2026-02-08,New,Follow-up Required,2026-09-03,SR08,,No
L0254,Prism Solutions,SaaS,201-500,Hyderabad,Referral,Cybersecurity,138.9,2026-02-08,New,Follow-up Required,2026-09-07,SR07,,No
L0255,Pulse Enterprises,Healthcare,1000+,Jaipur,Email Campaign,Digital Transformation,2743.3,2026-02-09,Contacted,Follow-up Required,2026-09-26,SR03,,No
L0256,Echo Technologies,FinTech,51-200,Mumbai ,Cold Calling,Cybersecurity,56.1,2026-02-09,Contacted,Waiting for Response,2026-10-06,SR06,,No
L0257,Ember Systems,Logistics,201-500,Bengaluru,Events,Digital Transformation,185.7,2026-02-09,Qualified,Contacted,2026-09-16,SR08,,No
L0258,Yonder EdTech,education,501-1000,New Delhi,LinkedIn,Cloud Services,160.2,2026-02-10,Qualified,Contacted,2026-10-02,SR01,,No
L0259,Vayu Stores,Retail,51-200,Chennai,LinkedIn,Cloud Services,29.6,2026-02-10,New,Follow-up Required,2026-09-30,SR04,,No
L0260,Bharat Networks,Retail,51-200,Jaipur,Google Search,Software Development,52.2,2026-02-10,New,Follow-up Required,02/10/2026,SR01,,No
L0261,Spark Solutions,Healthcare,51-200,Bengaluru,Website,Cloud Services,12.1,2026-02-10,Qualified,Waiting for Response,2026-10-03,SR08,,No
L0262,Himalaya Group,Retail,201-500,Hyderabad,Events,Digital Transformation,121.4,2026-02-10,Contacted,Not Interested,,SR08,,No
L0263,Wavelet Enterprises,Retail,1-50,Hyderabad,Website,Digital Transformation,3.4,2026-02-11,New,Follow-up Required,2026-09-07,SR08,,No
L0264,Harbor Group,saas,51-200,Pune,LinkedIn,Cloud Services,55.4,2026-02-11,Contacted,Not Interested,,SR09,,No
L0265,Novus Retail,Retail,51-200,Hyderabad,Cold Calling,Digital Transformation,17.3,2026-02-11,Qualified,Follow-up Required,2026-10-03,SR07,,No
L0266,Crest Capital Tech,FinTech,1-50,Gurgaon,LinkedIn,Digital Transformation,4.2,2026-02-11,Qualified,Waiting for Response,25/09/2026,SR10,,No
L0267,Kinetic Systems,Education,201-500,Jaipur,Referral,Cloud Services,82.9,2026-02-12,Qualified,Not Interested,,SR01,,No
L0268,Drift Softech,Retail,51-200,Bengaluru,Email Campaign,Digital Transformation,10.6,2026-02-12,New,Follow-up Required,2026-09-19,SR07,,No
L0269,Vanguard Manufacturing,Manufacturing,51-200,Bengaluru,Email Campaign,Digital Transformation,48.7,2026-02-12,Qualified,Waiting for Response,2026-08-30,SR07,,No
L0270,Sapphire Pvt Ltd,Education,1-50,Pune,Google Search,Cloud Services,12.5,2026-02-12,New,Follow-up Required,2026-09-19,SR09,,No
L0271,Helix Labs,E-commerce,1-50,Mumbai,LinkedIn,Software Development,9.4,2026-02-12,Contacted,Contacted,2026-09-18,SR06,,No
L0272,Prism Ventures,SaaS,1-50,Bengaluru,Referral,Cloud Services,4.8,2026-02-12,Meeting,Meeting Scheduled,2026-09-26,SR04,,No
L0273,Urban Group,Education,51-200,Pune,Cold Calling,Software Development,44.0,2026-02-12,New,Follow-up Required,2026-09-22,SR02,,No
L0274,Nexora Solutions,Education,201-500,Delhi,Cold Calling,Digital Transformation,144.0,2026-02-13,Qualified,Meeting Scheduled,2026-09-22,SR01,,No
L0275,Jolt Pvt Ltd,FinTech,501-1000,Mumbai,Events,Cybersecurity,237.6,2026-02-13,Contacted,Contacted,2026-09-28,SR06,,No
L0276,Aryan Enterprises,Healthcare,51-200,Bengaluru,LinkedIn,Cybersecurity,16.5,2026-02-13,Qualified,Follow-up Required,2026-09-23,SR04,,No
L0277,Indus Ventures,Healthcare,1-50,Pune,LinkedIn,Digital Transformation,3.6,2026-02-13,Meeting,Waiting for Response,2026-09-19,SR06,,No
L0278,Garuda Industrial,Manufacturing,51-200,Noida,Events,Digital Transformation,16.2,2026-02-13,Contacted,Contacted,2026-09-08,SR01,,No
L0279,Vanguard Pvt Ltd,E-commerce,501-1000,Chennai,Website,Cloud Services,494.9,2026-02-13,Meeting,Waiting for Response,2026-09-28,SR08,,No
L0280,Echo Labs,Logistics,51-200,Ahmedabad,Referral,DevOps,17.5,2026-02-13,Meeting,Meeting Scheduled,2026-10-03,SR06,,No
L0281,Mantra Softech,Education,1-50,Pune,LinkedIn,Digital Transformation,3.5,2026-02-13,New,Follow-up Required,2026-09-05,SR09,,No
L0282,Sapphire Softech,Manufacturing,501-1000,Gurgaon,Events,DevOps,199.2,2026-02-14,Contacted,Not Interested,,SR05,,No
L0283,Horizon Solutions,SaaS,51-200,Gurgaon,Cold Calling,Cloud Services,49.4,2026-02-14,Qualified,Follow-up Required,2026-10-02,SR05,,No
L0284,Oasis Components,Manufacturing,51-200,Pune,Google Search,Digital Transformation,42.5,2026-02-14,Contacted,Waiting for Response,2026-09-29,SR02,,No
L0285,Neptune Systems,Education,1000+,Gurgaon,LinkedIn,Digital Transformation,,2026-02-14,Qualified,Waiting for Response,2026-10-05,SR10,,No
L0286,Narmada Industries,Healthcare,201-500,Bengaluru,EMAIL CAMPAIGN,Software Development,58.6,2026-02-14,Qualified,Waiting for Response,2026-09-22,SR08,,No
L0287,Lumina Solutions,FinTech,1000+,Bengaluru,Google Search,Cloud Services,1259.2,2026-02-15,Contacted,Waiting for Response,2026-09-19,SR08,,No
L0288,Urban Pvt Ltd,E-commerce,201-500,Mumbai,Google Search,Software Development,70.9,2026-02-15,Contacted,Contacted,2026-09-26,SR06,,No
L0289,Vista Pvt Ltd,Manufacturing,51-200,Bangalore,LinkedIn,Software Development,28.4,2026-02-15,Proposal,Waiting for Response,2026-09-30,SR07,360000.0,No
L0290,Wisp Labs,SaaS,51-200,Pune,Cold Calling,Digital Transformation,,2026-02-16,Contacted,Follow-up Required,2026-08-30,SR06,,No
L0291,Novus Systems,E-COMMERCE,51-200,Delhi,Cold Calling,DevOps,30.9,2026-02-16,Contacted,Follow-up Required,2026-09-14,SR05,,No
L0292,Urban Industries,SaaS,1000+,Mumbai,Email Campaign,DevOps,2305.8,2026-02-16,Meeting,Waiting for Response,2026-10-03,SR06,,No
L0293,Chakra Softech,Retail,1000+,Mumbai,Cold Calling,Software Development,2952.5,2026-02-16,Proposal,Closed,,SR06,2500000.0,No
L0294,Aryan Softech,Education,51-200,Chennai,Email Campaign,Digital Transformation,54.3,2026-02-16,Qualified,Not Interested,,SR04,,No
L0295,Mosaic Industries,Education,51-200,Mumbai,Google Search,Software Development,49.7,2026-02-16,Contacted,Contacted,2026-09-23,SR02,,No
L0296,Yonder Softech,E-commerce,51-200,Bengaluru,Cold Calling,Software Development,45.5,2026-02-16,New,Follow-up Required,2026-09-26,SR08,,No
L0297,Dhruv Learning,Education,1-50,Pune,Cold Calling,Digital Transformation,13.2,2026-02-16,Contacted,Follow-up Required,2026-09-27,SR02,,No
L0298,Lotus Labs,E-commerce,201-500,Delhi,Email Campaign,Software Development,191.2,2026-02-17,New,Follow-up Required,2026-10-02,SR01,,No
L0299,Yonder Online,E-commerce,1000+,Pune,Cold Calling,Cloud Services,983.1,2026-02-17,New,Follow-up Required,2026-09-28,SR09,,No
L0300,Helix EdTech,Education,201-500,Noida,LinkedIn,Digital Transformation,114.8,2026-02-17,New,Follow-up Required,2026-09-19,SR05,,No
L0301,Jolt Technologies,E-commerce,51-200,Ahmedabad,Cold Calling,Cloud Services,31.8,2026-02-17,Qualified,Follow-up Required,2026-09-27,SR02,,No
L0302,Crest Networks ,SaaS,1-50,Bengaluru,Cold Calling,Cloud Services,5.8,2026-02-17,Contacted,Not Interested,,SR04,,No
L0303,Ridge Systems,FinTech,51-200,Bengaluru,Cold Calling,DevOps,51.2,2026-02-17,Won,Closed,,SR08,530000.0,Yes
L0304,Chakra Industries,SaaS,501-1000,Bengaluru,Referral,Digital Transformation,452.7,2026-02-17,Meeting,Waiting for Response,2026-10-05,SR08,,No
L0305,Himalaya Enterprises,FinTech,51-200,Chennai,Cold Calling,Digital Transformation,46.6,2026-02-18,New,Follow-up Required,2026-09-19,SR04,,No
L0306,Vista Networks,E-commerce,201-500,Mumbai,Google Search,DevOps,191.8,2026-02-18,Contacted,Follow-up Required,2026-09-12,SR09,,No
L0307,Nexora Technologies,E-commerce,201-500,Gurgaon,LinkedIn,Software Development,159.6,2026-02-18,New,Follow-up Required,2026-09-19,SR10,,No
L0308,Yash Group,Education,1000+,Mumbai,Referral,Digital Transformation,1494.9,2026-02-18,Contacted,Not Interested,,SR06,,No
L0309,Prism Labs,SaaS,51-200,Delhi,LinkedIn,DevOps,17.8,2026-02-18,Meeting,Meeting Scheduled,2026-09-29,SR01,,No
L0310,Spark Ventures,FinTech,501-1000,Pune,Email Campaign,Cybersecurity,583.2,2026-02-19,Won,Closed,,SR02,1875000.0,Yes
L0311,Ekam Components,Manufacturing,1-50,Noida,Website,Digital Transformation,14.0,2026-02-19,New,Follow-up Required,2026-09-06,SR10,,No
L0312,Solace Labs,Healthcare,1-50,Jaipur,Google Search,Software Development,14.6,2026-02-19,Won,Closed,,SR01,375000.0,Yes
L0313,Gravity Wealth Tech,FinTech,51-200,Noida,Website,Cybersecurity,53.6,2026-02-19,Contacted,Waiting for Response,2026-10-01,SR01,,No
L0314,Chakra Ventures,Retail,51-200,Delhi,LinkedIn,Cloud Services,46.2,2026-02-19,Qualified,Waiting for Response,2026-09-23,SR03,,No
L0315,Helix Technologies,Manufacturing,51-200,Hyderabad,LinkedIn,DevOps,40.0,2026-02-19,Meeting,Waiting for Response,2026-10-04,SR04,,No
L0316,Loop Networks,FinTech,501-1000,Ahmedabad,Events,Cloud Services,541.3,2026-02-19,Won,Closed,,SR02,1690000.0,Yes
L0317,Zeal Softech,E-commerce,1000+,Bengaluru,referral,Digital Transformation,1515.3,2026-02-19,Meeting,Follow-up Required,2026-09-17,SR08,,No
L0318,Kinetic Softech,FinTech,201-500,Chennai,Website,Cybersecurity,95.9,2026-02-19,Qualified,Contacted,2026-10-03,SR07,,No
L0319,Ember Global,HEALTHCARE,51-200,Chennai,LinkedIn,Cybersecurity,30.7,2026-02-19,Qualified,Follow-up Required,2026-09-18,SR04,,No
L0320,Wavelet Online,E-commerce,51-200,Gurgaon,Events,Software Development,55.6,2026-02-19,Won,Closed,,SR10,535000.0,Yes
L0321,Pinnacle Solutions,E-commerce,1-50,Chennai,Events,Software Development,6.0,2026-02-20,Meeting,Meeting Scheduled,2026-10-03,SR08,,No
L0322,Bharat Online,E-commerce,1-50,Noida,LinkedIn,Software Development,5.1,2026-02-20,Contacted,Not Interested,,SR01,,No
L0323,Onyx Commerce,E-commerce,501-1000,Gurgaon,Website,DevOps,,2026-02-20,Contacted,Waiting for Response,2026-09-23,SR01,,No
L0324,Lumina Retail,Retail,51-200,Ahmedabad,LinkedIn,Digital Transformation,18.1,20/02/2026,Qualified,Meeting Scheduled,22/09/2026,SR02,,No
L0325,Prism Enterprises,Manufacturing,51-200,Delhi,Email Campaign,Digital Transformation,51.9,2026-02-20,Qualified,Waiting for Response,2026-09-25,SR01,,No
L0326,Alpine Cloudware, SaaS,51-200,Pune,LinkedIn,DevOps,12.0,2026-02-20,Contacted,Follow-up Required,2026-09-07,SR02,,No
L0327,Ridge Industries,SaaS,1-50,Gurgaon,LinkedIn,Cloud Services,9.8,2026-02-20,Qualified,Waiting for Response,2026-09-27,SR03,,No
L0328,Indus Industries,SaaS,1-50,Mumbai,Referral,Cloud Services,6.8,2026-02-21,Won,Closed,,SR02,370000.0,Yes
L0329,Alpine Software,SaaS,501-1000,Delhi,LinkedIn,DevOps,529.9,2026-02-21,New,Follow-up Required,2026-09-19,SR01,,No
L0330,Umbra Networks,Education,201-500,Bengaluru,LinkedIn,DevOps,150.8,2026-02-21,Qualified,Waiting for Response,2026-10-06,SR07,,No
L0331,Xenon Knowledge,Education,201-500,Pune,WEBSITE,Cloud Services,177.8,2026-02-21,New,Follow-up Required,2026-09-30,SR06,,No
L0332,Ishaan Systems,Healthcare,1000+,Gurgaon,Google Search,Software Development,1002.5,2026-02-21,New,Follow-up Required,2026-10-01,SR05,,No
L0333,Kaveri Marketplace,E-commerce,501-1000,,Email Campaign,DevOps,473.4,2026-02-21,Contacted,Waiting for Response,2026-09-22,SR05,,No
L0334,Ekam Softech,Manufacturing,1000+,Gurgaon,LinkedIn,Digital Transformation,1227.0,2026-02-21,Contacted,Waiting for Response,2026-10-04,SR10,,No
L0335,Lumina Technologies,SAAS,1000+,Pune,Events,DevOps,1818.9,2026-02-22,Proposal,Follow-up Required,2026-10-03,SR02,1490000.0,No
L0336,Unity Ventures,E-commerce,201-500,Ahmedabad,Cold Calling,DevOps,64.6,2026-02-22,Contacted,Contacted,2026-09-22,SR09,,No
L0337,Ishaan Industries,E-commerce,201-500,Hyderabad,Website,DevOps,111.6,2026-02-22,Qualified,Follow-up Required,2026-10-04,SR07,,No
L0338,Mosaic Brands,Retail,1-50,Hyderabad,Cold Calling,Digital Transformation,3.3,2026-02-22,New,Follow-up Required,2026-09-28,SR07,,No
L0339,Summit Manufacturing,Manufacturing,51-200,Noida,Events,Digital Transformation,47.1,2026-02-23,Contacted,Follow-up Required,2026-10-08,SR01,,No
L0340,Jolt Group,Manufacturing,201-500,,LinkedIn,Digital Transformation,182.0,2026-02-23,Won,Closed,,SR06,695000.0,Yes
L0341,Yonder Ventures,Healthcare,1-50,Chennai,Cold Calling,Digital Transformation,5.7,2026-02-23,New,Follow-up Required,2026-09-27,SR08,,No
L0342,Prana MedTech,Healthcare,1000+,Chennai ,LinkedIn,Digital Transformation,1648.1,2026-02-23,Proposal,Waiting for Response,2026-09-25,SR08,2500000.0,No
L0343,Yonder Group,e-commerce,201-500,Hyderabad,Email Campaign,Cloud Services,79.4,2026-02-23,Qualified,Waiting for Response,2026-10-10,SR07,,No
L0344,Oasis Capital Tech,FinTech,51-200,Delhi,Cold Calling,Digital Transformation,,2026-02-23,Contacted,Contacted,2026-09-06,SR05,,No
L0345,Prism Marketplace,e-commerce,51-200,Pune,LinkedIn,Cloud Services,19.4,2026-02-23,Meeting,Meeting Scheduled,2026-09-27,SR02,,No
L0346,Garuda Industries,E-commerce,1000+,Mumbai,Website,Software Development,643.0,2026-02-23,Qualified,Not Interested,,SR06,,No
L0347,Relay Solutions,FinTech,1-50,Pune,Email Campaign,Cybersecurity,10.0,2026-02-24,Contacted,Waiting for Response,2026-09-22,SR06,,No
L0348,Jade Enterprises,E-commerce,201-500,Chennai,LinkedIn,Digital Transformation,68.2,2026-02-24,Qualified,Waiting for Response,2026-09-23,SR07,,No
L0349,Evergreen Industrial,Manufacturing,51-200,Chennai,Cold Calling,Cloud Services,43.8,2026-02-24,Qualified,Follow-up Required,2026-09-24,SR07,,No
L0350,Vertex Industries,Education,51-200,Bengaluru,Events,Digital Transformation,55.8,2026-02-24,New,Follow-up Required,2026-09-21,SR07,,No
L0351,Zenith Group,Healthcare,501-1000,Mumbai,Cold Calling,Digital Transformation,525.1,2026-02-24,Qualified,Follow-up Required,2026-09-19,SR09,,No
L0352,Yonder Solutions,Retail,51-200,Ahmedabad,LinkedIn,Digital Transformation,25.5,2026-02-24,Contacted,Contacted,2026-10-06,SR06,,No
L0353,Prism Group,Logistics,51-200,Bangalore,LinkedIn,Digital Transformation,45.1,2026-02-24,Qualified,Follow-up Required,2026-09-19,SR08,,No
L0354,Delta Industries,Manufacturing,501-1000,Mumbai,Email Campaign,Digital Transformation,471.9,2026-02-25,Qualified,Not Interested,,SR09,,No
L0355,Vivid Networks,E-commerce,201-500,Gurgaon,Events,DevOps,83.7,2026-02-25,Qualified,Not Interested,,SR05,,No
L0356,Prana Softech,Retail,51-200,Hyderabad,Email Campaign,Digital Transformation,44.9,2026-02-25,New,Follow-up Required,2026-09-20,SR04,,No
L0357,Onyx Industries,Retail,51-200,Delhi,Website,Cloud Services,51.8,2026-02-25,Meeting,Contacted,2026-10-04,SR05,,No
L0358,Kinetic Pvt Ltd,Healthcare,51-200,Jaipur,Email Campaign,Digital Transformation,23.3,2026-02-26,New,Follow-up Required,2026-09-23,SR01,,No
L0359,Madhav Wealth Tech,FinTech,1000+,Ahmedabad,LinkedIn,Cybersecurity,1953.2,2026-02-26,Proposal,Follow-up Required,2026-09-27,SR09,2365000.0,No
L0360,Banyan Care Systems,Healthcare,1000+,Delhi,Cold Calling,Cybersecurity,1911.4,2026-02-26,Contacted,Not Interested,,SR10,,No
L0361,Cedar Enterprises,Manufacturing,51-200,Hyderabad,Cold Calling,Digital Transformation,24.6,2026-02-26,Contacted,Waiting for Response,2026-09-19,SR07,,No
L0362,Garuda Enterprises,E-commerce,1-50,Delhi,Email Campaign,Cloud Services,3.1,2026-02-26,Qualified,Follow-up Required,2026-10-05,SR05,,No
L0363,Ridge Solutions,Healthcare,1000+,Bengaluru,LinkedIn,DevOps,1039.3,2026-02-26,Proposal,Not Interested,,SR04,2180000.0,No
L0364,Quartz Pvt Ltd,Retail,51-200,Mumbai,Cold Calling,Cloud Services,48.5,2026-02-26,Meeting,Meeting Scheduled,2026-09-27,SR02,,No
L0365,Lotus Solutions,SaaS,51-200,Hyderabad,LinkedIn,DevOps,35.8,2026-02-26,Won,Closed,,SR08,635000.0,Yes
L0366,Cedar Manufacturing,Manufacturing,201-500,Chennai,Cold Calling,Cloud Services,57.2,2026-02-26,New,Follow-up Required,2026-09-20,SR08,,No
L0367,Astra Softech,FinTech,1000+,Bengaluru,Referral,Cloud Services,786.1,2026-02-26,Contacted,Follow-up Required,2026-10-10,SR08,,No
L0368,Vivid Health,Healthcare,1000+,Ahmedabad,Cold Calling,Cybersecurity,2033.5,2026-02-27,Contacted,Contacted,2026-09-28,SR06,,No
L0369,Mantra Labs,FinTech,51-200,Mumbai,Website,Cybersecurity,15.5,2026-02-27,Contacted,Not Interested,,SR06,,No
L0370,Vayu Solutions,Healthcare,51-200,Gurgaon,Cold Calling,Digital Transformation,25.4,2026-02-27,Qualified,Follow-up Required,2026-09-13,SR03,,No
L0371,Novus Pvt Ltd,Education,201-500,Noida,Cold Calling,DevOps,94.9,2026-02-27,Won,Closed,,SR01,1135000.0,Yes
L0372,Madhav Systems,E-COMMERCE,51-200,,Email Campaign,Digital Transformation,15.4,2026-02-27,Qualified,Follow-up Required,2026-09-04,SR10,,No
L0373,Madhav Pvt Ltd,Healthcare,1000+,Mumbai,LinkedIn,Cloud Services,,2026-02-27,Meeting,Meeting Scheduled,2026-09-29,SR02,,No
L0374,Chakra Capital Tech,FinTech,1-50,Mumbai ,LinkedIn,Cybersecurity,11.5,2026-02-27,Contacted,Not Interested,,SR09,,No
L0375,Mosaic Technologies,Manufacturing,201-500,Delhi,Google Search,Digital Transformation,82.0,2026-02-27,Proposal,Waiting for Response,2026-10-02,SR01,965000.0,No
L0376,Quartz Components,Manufacturing,51-200,Jaipur,LinkedIn,Cloud Services,29.6,2026-02-27,Qualified,Follow-up Required,2026-09-22,SR05,,No
L0377,Umbra Manufacturing,Manufacturing,51-200,Hyderabad,Referral,Digital Transformation,30.9,2026-02-27,Qualified,Contacted,2026-09-23,SR04,,No
L0378,Meridian Labs,E-commerce,51-200,Mumbai,LinkedIn,DevOps,54.6,2026-02-27,New,Follow-up Required,2026-09-25,SR06,,No
L0379,Kinetic Brands,Retail,1000+,Mumbai,Website,Software Development,867.4,2026-02-28,Qualified,Contacted,2026-10-02,SR06,,No
L0380,Narmada Academy Systems,Education,51-200,Gurgaon,cold calling,Cloud Services,20.4,2026-02-28,New,Follow-up Required,2026-09-24,SR10,,No
L0381,Zephyr Wealth Tech,FinTech,201-500,Bengaluru,Website,Software Development,166.8,2026-02-28,Meeting,Contacted,2026-10-03,SR08,,No
L0382,Wisp Group,FinTech,1000+,Noida,Referral,Digital Transformation,2110.1,2026-02-28,Proposal,Waiting for Response,2026-10-09,SR01,2055000.0,No
L0383,Vanguard Ventures,Retail,1000+,Bengaluru,LinkedIn,Digital Transformation,2745.2,2026-02-28,Meeting,Waiting for Response,2026-09-24,SR04,,No
L0384,Astra Platforms,SAAS,201-500,Bengaluru,Website,Cloud Services,42.6,2026-02-28,Qualified,Follow-up Required,2026-09-28,SR08,,No
L0385,Glide Marketplace,E-commerce,51-200,Bengaluru,Email Campaign,Cloud Services,18.4,2026-02-28,Contacted,Follow-up Required,2026-09-14,SR07,,No
L0386,Lakshya Systems,Healthcare,51-200,Gurgaon,Referral,Cybersecurity,25.8,2026-03-01,Won,Closed,,SR10,525000.0,Yes
L0387,Zephyr Ventures,Retail,1-50,Chennai,Google Search,Cloud Services,14.2,2026-03-01,Contacted,Contacted,2026-09-21,SR04,,No
L0388,Gravity Enterprises,FinTech,501-1000,Delhi,Email Campaign,DevOps,514.6,2026-03-01,Contacted,Follow-up Required,2026-10-08,SR05,,No
L0389,Summit Pvt Ltd,SaaS ,501-1000,Chennai,Referral,DevOps,194.9,2026-03-01,Qualified,Waiting for Response,2026-10-02,SR08,,No
L0390,Zeal Systems,SaaS,201-500,Delhi,Cold Calling,Software Development,107.3,2026-03-01,Qualified,Contacted,2026-09-29,SR01,,No
L0391,Delta Industrial,Manufacturing,501-1000,Delhi,Cold Calling,Digital Transformation,218.7,2026-03-01,Qualified,Contacted,2026-10-10,SR05,,No
L0392,Bharat Global,SaaS,1-50,Hyderabad,Email Campaign,Cloud Services,11.2,2026-03-02,New,Follow-up Required,2026-10-03,SR07,,No
L0393,Bluepeak Enterprises,SaaS,501-1000,Mumbai,LinkedIn,DevOps,162.1,2026-03-02,Meeting,Follow-up Required,2026-09-24,SR09,,No
L0394,Sapphire Labs,Manufacturing,501-1000,Noida,Cold Calling,Cloud Services,569.0,2026-03-02,Contacted,Waiting for Response,2026-09-01,SR05,,No
L0395,Dhruv Pvt Ltd,Healthcare,201-500,Hyderabad,Cold Calling,Cloud Services,183.8,2026-03-02,Contacted,Waiting for Response,2026-10-07,SR07,,No
L0396,Astra Global,SaaS,1-50,Mumbai,LINKEDIN,Cybersecurity,10.0,2026-03-03,Contacted,Waiting for Response,2026-09-20,SR02,,No
L0397,Prism Apps,SaaS,51-200,Delhi,Cold Calling,Cloud Services,43.8,2026-03-03,Contacted,Follow-up Required,2026-09-30,SR10,,No
L0398,Bharat Industries ,SaaS,1-50,Bengaluru,Cold Calling,Cloud Services,6.4,2026-03-03,New,Follow-up Required,2026-09-11,SR08,,No
L0399,Ishaan Ventures,FinTech,201-500,Bengaluru,LinkedIn,Cybersecurity,40.8,2026-03-03,Won,Closed,,SR07,1400000.0,Yes
L0400,Jade Health,healthcare,1000+,Bengaluru,Website,Cloud Services,2891.0,2026-03-03,Meeting,Contacted,2026-10-04,SR07,,No
L0401,Ion Finserv,FinTech,1-50,Bengaluru,LinkedIn,Cloud Services,4.2,2026-03-03,Qualified,Contacted,2026-09-27,SR04,,No
L0402,Umbra Wealth Tech,FinTech,1-50,Mumbai ,Events,Digital Transformation,7.2,2026-03-03,Contacted,Not Interested,,SR02,,No
L0403,Apex Enterprises,Logistics,201-500,Gurgaon,LinkedIn,Digital Transformation,130.6,2026-03-03,Contacted,Waiting for Response,2026-09-19,SR10,,No
L0404,Cobalt Group,SaaS,1-50,Pune,LinkedIn,Cybersecurity,11.0,2026-03-03,Meeting,Follow-up Required,2026-09-27,SR09,,No
L0405,Unity Health,Healthcare,1-50,Pune,Referral,Cybersecurity,2.1,2026-03-03,Meeting,Follow-up Required,2026-10-08,SR09,,No
L0406,Optima Pvt Ltd,Education,201-500,Gurgaon,LinkedIn,DevOps,92.7,2026-03-03,Contacted,Waiting for Response,2026-09-26,SR05,,No
L0407,Helix Online,E-commerce,51-200,Gurgaon,Email Campaign,Cloud Services,29.3,2026-03-04,New,Follow-up Required,2026-09-26,SR05,,No
L0408,Crest Labs,Manufacturing,1000+,Chennai,Events,Software Development,2319.6,2026-03-04,Meeting,Meeting Scheduled,2026-09-29,SR08,,No
L0409,Quartz Softech,Retail,1-50,Bengaluru,Cold Calling,Digital Transformation,10.7,04/03/2026,Contacted,Follow-up Required,2026-09-08,SR08,,No
L0410,Solace Systems,SaaS,1-50,Bengaluru,Referral,DevOps,8.6,2026-03-04,Qualified,Not Interested,,SR08,,No
L0411,Xenon Solutions,Retail,1000+,Mumbai,Events,Digital Transformation,2516.6,2026-03-04,Qualified,Follow-up Required,2026-09-27,SR06,,No
L0412,Zeal Industries,E-commerce,51-200,Chennai,Cold Calling,DevOps,10.3,2026-03-04,Contacted,Not Interested,,SR04,,No
L0413,Horizon Pvt Ltd,E-commerce,201-500,Mumbai,Email Campaign,Software Development,143.7,2026-03-04,Meeting,Waiting for Response,2026-09-11,SR09,,No
L0414,Evergreen Group,retail,201-500,Mumbai,Google Search,Software Development,168.7,2026-03-04,Meeting,Waiting for Response,2026-10-07,SR09,,No
L0415,Wisp Global,Retail,501-1000,Hyderabad,Referral,Cybersecurity,160.3,2026-03-04,Meeting,Contacted,2026-09-25,SR07,,No
L0416,Glide Pvt Ltd,FinTech,1000+,Gurgaon,Google Search,Software Development,1957.4,2026-03-05,Meeting,Meeting Scheduled,2026-09-19,SR10,,No
L0417,Quest Industries,FinTech,51-200,Pune,Email Campaign,DevOps,32.9,2026-03-05,Contacted,Waiting for Response,2026-09-19,SR06,,No
L0418,Garuda Cargo,Logistics,51-200,Bengaluru,Referral,Digital Transformation,31.5,2026-03-05,Proposal,Closed,,SR08,895000.0,No
L0419,Crest Systems,SaaS,51-200,Bengaluru,Website,Cloud Services,45.8,2026-03-05,Contacted,Contacted,2026-09-21,SR04,,No
L0420,Evergreen Solutions,SaaS,51-200,Bengaluru,Cold Calling,Cloud Services,54.2,2026-03-05,Contacted,Follow-up Required,2026-10-01,SR04,,No
L0421,Wisp Industrial,Manufacturing,51-200,Mumbai,Cold Calling,DevOps,15.9,2026-03-05,Qualified,Follow-up Required,2026-10-04,SR06,,No
L0422,Pulse Systems,Healthcare,1-50,Bengaluru,LinkedIn,Digital Transformation,10.0,2026-03-05,Qualified,Follow-up Required,2026-09-23,SR04,,No
L0423,Solace Global,FinTech,1-50,Pune,Email Campaign,Cybersecurity,11.4,2026-03-05,Qualified,Waiting for Response,2026-09-26,SR02,,No
L0424,Chakra Pvt Ltd,E-commerce,1000+,Pune,LinkedIn,Cloud Services,1409.7,2026-03-05,Contacted,Follow-up Required,2026-10-05,SR09,,No
L0425,Neptune Labs,Healthcare,1-50,Delhi,Cold Calling,DevOps,8.4,2026-03-05,Qualified,Waiting for Response,2026-09-01,SR10,,No
L0426,Paragon Solutions,SaaS,201-500,Chennai,Events,Digital Transformation,130.5,2026-03-05,Meeting,Follow-up Required,2026-10-04,SR08,,No
L0427,Vertex Global,Retail,1-50,Ahmedabad,Events,Software Development,14.0,2026-03-05,New,Follow-up Required,2026-10-02,SR09,,No
L0428,Wavelet Commerce,E-commerce,1-50,Mumbai,Email Campaign,Cloud Services,9.8,2026-03-05,Contacted,Waiting for Response,2026-09-29,SR02,,No
L0429,Harbor Platforms,SaaS,51-200,Noida,LinkedIn,Cloud Services,38.7,2026-03-05,Meeting,Meeting Scheduled,2026-09-21,SR10,,No
L0430,Astra Solutions,HEALTHCARE,51-200,Bengaluru,Cold Calling,Digital Transformation,42.3,2026-03-06,Contacted,Waiting for Response,2026-09-17,SR08,,No
L0431,Kestrel Group,Manufacturing,51-200,Bengaluru,LinkedIn,Digital Transformation,26.0,2026-03-06,Qualified,Follow-up Required,2026-10-05,SR08,,No
L0432,Quartz Global,FinTech,1-50,Delhi,Cold Calling,Cybersecurity,4.8,2026-03-06,Proposal,Waiting for Response,2026-08-31,SR10,370000.0,No
L0433,Wavelet Global,E-commerce,1000+,Delhi,Website,Software Development,2853.3,2026-03-06,Contacted,Contacted,2026-09-04,SR01,,No
L0434,Oasis Labs,SaaS,201-500,Ahmedabad,LinkedIn,Digital Transformation,198.1,2026-03-06,Contacted,Contacted,2026-10-09,SR09,,No
L0435,Quest Supply Chain,Logistics,201-500,Jaipur,Events,DevOps,123.3,07/03/2026,New,Follow-up Required,2026-09-27,SR05,,No
L0436,Yash Systems,SaaS,201-500,Mumbai,Website,Digital Transformation,196.6,2026-03-07,Qualified,Follow-up Required,2026-09-05,SR09,,No
L0437,Lakshya Technologies,Education,51-200,Delhi,Email Campaign,Digital Transformation,43.5,07/03/2026,Proposal,Not Interested,,SR03,740000.0,No
L0438,Solace Wealth Tech,fintech,201-500,Pune,LinkedIn,Software Development,132.4,2026-03-07,Qualified,Not Interested,,SR09,,No
L0439,Pinnacle Networks ,FinTech,1-50,Ahmedabad,Google Search,Cloud Services,9.9,2026-03-07,New,Follow-up Required,2026-09-29,SR02,,No
L0440,Vayu Labs,FinTech,201-500,Hyderabad,LinkedIn,Cloud Services,46.1,2026-03-07,New,Follow-up Required,2026-09-19,SR08,,No
L0441,Ember Softech,Healthcare,1000+,Bengaluru,Cold Calling,Digital Transformation,800.8,2026-03-07,Contacted,Contacted,2026-10-04,SR04,,No
L0442,Bharat Enterprises,Education,201-500,Noida,LinkedIn,Digital Transformation,107.5,2026-03-08,New,Follow-up Required,2026-09-12,SR01,,No
L0443,Falcon Technologies ,Retail,201-500,Pune,Cold Calling,Cloud Services,147.6,2026-03-08,Contacted,Not Interested,,SR02,,No
L0444,Unity Softech,Healthcare,51-200,Delhi,Website,Cloud Services,45.8,2026-03-08,New,Follow-up Required,2026-09-23,SR03,,No
L0445,Dhruv Technologies,Retail,51-200,Gurgaon,Referral,Software Development,,2026-03-08,Meeting,Waiting for Response,2026-10-01,SR01,,No
L0446,Yash Platforms,SaaS,1-50,Mumbai,Website,DevOps,11.6,2026-03-08,New,Follow-up Required,2026-09-17,SR09,,No
L0447,Indus Labs,SaaS,51-200,Gurgaon,Referral,Cloud Services,33.4,2026-03-08,Contacted,Contacted,2026-10-08,SR01,,No
L0448,Spark Health,Healthcare,1-50,Bengaluru,LinkedIn,Software Development,9.4,2026-03-09,Qualified,Not Interested,,SR08,,No
L0449,Xenon Software,SaaS,1-50,Pune,Email Campaign,Cybersecurity,14.4,2026-03-09,Contacted,Not Interested,,SR09,,No
L0450,Meridian Technologies,Retail,201-500,Mumbai,Cold Calling,Cloud Services,106.3,2026-03-09,Won,Closed,,SR06,1000000.0,Yes
L0451,Solace Industries,Healthcare,1-50,Noida,linkedin,Digital Transformation,7.1,2026-03-09,New,Follow-up Required,2026-10-02,SR03,,No
L0452,Lakshya Enterprises,Logistics,201-500,Bengaluru,Cold Calling,Cybersecurity,66.8,2026-03-09,New,Follow-up Required,2026-09-13,SR04,,No
L0453,Prana Pvt Ltd ,FinTech,501-1000,Hyderabad,Cold Calling,Cloud Services,215.2,2026-03-09,Contacted,Not Interested,,SR04,,No
L0454,Falcon Finserv,FinTech ,51-200,Mumbai,LinkedIn,Cybersecurity,51.2,2026-03-09,Qualified,Meeting Scheduled,2026-09-25,SR06,,No
L0455,Bolt Manufacturing,Manufacturing,201-500,Jaipur,Referral,Digital Transformation,147.6,2026-03-09,Proposal,Waiting for Response,2026-10-03,SR03,1375000.0,No
L0456,Cobalt Softech,Education,1-50,Hyderabad,Cold Calling,Digital Transformation,5.3,2026-03-09,New,Follow-up Required,2026-10-05,SR04,,No
L0457,Kaveri Networks,E-commerce,1-50,,Referral,Cloud Services,5.4,2026-03-09,Qualified,Meeting Scheduled,2026-09-26,SR10,,No
L0458,Lotus Enterprises,E-commerce,51-200,Gurgaon,LinkedIn,Cloud Services,18.0,2026-03-10,Proposal,Waiting for Response,2026-10-10,SR01,305000.0,No
L0459,Bharat Pvt Ltd,SaaS ,1-50,Hyderabad,Website,Cloud Services,6.0,2026-03-10,Qualified,Follow-up Required,2026-09-21,SR04,,No
L0460,Rudra Systems,SaaS,201-500,Chennai,Website,Software Development,82.8,2026-03-10,Contacted,Follow-up Required,2026-09-19,SR08,,No
L0461,Cobalt Retail,Retail,1000+,Bengaluru,Email Campaign,Cloud Services,1474.2,2026-03-10,Contacted,Follow-up Required,2026-10-08,SR07,,No
L0462,Aurora Ventures,E-commerce,501-1000,Pune,Cold Calling,Cloud Services,425.8,2026-03-10,New,Follow-up Required,2026-09-25,SR09,,No
L0463,Quantum Networks,Education,51-200,Mumbai,Website,DevOps,53.0,2026-03-10,New,Follow-up Required,2026-09-30,SR09,,No
L0464,Yonder Industries,SaaS,1-50,Mumbai,LinkedIn,Cloud Services,3.8,2026-03-11,Qualified,Contacted,2026-09-28,SR02,,No
L0465,Uday Global,FinTech,1000+,Gurgaon,Referral,Cloud Services,903.4,2026-03-11,Won,Closed,,SR01,1540000.0,Yes
L0466,Sagar Technologies,Retail,51-200,Mumbai,LinkedIn,Software Development,55.7,2026-03-11,Contacted,Follow-up Required,2026-08-30,SR02,,No
L0467,Umbra Finserv,FinTech,201-500,Mumbai,Referral,Software Development,99.9,2026-03-11,Meeting,Waiting for Response,2026-09-04,SR06,,No
L0468,Kaveri Pvt Ltd,Logistics,1-50,Noida,LinkedIn,Cybersecurity,4.3,2026-03-11,New,Follow-up Required,2026-10-01,SR01,,No
L0469,Umbra Group,E-commerce,201-500,Gurugram,Cold Calling,Cloud Services,165.2,2026-03-11,New,Follow-up Required,2026-09-29,SR10,,No
L0470,Horizon Group,Manufacturing,1-50,Ahmedabad,LinkedIn,Software Development,3.6,2026-03-11,Contacted,Waiting for Response,2026-10-09,SR09,,No
L0471,Oasis Group,Logistics,201-500,Bengaluru,LinkedIn,DevOps,186.9,2026-03-11,Qualified,Not Interested,,SR07,,No
L0472,Spark Networks,SaaS,51-200,,Cold Calling,Cloud Services,35.9,2026-03-11,Proposal,Follow-up Required,2026-10-02,SR01,575000.0,No
L0473,Radiant Diagnostics,Healthcare,201-500,Bengaluru,Email Campaign,Digital Transformation,155.3,2026-03-11,Contacted,Follow-up Required,2026-09-23,SR08,,No
L0474,Vayu Industries,E-commerce,1-50,Pune,LinkedIn,Digital Transformation,10.9,2026-03-11,Qualified,Waiting for Response,2026-09-22,SR02,,No
L0475,Summit Technologies,Retail,501-1000,Gurgaon,Email Campaign,Cloud Services,,2026-03-11,Contacted,Waiting for Response,2026-08-31,SR03,,No
L0476,Lakshya Networks,FinTech,51-200,Mumbai ,Email Campaign,DevOps,58.7,2026-03-12,New,Follow-up Required,2026-09-19,SR02,,No
L0477,Dhruv Marketplace,E-commerce,51-200,Hyderabad,LinkedIn,Cybersecurity,21.9,2026-03-12,Qualified,Not Interested,,SR04,,No
L0478,Delta Labs,Education,201-500,Hyderabad,cold calling,Software Development,108.4,2026-03-12,Meeting,Waiting for Response,2026-09-29,SR07,,No
L0479,Pinnacle Systems,E-commerce,1-50,Jaipur,Website,Cybersecurity,9.6,2026-03-12,Meeting,Meeting Scheduled,2026-09-21,SR03,,No
L0480,Pinnacle Technologies,FinTech,501-1000,Bengaluru,Google Search,Software Development,572.5,2026-03-12,Meeting,Meeting Scheduled,2026-09-30,SR07,,No
L0481,Dhruv Ventures,Logistics,201-500,Bengaluru,LinkedIn,Software Development,,2026-03-12,Contacted,Follow-up Required,2026-09-25,SR04,,No
L0482,Mantra Retail,Retail,51-200,Gurgaon,Website,Software Development,32.9,2026-03-13,Contacted,Contacted,2026-09-18,SR03,,No
L0483,Novus Networks,FinTech,1-50,Delhi,LinkedIn,DevOps,10.9,2026-03-13,Won,Closed,,SR05,355000.0,Yes
L0484,Pulse Softech,Healthcare,201-500,Mumbai,LinkedIn,Cloud Services,60.5,2026-03-13,New,Follow-up Required,2026-09-25,SR09,,No
L0485,Xenon Care Systems,Healthcare,501-1000,Hyderabad,Events,Digital Transformation,195.0,2026-03-14,Contacted,Contacted,2026-09-09,SR08,,No
L0486,Yonder Pvt Ltd,Healthcare,1-50,Delhi,LinkedIn,Cybersecurity,2.7,2026-03-14,New,Follow-up Required,2026-09-21,SR05,,No
L0487,Prana Group,Retail,1000+,Delhi,LinkedIn,Digital Transformation,2740.3,2026-03-14,Won,Closed,,SR03,2475000.0,Yes
L0488,Xenon Diagnostics,Healthcare,201-500,Chennai ,Cold Calling,DevOps,40.2,2026-03-14,New,Follow-up Required,2026-09-25,SR04,,No
L0489,Echo Pvt Ltd,FinTech,51-200,Mumbai,Referral,Cloud Services,47.8,15/03/2026,New,Follow-up Required,2026-09-30,SR09,,No
L0490,Zenith Solutions,SaaS,1-50,Mumbai,Events,DevOps,14.4,15/03/2026,New,Follow-up Required,2026-09-27,SR09,,No
L0491,Radiant Systems,FinTech,51-200,Pune,Email Campaign,Cloud Services,12.8,2026-03-15,Qualified,Follow-up Required,2026-09-26,SR06,,No
L0492,Kestrel Enterprises,FinTech,1000+,Mumbai,Email Campaign,Cybersecurity,2492.8,2026-03-16,New,Follow-up Required,2026-09-20,SR06,,No
L0493,Lumina Labs,SaaS,501-1000,Mumbai,Email Campaign,DevOps,566.3,2026-03-16,Contacted,Follow-up Required,2026-10-01,SR06,,No
L0494,Loop Enterprises,FinTech,51-200,Delhi,Cold Calling,Cloud Services,37.3,2026-03-16,Meeting,Meeting Scheduled,2026-10-01,SR01,,No
L0495,Hive Systems,Logistics,201-500,Bengaluru,LinkedIn,Digital Transformation,123.2,2026-03-16,Proposal,Waiting for Response,2026-09-25,SR07,1035000.0,No
L0496,Narmada Networks,E-commerce,501-1000,Mumbai,Website,Cloud Services,282.5,2026-03-16,New,Follow-up Required,2026-09-29,SR06,,No
L0497,Yash Industries,Education,51-200,Gurgaon,LinkedIn,Software Development,38.9,2026-03-16,Proposal,Closed,,SR05,685000.0,No
L0498,Optima Group,E-commerce,201-500,Mumbai,Google Search,Software Development,193.8,2026-03-16,Meeting,Waiting for Response,2026-09-21,SR06,,No
L0499,Hive Enterprises,Logistics,201-500,,Cold Calling,Software Development,154.5,2026-03-17,Contacted,Follow-up Required,2026-10-03,SR08,,No
L0500,Harbor Cloudware,SaaS,51-200,Pune,Cold Calling,Cloud Services,30.7,17/03/2026,New,Follow-up Required,2026-09-26,SR09,,No
L0501,Harbor Health ,healthcare,51-200,Mumbai,Cold Calling,Digital Transformation,53.1,2026-03-17,Proposal,Not Interested,,SR09,625000.0,No
L0502,Titan Wealth Tech,FinTech,51-200,Chennai,Events,Digital Transformation,56.6,2026-03-17,Contacted,Contacted,2026-09-18,SR04,,No
L0503,Drift Logistics,Logistics,51-200,Hyderabad,LinkedIn,DevOps,46.8,2026-03-18,Meeting,Meeting Scheduled,2026-09-20,SR07,,No
L0504,Onyx Softech,e-commerce,51-200,Hyderabad ,Email Campaign,Cloud Services,40.8,2026-03-18,Contacted,Waiting for Response,2026-09-17,SR08,,No
L0505,Wavelet Labs,Education,501-1000,Noida,Cold Calling,Software Development,165.0,2026-03-18,Contacted,Follow-up Required,2026-10-05,SR05,,No
L0506,Horizon Industries,Manufacturing,1000+,Mumbai,Email Campaign,Digital Transformation,2313.6,2026-03-18,Meeting,Not Interested,,SR06,,No
L0507,Sagar Platforms,SaaS,201-500,Gurgaon,Referral,Cloud Services,72.2,2026-03-18,Contacted,Not Interested,,SR05,,No
L0508,Chakra Learning,Education,51-200,Bengaluru,Cold Calling,Digital Transformation,20.0,2026-03-18,New,Follow-up Required,2026-09-29,SR04,,No
L0509,Glide Softech,E-commerce,1-50,Mumbai,Cold Calling,DevOps,4.4,2026-03-18,New,Follow-up Required,2026-10-07,SR02,,No
L0510,Quantum Pvt Ltd,Retail,501-1000,Bengaluru,Website,Cybersecurity,381.6,2026-03-18,Contacted,Waiting for Response,2026-10-10,SR07,,No
L0511,Horizon Ventures,Healthcare,1-50,Pune,Google Search,Cybersecurity,7.7,2026-03-19,Qualified,Waiting for Response,2026-09-01,SR06,,No
L0512,Orbit Knowledge,education,51-200,New Delhi,LINKEDIN,Digital Transformation,57.9,2026-03-19,Contacted,Contacted,2026-09-27,SR05,,No
L0513,Ishaan Industrial,Manufacturing,201-500,Bengaluru,Cold Calling,Cybersecurity,141.1,2026-03-19,Qualified,Meeting Scheduled,2026-09-19,SR07,,No
L0514,Yash Labs,FinTech,501-1000,Jaipur,Website,Cybersecurity,346.4,2026-03-19,Meeting,Waiting for Response,2026-09-26,SR05,,No
L0515,Optima Global,Manufacturing,51-200,Mumbai,Email Campaign,Cybersecurity,41.1,2026-03-19,Contacted,Follow-up Required,2026-10-02,SR06,,No
L0516,Ridge Ventures,Healthcare ,501-1000,,Google Search,Software Development,548.4,2026-03-20,Qualified,Not Interested,,SR09,,No
L0517,Wisp Commerce,E-commerce,51-200,Mumbai,LinkedIn,Cloud Services,37.1,2026-03-20,Qualified,Follow-up Required,2026-09-20,SR02,,No
L0518,Thrive Group,Healthcare,501-1000,Gurgaon,Cold Calling,Cybersecurity,225.4,2026-03-20,Contacted,Contacted,2026-08-30,SR05,,No
L0519,Willow Solutions,Retail,201-500,Gurgaon,Email Campaign,Cloud Services,50.9,20/03/2026,New,Follow-up Required,2026-09-19,SR01,,No
L0520,Lumina Ventures,Logistics,51-200,Mumbai,referral,Digital Transformation,45.8,2026-03-20,Meeting,Meeting Scheduled,2026-09-24,SR09,,No
L0521,Alpine Global,Healthcare,1-50,Hyderabad,WEBSITE,Cybersecurity,4.0,2026-03-20,Contacted,Waiting for Response,2026-10-01,SR07,,No
L0522,Yonder Labs,E-commerce,1-50,Bengaluru,Cold Calling,Digital Transformation,11.8,2026-03-20,Contacted,Follow-up Required,2026-09-19,SR04,,No
L0523,Vertex Retail,Retail,501-1000,Mumbai,Referral,Cloud Services,337.0,2026-03-21,Contacted,Not Interested,,SR09,,No
L0524,Orbit Ventures,SAAS,51-200,Delhi,LinkedIn,Software Development,58.7,2026-03-21,New,Follow-up Required,2026-10-03,SR01,,No
L0525,Harbor Ventures,FinTech,201-500,Mumbai,Events,Cybersecurity,98.8,2026-03-21,Qualified,Follow-up Required,2026-09-18,SR06,,No
L0526,Zeal Networks,FinTech,201-500,Bengaluru,Cold Calling,Cybersecurity,132.5,21/03/2026,Qualified,Follow-up Required,2026-09-22,SR07,,No
L0527,Madhav Enterprises,E-commerce,51-200,Mumbai,Cold Calling,Cybersecurity,16.2,2026-03-21,New,Follow-up Required,2026-09-24,SR09,,No
L0528,Nimbus Softech,Logistics ,51-200,,Events,Digital Transformation,47.3,2026-03-21,Contacted,Waiting for Response,27/09/2026,SR10,,No
L0529,Xenon Systems,SaaS,51-200,Delhi,Google Search,Cloud Services,50.3,2026-03-21,Qualified,Follow-up Required,2026-09-20,SR01,,No
L0530,Vista Ventures,Education,51-200,,Cold Calling,Software Development,54.6,22/03/2026,New,Follow-up Required,2026-10-05,SR09,,No
L0531,Ion Payments,FinTech,501-1000,Hyderabad,Cold Calling,Digital Transformation,481.2,2026-03-22,New,Follow-up Required,2026-10-04,SR04,,No
L0532,Lumina MedTech ,Healthcare,1000+,Delhi,Referral,Software Development,2642.8,2026-03-22,Meeting,Follow-up Required,2026-09-28,SR10,,No
L0533,Vista Group,Healthcare,1000+,Chennai,Cold Calling,DevOps,1800.7,2026-03-22,Qualified,Meeting Scheduled,2026-09-23,SR07,,No
L0534,Drift Industries,Healthcare,1000+,Chennai ,Email Campaign,Cybersecurity,1354.0,2026-03-22,Proposal,Not Interested,,SR07,1820000.0,No
L0535,Loop Health,HEALTHCARE,501-1000,Delhi,Website,Software Development,519.7,2026-03-22,Qualified,Follow-up Required,2026-09-23,SR03,,No
L0536,Ember Wealth Tech,FinTech,51-200,Noida,Referral,DevOps,38.8,2026-03-23,Meeting,Meeting Scheduled,2026-09-22,SR10,,No
L0537,Tundra Payments,FinTech,51-200,Delhi,Website,Cloud Services,33.6,2026-03-23,Meeting,Waiting for Response,2026-09-11,SR05,,No
L0538,Gravity Pvt Ltd,Manufacturing,1000+,Delhi,Email Campaign,Digital Transformation,2071.3,2026-03-23,Contacted,Not Interested,,SR01,,No
L0539,Bluepeak Wealth Tech,FinTech,501-1000,Chennai,Cold Calling,DevOps,599.9,2026-03-23,Meeting,Waiting for Response,2026-10-07,SR08,,No
L0540,Flux Health,Healthcare,201-500,Jaipur,Cold Calling,Cybersecurity,110.5,2026-03-23,Contacted,Waiting for Response,2026-09-01,SR05,,No
L0541,Zeal Global,E-commerce,51-200,Delhi,LinkedIn,DevOps,13.7,2026-03-23,Contacted,Follow-up Required,2026-10-09,SR01,,No
L0542,Apex Systems,Healthcare,1-50,Bengaluru,Cold Calling,Digital Transformation,7.9,2026-03-23,Contacted,Waiting for Response,2026-10-01,SR08,,No
L0543,Astra Brands,Retail,51-200,Hyderabad,cold calling,Software Development,12.6,2026-03-24,New,Follow-up Required,2026-10-03,SR07,,No
L0544,Jade Group,Retail,501-1000,Hyderabad,Cold Calling,Cloud Services,,2026-03-24,Contacted,Follow-up Required,2026-09-29,SR07,,No
L0545,Echo Ventures,FinTech,201-500,Ahmedabad,Cold Calling,Cybersecurity,154.6,2026-03-24,New,Follow-up Required,2026-09-18,SR02,,No
L0546,Aurora Engineering,Manufacturing,1-50,Delhi,LinkedIn,Digital Transformation,4.5,2026-03-24,Qualified,Waiting for Response,2026-09-14,SR10,,No
L0547,Vayu Global,SaaS,501-1000,Hyderabad,LinkedIn,Digital Transformation,202.1,2026-03-24,Contacted,Waiting for Response,2026-09-28,SR04,,No
L0548,Umbra Ventures,Manufacturing,1-50,Gurgaon,Cold Calling,Digital Transformation,9.7,2026-03-24,Meeting,Not Interested,,SR03,,No
L0549,Aryan Industries,E-COMMERCE,201-500,Pune,Events,Software Development,144.6,2026-03-24,New,Follow-up Required,2026-09-19,SR06,,No
L0550,Neptune Global,Healthcare,1000+,Ahmedabad,Email Campaign,Software Development,,2026-03-24,Contacted,Contacted,2026-09-19,SR06,,No
L0551,Alpine Systems,E-commerce,51-200,Bengaluru,Website,Digital Transformation,55.6,2026-03-25,New,Follow-up Required,2026-09-23,SR08,,No
L0552,Vayu Softech,Retail,201-500,Bengaluru,Email Campaign,Cloud Services,,2026-03-25,New,Follow-up Required,2026-09-30,SR04,,No
L0553,Jolt Cloudware,SaaS,201-500,Delhi,LinkedIn,Cloud Services,114.9,2026-03-25,Won,Closed,,SR03,1305000.0,Yes
L0554,Titan Solutions, Healthcare,51-200,Delhi,Events,Software Development,23.6,2026-03-25,Contacted,Contacted,2026-09-19,SR05,,No
L0555,Evergreen Ventures,SaaS,51-200,Pune ,Google Search,DevOps,52.6,2026-03-25,Contacted,Contacted,2026-09-30,SR09,,No
L0556,Wavelet Industries,Logistics,201-500,Pune,Cold Calling,Digital Transformation,47.6,2026-03-25,Proposal,Follow-up Required,2026-08-31,SR02,1175000.0,No
L0557,Zephyr Industries,SaaS,1-50,Chennai,Referral,Cloud Services,11.2,2026-03-25,Won,Closed,,SR04,270000.0,Yes
L0558,Gravity Softech,Manufacturing,501-1000,Delhi,LinkedIn,DevOps,397.7,2026-03-25,Meeting,Meeting Scheduled,2026-09-26,SR03,,No
L0559,Himalaya Systems,Education,201-500,Delhi,LinkedIn,DevOps,75.9,2026-03-25,Meeting,Meeting Scheduled,2026-09-27,SR05,,No
L0560,Wisp Networks,FINTECH,51-200,Chennai,LinkedIn,Digital Transformation,43.5,2026-03-25,Contacted,Waiting for Response,2026-10-06,SR08,,No
L0561,Relay Pvt Ltd,Logistics,1-50,Gurgaon,Email Campaign,Digital Transformation,10.1,2026-03-25,New,Follow-up Required,2026-10-10,SR01,,No
L0562,Flux Global,Retail,51-200,Mumbai,Referral,Digital Transformation,56.4,26/03/2026,Contacted,Follow-up Required,2026-09-19,SR02,,No
L0563,Indus Software,saas,1-50,Pune,cold calling,DevOps,5.9,2026-03-26,New,Follow-up Required,2026-09-23,SR09,,No
L0564,Nimbus Enterprises,E-commerce,51-200,Bengaluru,Events,Software Development,21.2,2026-03-26,Meeting,Waiting for Response,2026-10-03,SR07,,No
L0565,Spark Retail,Retail,51-200,Bengaluru,Cold Calling,Software Development,15.8,2026-03-26,New,Follow-up Required,2026-10-02,SR08,,No
L0566,Umbra Global, Education,201-500,Delhi,Referral,Cybersecurity,123.8,2026-03-26,Won,Closed,,SR03,1060000.0,Yes
L0567,Alpine Technologies,Retail,1000+,Pune,Email Campaign,Digital Transformation,2303.0,2026-03-27,New,Follow-up Required,2026-09-20,SR09,,No
L0568,Umbra Labs,Retail,1-50,Mumbai ,Website,Digital Transformation,7.1,2026-03-27,Qualified,Follow-up Required,2026-09-06,SR02,,No
L0569,Meridian Cargo,Logistics,1000+,Ahmedabad,Referral,Cybersecurity,2965.4,2026-03-27,Meeting,Meeting Scheduled,2026-09-25,SR06,,No
L0570,Quantum Cloudware,SaaS,501-1000,Noida,Website,Cloud Services,310.7,2026-03-27,Qualified,Not Interested,,SR01,,No
L0571,Nimbus Technologies,Education,51-200,,Email Campaign,Cloud Services,22.9,2026-03-27,New,Follow-up Required,2026-09-21,SR10,,No
L0572,Ember Networks,FinTech,51-200,Delhi,Website,Cybersecurity,23.4,2026-03-27,Contacted,Follow-up Required,2026-09-26,SR05,,No
L0573,Yash Supply Chain,Logistics,1000+,Pune,Referral,Digital Transformation,664.5,2026-03-27,Contacted,Not Interested,,SR02,,No
L0574,Kestrel Finserv,fintech,201-500,Noida,Cold Calling,Cloud Services,194.3,2026-03-27,Proposal,Waiting for Response,24/09/2026,SR05,820000.0,No
L0575,Echo Enterprises,Manufacturing,1-50,Delhi,website,Digital Transformation,,2026-03-27,New,Follow-up Required,2026-09-21,SR10,,No
L0576,Spark Technologies,Healthcare,501-1000,Bengaluru,LinkedIn,Cybersecurity,353.0,2026-03-28,Qualified,Waiting for Response,2026-09-04,SR04,,No
L0577,Oasis Solutions,e-commerce,201-500,Ahmedabad,Cold Calling,Software Development,192.8,2026-03-28,Meeting,Not Interested,,SR02,,No
L0578,Prana Cargo,Logistics,51-200,Noida,Cold Calling,Digital Transformation,27.0,2026-03-28,Contacted,Waiting for Response,2026-10-03,SR01,,No
L0579,Cobalt Brands,Retail,201-500,Delhi,Cold Calling,Digital Transformation,50.8,2026-03-28,New,Follow-up Required,2026-09-25,SR03,,No
L0580,Yonder Global,FinTech,1-50,Chennai,Email Campaign,Cybersecurity,6.3,2026-03-28,Contacted,Follow-up Required,2026-09-20,SR04,,No
L0581,Helix Group,Education,1-50,Bengaluru,Cold Calling,Digital Transformation,2.4,2026-03-28,Contacted,Contacted,2026-09-19,SR04,,No
L0582,Vanguard Softech,MANUFACTURING,1000+,Delhi,Events,Cloud Services,578.1,2026-03-28,Contacted,Contacted,2026-09-14,SR01,,No
L0583,Kestrel Commerce,E-commerce,1-50,Bangalore,LinkedIn,Software Development,6.0,2026-03-28,New,Follow-up Required,2026-09-14,SR04,,No
L0584,Lotus Online,e-commerce,51-200,Pune,Google Search,Cloud Services,15.2,2026-03-28,Meeting,Waiting for Response,2026-10-07,SR09,,No
L0585,Pulse MedTech,Healthcare,201-500,Mumbai,Email Campaign,Cybersecurity,54.6,2026-03-28,Meeting,Waiting for Response,2026-10-06,SR09,,No
L0586,Sagar Health,Healthcare,201-500,Ahmedabad,Email Campaign,Cybersecurity,125.9,2026-03-28,New,Follow-up Required,2026-10-05,SR09,,No
L0587,Hive Labs,SaaS,1-50,Pune,Cold Calling,Cloud Services,14.6,2026-03-29,Contacted,Contacted,2026-10-02,SR09,,No
L0588,Bolt Global,E-commerce,51-200,Jaipur,Cold Calling,Software Development,14.6,2026-03-29,Contacted,Follow-up Required,2026-09-19,SR03,,No
L0589,Willow Pvt Ltd,FinTech,51-200,Mumbai,Google Search,DevOps,52.0,2026-03-29,Won,Closed,,SR02,310000.0,Yes
L0590,Titan Enterprises,Logistics ,201-500,Bengaluru,email campaign,Cybersecurity,109.1,2026-03-29,New,Follow-up Required,2026-10-10,SR08,,No
L0591,Helix Global,Logistics,201-500,Pune,LinkedIn,Cloud Services,83.5,2026-03-29,Meeting,Not Interested,,SR02,,No
L0592,Vivid Cloudware,SaaS,1-50,Chennai,Website,DevOps,14.0,2026-03-29,Qualified,Follow-up Required,2026-10-05,SR04,,No
L0593,Pulse Networks,Retail,1-50,Mumbai,LinkedIn,Software Development,10.5,2026-03-29,Contacted,Follow-up Required,2026-10-01,SR02,,No
L0594,Crest Components,Manufacturing,1-50,Bengaluru,Events,Digital Transformation,8.3,2026-03-29,Qualified,Contacted,2026-09-16,SR08,,No
L0595,Zest Systems,Education,51-200,Pune,LinkedIn,Cloud Services,45.1,2026-03-30,Meeting,Meeting Scheduled,2026-09-25,SR02,,No
L0596,Horizon Manufacturing,Manufacturing,51-200,Bengaluru,Google Search,Software Development,58.2,2026-03-30,Qualified,Not Interested,,SR04,,No
L0597,Banyan Softech,Healthcare,201-500,Hyderabad,Email Campaign,Digital Transformation,153.5,2026-03-30,New,Follow-up Required,2026-09-28,SR04,,No
L0598,Crest Care Systems,Healthcare,501-1000,Hyderabad,LinkedIn,Digital Transformation,504.6,2026-03-30,Qualified,Not Interested,,SR07,,No
L0599,Gravity Cloudware,SAAS,501-1000,Ahmedabad,LinkedIn,Cloud Services,455.1,2026-03-30,Meeting,Waiting for Response,2026-09-23,SR09,,No
L0600,Cedar Technologies,Manufacturing,1-50,Gurgaon,Website,Cloud Services,12.0,2026-03-30,Contacted,Follow-up Required,2026-09-13,SR10,,No
L0601,Tundra Commerce,E-commerce,51-200,Jaipur,LinkedIn,Cybersecurity,19.5,2026-03-30,Qualified,Waiting for Response,26/09/2026,SR01,,No
L0602,Crest Group,Healthcare,201-500,Bengaluru,Website,Digital Transformation,162.2,2026-03-31,Meeting,Not Interested,,SR04,,No
L0603,Vista Systems,E-commerce,201-500,Chennai,Email Campaign,DevOps,124.1,2026-03-31,Contacted,Contacted,2026-09-25,SR08,,No
L0604,Lotus Systems,Education,1-50,Mumbai,Cold Calling,Cloud Services,14.2,2026-03-31,New,Follow-up Required,2026-09-23,SR02,,No
L0605,Trident Retail,Retail,51-200,Mumbai,Cold Calling,DevOps,32.9,2026-03-31,Contacted,Waiting for Response,2026-09-14,SR06,,No
L0606,Zeal Group,SaaS,1-50,Gurugram,Google Search,DevOps,12.0,2026-03-31,New,Follow-up Required,2026-10-05,SR01,,No
L0607,Uday Pvt Ltd,E-commerce,1000+,Bengaluru,LinkedIn,Software Development,1611.9,2026-03-31,Proposal,Closed,,SR07,1980000.0,No
L0608,Vertex Industrial,Manufacturing,501-1000,Pune,Events,Cloud Services,484.1,2026-03-31,New,Follow-up Required,2026-10-03,SR09,,No
L0609,Gravity Solutions,SaaS,51-200,Mumbai,Website,Software Development,49.1,2026-03-31,Meeting,Contacted,2026-10-06,SR09,,No
L0610,Mosaic Diagnostics,Healthcare,51-200,Ahmedabad,EMAIL CAMPAIGN,Cybersecurity,31.7,2026-04-01,Meeting,Meeting Scheduled,2026-09-25,SR09,,No
L0611,Gravity Systems,FINTECH,201-500,Delhi,linkedin,Cybersecurity,193.5,2026-04-01,Proposal,Not Interested,,SR01,905000.0,No
L0612,Loop Finserv,FinTech,1-50,Bengaluru,Google Search,Software Development,11.7,2026-04-01,Qualified,Contacted,2026-09-09,SR07,,No
L0613,Flux Mart,Retail,51-200,Bangalore,linkedin,Cybersecurity,13.8,2026-04-01,Won,Closed,,SR08,760000.0,Yes
L0614,Urban Software,SaaS,201-500,Mumbai,Cold Calling,Software Development,57.7,2026-04-01,Contacted,Follow-up Required,2026-09-08,SR09,,No
L0615,Neptune Networks,SAAS,1000+,Bengaluru,Cold Calling,Software Development,2785.2,2026-04-01,New,Follow-up Required,2026-09-26,SR04,,No
L0616,Yash Health,Healthcare,201-500,Hyderabad,Google Search,Cybersecurity,178.7,2026-04-01,Won,Closed,,SR04,1060000.0,Yes
L0617,Crest Wealth Tech,FinTech,51-200,Chennai,Events,Digital Transformation,47.9,2026-04-02,Contacted,Waiting for Response,2026-09-30,SR04,,No
L0618,Rudra Group,E-commerce,201-500,Ahmedabad,Email Campaign,DevOps,62.7,2026-04-02,New,Follow-up Required,2026-09-22,SR09,,No
L0619,Hive Industries,E-commerce,201-500,Jaipur,Events,Cloud Services,182.9,2026-04-02,New,Follow-up Required,2026-09-15,SR10,,No
L0620,Urban Technologies,Healthcare,201-500,Gurgaon,Email Campaign,DevOps,73.9,2026-04-02,Meeting,Meeting Scheduled,2026-09-23,SR10,,No
L0621,Unity Systems,Healthcare,201-500,Pune,Website,Software Development,139.8,2026-04-02,New,Follow-up Required,2026-09-26,SR06,,No
L0622,Flux Enterprises,Education,1-50,Chennai,Website,Digital Transformation,,2026-04-03,Proposal,Waiting for Response,2026-09-25,SR04,420000.0,No
L0623,Zeal Labs,Education,1000+,Pune,LinkedIn,DevOps,2105.3,2026-04-03,Contacted,Waiting for Response,2026-09-25,SR06,,No
L0624,Wavelet Payments,FinTech,1-50,Bengaluru,Website,DevOps,7.5,2026-04-03,Contacted,Follow-up Required,2026-09-19,SR08,,No
L0625,Mantra Apps,SaaS,1-50,Chennai,Cold Calling,DevOps,,2026-04-03,New,Follow-up Required,2026-09-26,SR04,,No
L0626,Ekam Technologies,Education,501-1000,Hyderabad,Events,Software Development,596.9,2026-04-03,Proposal,Not Interested,,SR08,2140000.0,No
L0627,Wisp Softech,Manufacturing,51-200,Mumbai,Email Campaign,Software Development,22.0,2026-04-03,New,Follow-up Required,2026-10-04,SR09,,No
L0628,Jade Networks,SaaS,501-1000,Delhi,Cold Calling,Cloud Services,,2026-04-03,New,Follow-up Required,2026-09-19,SR05,,No
L0629,Glide Labs,SaaS,1-50,Bengaluru,LinkedIn,Cloud Services,8.1,2026-04-03,Qualified,Not Interested,,SR04,,No
L0630,Chakra Technologies,Retail,201-500,Hyderabad,Email Campaign,Digital Transformation,79.2,2026-04-04,New,Follow-up Required,2026-10-01,SR08,,No
L0631,Garuda Networks,Education,201-500,Gurgaon,Website,Digital Transformation,81.6,2026-04-04,Contacted,Follow-up Required,2026-10-01,SR01,,No
L0632,Onyx Ventures,Manufacturing,501-1000,Mumbai,Referral,Digital Transformation,333.8,2026-04-04,New,Follow-up Required,2026-09-20,SR09,,No
L0633,Horizon Networks,Manufacturing,201-500,Bengaluru,Events,Digital Transformation,69.0,2026-04-04,Qualified,Waiting for Response,2026-09-19,SR04,,No
L0634,Nimbus Group ,E-commerce,51-200,Mumbai,Cold Calling,Digital Transformation,49.0,2026-04-04,Contacted,Waiting for Response,2026-09-19,SR09,,No
L0635,Prism Cloudware,SaaS,51-200,Bengaluru,Referral,Cybersecurity,56.5,2026-04-04,New,Follow-up Required,2026-09-05,SR07,,No
L0636,Tundra Global,FinTech,1-50,Delhi,Referral,Digital Transformation,12.4,2026-04-04,Contacted,Waiting for Response,2026-09-02,SR05,,No
L0637,Novus Technologies,Healthcare,1000+,Hyderabad,Referral,Digital Transformation,1149.8,2026-04-04,Proposal,Not Interested,,SR07,1815000.0,No
L0638,Bharat Engineering ,Manufacturing,1000+,Gurgaon,Email Campaign,Digital Transformation,2809.4,2026-04-04,Qualified,Contacted,2026-09-30,SR05,,No
L0639,Vertex Networks,Education,1-50,Delhi,LinkedIn,Cybersecurity,14.8,2026-04-05,New,Follow-up Required,2026-08-31,SR03,,No
L0640,Lumina Capital Tech,FinTech,1000+,Bengaluru,Cold Calling,Cybersecurity,2720.4,2026-04-05,Contacted,Follow-up Required,2026-09-25,SR04,,No
L0641,Titan Ventures,FinTech,201-500,Delhi,cold calling,Software Development,87.0,2026-04-05,Meeting,Waiting for Response,2026-09-06,SR10,,No
L0642,Mantra Industries,Manufacturing,1-50,Bengaluru,Email Campaign,DevOps,11.3,2026-04-05,Qualified,Contacted,2026-09-15,SR07,,No
L0643,Echo Software,SaaS ,1-50,Gurgaon,Email Campaign,Cybersecurity,13.9,2026-04-05,New,Follow-up Required,2026-09-27,SR10,,No
L0644,Paragon Cargo,Logistics,1000+,Delhi,email campaign,Digital Transformation,1148.1,2026-04-05,New,Follow-up Required,2026-09-25,SR10,,No
L0645,Banyan Solutions,FinTech,51-200,Bengaluru,LinkedIn,Digital Transformation,32.6,2026-04-05,Contacted,Not Interested,,SR08,,No
L0646,Quest Software,SaaS,201-500,Delhi,Google Search,Cloud Services,106.9,2026-04-05,Meeting,Waiting for Response,2026-10-10,SR03,,No
L0647,Solace Ventures,E-commerce,51-200,Delhi,Referral,Cloud Services,27.8,2026-04-06,Meeting,Not Interested,,SR05,,No
L0648,Novus Ventures,Logistics,1-50,Mumbai,Referral,Digital Transformation,4.1,2026-04-06,Contacted,Waiting for Response,2026-10-06,SR06,,No
L0649,Delta Capital Tech,FinTech,501-1000,Chennai,Cold Calling,Cloud Services,506.5,2026-04-06,Contacted,Contacted,2026-09-22,SR08,,No
L0650,Umbra Industrial,Manufacturing,501-1000,Gurgaon,Cold Calling,Cloud Services,,2026-04-06,Contacted,Waiting for Response,2026-10-06,SR05,,No
L0651,Nimbus Care Systems,Healthcare,201-500,Delhi,LinkedIn,Cybersecurity,137.2,2026-04-06,Contacted,Follow-up Required,2026-10-06,SR01,,No
L0652,Kinetic Ventures,E-commerce,1-50,Delhi,Email Campaign,Software Development,14.3,2026-04-06,Contacted,Not Interested,,SR10,,No
L0653,Ekam Industries,FinTech,1000+,Delhi,Website,Digital Transformation,915.7,2026-04-06,Won,Closed,,SR01,1860000.0,Yes
L0654,Aurora Group,Healthcare,201-500,Bengaluru,Cold Calling,Cybersecurity,91.4,2026-04-06,Proposal,Waiting for Response,2026-10-08,SR04,870000.0,No
L0655,Banyan Enterprises,SaaS,1000+,Gurugram,LinkedIn,Cloud Services,1358.1,2026-04-06,Contacted,Follow-up Required,2026-09-08,SR01,,No
L0656,Lotus Pvt Ltd,Education,501-1000,Delhi,LinkedIn,Cloud Services,404.4,2026-04-06,New,Follow-up Required,2026-09-16,SR05,,No
L0657,Uday Software,SaaS,51-200,Delhi,LinkedIn,Software Development,39.6,2026-04-07,Contacted,Contacted,2026-10-05,SR03,,No
L0658,Dhruv Solutions,Manufacturing,1-50,Noida ,LinkedIn,Digital Transformation,4.9,2026-04-07,Qualified,Waiting for Response,2026-10-10,SR10,,No
L0659,Paragon Finserv,FinTech,1000+,Delhi,LinkedIn,Cybersecurity,760.5,2026-04-07,Meeting,Follow-up Required,2026-10-04,SR01,,No
L0660,Astra Technologies,Retail,51-200,Mumbai,Website,Cloud Services,50.0,2026-04-07,Contacted,Follow-up Required,2026-10-08,SR06,,No
L0661,Zest Labs,Education,1-50,Bengaluru,Website,Digital Transformation,7.4,2026-04-07,Contacted,Waiting for Response,2026-10-10,SR08,,No
L0662,Kestrel Labs,Healthcare,501-1000,Pune,Events,Cybersecurity,306.8,2026-04-08,Proposal,Waiting for Response,2026-09-26,SR06,1995000.0,No
L0663,Flux Systems,Healthcare,501-1000,Bengaluru,Website,Cybersecurity,363.1,2026-04-08,Contacted,Waiting for Response,2026-09-28,SR07,,No
L0664,Mosaic Enterprises,SaaS,1-50,Hyderabad,Referral,DevOps,2.4,2026-04-08,Contacted,Contacted,2026-09-20,SR07,,No
L0665,Lakshya Marketplace,e-commerce,1-50,Hyderabad,Referral,Cybersecurity,4.5,2026-04-08,Won,Closed,,SR07,190000.0,Yes
L0666,Hive Global,Logistics,51-200,Bengaluru,Cold Calling,Cybersecurity,20.7,2026-04-08,Contacted,Contacted,2026-10-09,SR08,,No
L0667,Vivid Finserv,FinTech,1-50,Hyderabad,Website,Software Development,4.8,2026-04-08,Contacted,Not Interested,,SR08,,No
L0668,Orbit Industrial,Manufacturing,51-200,Noida,Referral,Cloud Services,48.3,2026-04-08,Meeting,Not Interested,,SR10,,No
L0669,Kaveri Manufacturing,Manufacturing,51-200,Bengaluru,Email Campaign,Digital Transformation,27.4,2026-04-08,Contacted,Contacted,2026-09-23,SR07,,No
L0670,Yash Mart,Retail,1-50,Mumbai ,LinkedIn,Cloud Services,6.9,2026-04-08,New,Follow-up Required,19/09/2026,SR06,,No
L0671,Zest Retail,Retail,51-200,Noida,Google Search,Cloud Services,21.3,2026-04-08,Won,Closed,,SR03,695000.0,Yes
L0672,Lotus Knowledge,Education,1-50,Bengaluru,LinkedIn,Digital Transformation,13.5,2026-04-09,New,Follow-up Required,2026-09-04,SR04,,No
L0673,Paragon Mart,Retail,51-200,Chennai,Referral,Digital Transformation,20.9,2026-04-09,Qualified,Contacted,2026-09-30,SR04,,No
L0674,Mantra Solutions,Healthcare,201-500,Bengaluru,Email Campaign,Digital Transformation,60.1,2026-04-09,Contacted,Waiting for Response,2026-09-28,SR08,,No
L0675,Jolt Enterprises,Retail,51-200,Jaipur,Cold Calling,Cybersecurity,55.7,2026-04-09,New,Follow-up Required,2026-09-19,SR01,,No
L0676,Trident Technologies,SaaS,1000+,Mumbai,Email Campaign,DevOps,867.0,2026-04-09,New,Follow-up Required,2026-10-08,SR06,,No
L0677,Oasis Softech,FinTech,501-1000,Delhi,Google Search,Cybersecurity,457.9,2026-04-09,Meeting,Meeting Scheduled,2026-09-21,SR01,,No
L0678,Alpine Diagnostics,Healthcare,501-1000,Pune,LinkedIn,Cybersecurity,582.5,2026-04-09,Won,Closed,,SR09,1345000.0,Yes
L0679,Kestrel Technologies,SaaS,1-50,Jaipur,Email Campaign,Software Development,2.0,2026-04-09,Qualified,Contacted,2026-10-05,SR10,,No
L0680,Wavelet Technologies,SaaS,51-200,Gurgaon,Cold Calling,Software Development,45.7,2026-04-09,New,Follow-up Required,2026-10-05,SR03,,No
L0681,Hive Technologies,SaaS,51-200,Bengaluru,Email Campaign,Cloud Services,25.2,2026-04-09,Qualified,Waiting for Response,2026-10-01,SR04,,No
L0682,Orbit Industries,SaaS,201-500,Bengaluru,Cold Calling,DevOps,94.1,2026-04-09,Meeting,Meeting Scheduled,2026-09-20,SR04,,No
L0683,Mantra Pvt Ltd,FinTech,501-1000,Mumbai,Website,Digital Transformation,477.5,2026-04-09,Won,Closed,,SR06,1240000.0,Yes
L0684,Unity Pvt Ltd,Retail,501-1000,Bengaluru,linkedin,Cloud Services,322.6,2026-04-10,Qualified,Waiting for Response,2026-08-30,SR04,,No
L0685,Alpine Industries,Education,51-200,Bangalore,Email Campaign,Software Development,25.0,2026-04-10,New,Follow-up Required,2026-09-05,SR07,,No
L0686,Novus Manufacturing,Manufacturing,51-200,Mumbai,Google Search,Software Development,46.3,2026-04-10,Contacted,Not Interested,,SR09,,No
L0687,Garuda Softech,FinTech,51-200,Hyderabad,Cold Calling,Cloud Services,39.1,2026-04-10,Qualified,Meeting Scheduled,2026-09-22,SR08,,No
L0688,Helix Networks,SaaS,51-200,Delhi,Email Campaign,Cloud Services,17.5,2026-04-10,Won,Closed,,SR05,435000.0,Yes
L0689,Chakra Networks,FinTech,51-200,Hyderabad,Cold Calling,Cloud Services,18.1,2026-04-10,Contacted,Not Interested,,SR04,,No
L0690,Tundra Ventures,fintech,51-200,Delhi,Email Campaign,Software Development,42.7,2026-04-10,Qualified,Waiting for Response,2026-09-23,SR01,,No
L0691,Quantum Academy Systems,Education,1000+,Mumbai,Email Campaign,Cybersecurity,2955.9,2026-04-10,Contacted,Contacted,2026-10-06,SR09,,No
L0692,Thrive Ventures,Healthcare,201-500,Bengaluru,Google Search,Digital Transformation,150.5,2026-04-10,Contacted,Follow-up Required,2026-09-27,SR07,,No
L0693,Drift Online,E-commerce,51-200,Pune,LinkedIn,DevOps,38.4,2026-04-10,Qualified,Waiting for Response,2026-09-21,SR06,,No
L0694,Unity Global,Healthcare,201-500,Chennai,LinkedIn,Cybersecurity,,10/04/2026,New,Follow-up Required,20/09/2026,SR07,,No
L0695,Radiant Enterprises,healthcare,51-200,Delhi,Google Search,Digital Transformation,42.1,2026-04-10,Qualified,Follow-up Required,2026-09-28,SR03,,No
L0696,Thrive Labs,Logistics,51-200,Hyderabad,Cold Calling,Software Development,57.4,2026-04-10,Meeting,Follow-up Required,2026-09-30,SR08,,No
L0697,Unity Industries,SaaS,1-50,Pune,LinkedIn,Cloud Services,14.4,2026-04-11,Meeting,Meeting Scheduled,2026-09-28,SR06,,No
L0698,Lakshya Ventures,Logistics,501-1000,Gurgaon,Email Campaign,Cybersecurity,293.8,2026-04-11,Proposal,Follow-up Required,2026-09-19,SR10,1980000.0,No
L0699,Madhav Technologies,Healthcare,201-500,Mumbai,Google Search,Digital Transformation,146.2,2026-04-11,Meeting,Meeting Scheduled,2026-09-20,SR06,,No
L0700,Kaveri Enterprises,Manufacturing,51-200,Hyderabad,Referral,Digital Transformation,60.0,2026-04-11,New,Follow-up Required,2026-10-10,SR07,,No
L0701,Bluepeak Industries,SaaS,1-50,Bengaluru,Cold Calling,DevOps,3.6,2026-04-11,Qualified,Follow-up Required,2026-09-29,SR07,,No
L0702,Neptune Group,E-commerce,1-50,Mumbai,Events,Digital Transformation,7.5,2026-04-11,Won,Closed,,SR09,335000.0,Yes
L0703,Madhav Softech,SaaS,1-50,Gurgaon,Referral,DevOps,10.2,2026-04-11,Contacted,Waiting for Response,2026-09-02,SR05,,No
L0704,Lumina Knowledge,Education,1-50,,Cold Calling,DevOps,8.6,2026-04-12,Qualified,Follow-up Required,2026-09-20,SR02,,No
L0705,Mosaic Systems,SAAS,1-50,Mumbai,Email Campaign,Cybersecurity,10.6,2026-04-12,New,Follow-up Required,2026-09-19,SR02,,No
L0706,Urban Ventures,Retail,201-500,Ahmedabad ,Email Campaign,Digital Transformation,123.6,2026-04-12,Qualified,Waiting for Response,2026-09-29,SR02,,No
L0707,Glide Cloudware,SaaS,1-50,Hyderabad,LinkedIn,Digital Transformation,4.2,2026-04-12,Meeting,Waiting for Response,2026-09-10,SR08,,No
L0708,Crest Payments, FinTech,1-50,Bengaluru,Referral,Cloud Services,3.7,2026-04-12,Meeting,Waiting for Response,2026-09-30,SR08,,No
L0709,Horizon Enterprises,FinTech,1-50,Bengaluru,LinkedIn,DevOps,3.1,2026-04-13,Meeting,Not Interested,,SR08,,No
L0710,Vivid Solutions,education,501-1000,Mumbai,Email Campaign,Digital Transformation,163.9,2026-04-13,Qualified,Contacted,2026-10-09,SR06,,No
L0711,Alpine Labs,Retail,1000+,Noida,Events,Cybersecurity,2729.9,13/04/2026,Qualified,Follow-up Required,2026-09-14,SR01,,No
L0712,Radiant Technologies,Retail,201-500,Bangalore,Email Campaign,Cybersecurity,70.7,2026-04-13,Qualified,Not Interested,,SR08,,No
L0713,Kaveri Global,Retail,51-200,Ahmedabad,LinkedIn,Cloud Services,21.0,2026-04-13,New,Follow-up Required,2026-10-10,SR06,,No
L0714,Lotus Networks,Manufacturing,501-1000,Pune,Referral,Cloud Services,,2026-04-13,Qualified,Waiting for Response,2026-10-09,SR06,,No
L0715,Oasis Apps,SaaS,201-500,Mumbai,Email Campaign,Software Development,109.5,2026-04-13,Proposal,Follow-up Required,2026-09-25,SR09,1145000.0,No
L0716,Umbra Industries, Logistics,1-50,Mumbai,Referral,Cloud Services,2.1,2026-04-13,Qualified,Not Interested,,SR02,,No
L0717,Sagar Payments,FinTech,1-50,New Delhi,Events,Cybersecurity,11.6,2026-04-13,New,Follow-up Required,2026-09-26,SR05,,No
L0718,Sapphire Mart,Retail,201-500,Jaipur,LinkedIn,Software Development,93.0,2026-04-13,Contacted,Waiting for Response,2026-10-07,SR03,,No
L0719,Astra Apps,SaaS,1000+,Bengaluru,Cold Calling,Digital Transformation,2402.1,2026-04-14,Contacted,Waiting for Response,2026-09-20,SR08,,No
L0720,Wisp Pvt Ltd,Retail,201-500,Pune,Cold Calling,Digital Transformation,129.2,2026-04-14,New,Follow-up Required,2026-10-08,SR06,,No
L0721,Garuda Ventures,Healthcare,501-1000,Hyderabad,cold calling,Digital Transformation,319.6,2026-04-14,New,Follow-up Required,2026-09-16,SR08,,No
L0722,Meridian Components,Manufacturing,1-50,Bengaluru,Email Campaign,Digital Transformation,,2026-04-14,Contacted,Follow-up Required,2026-10-08,SR08,,No
L0723,Aryan Ventures,E-commerce,501-1000,Chennai,Events,Software Development,547.7,2026-04-14,Meeting,Not Interested,,SR04,,No
L0724,Ridge Group,FinTech,1-50,Delhi,Website,Cybersecurity,2.4,2026-04-15,Contacted,Contacted,2026-09-03,SR03,,No
L0725,Lotus Industries,Healthcare,201-500,Ahmedabad,LinkedIn,Digital Transformation,121.2,2026-04-15,Contacted,Contacted,2026-08-30,SR06,,No
L0726,Jolt Labs,Manufacturing,201-500,Bengaluru,Google Search,Software Development,200.0,2026-04-15,Won,Closed,,SR04,1175000.0,Yes
L0727,Prana Health,Healthcare,51-200,Mumbai,Referral,Cybersecurity,38.1,2026-04-15,Proposal,Waiting for Response,2026-09-29,SR02,585000.0,No
L0728,Lakshya Softech,FinTech,201-500,Mumbai,LinkedIn,Cybersecurity,,2026-04-15,Qualified,Waiting for Response,2026-09-29,SR02,,No
L0729,Neptune Softech,SaaS,1-50,Mumbai,cold calling,Digital Transformation,13.8,2026-04-15,New,Follow-up Required,2026-10-08,SR06,,No
L0730,Alpine Manufacturing,Manufacturing,51-200,Delhi,Email Campaign,Digital Transformation,31.7,2026-04-15,Contacted,Waiting for Response,2026-10-03,SR05,,No
L0731,Wisp Industries,Logistics,201-500,Mumbai,LinkedIn,Cybersecurity,173.3,2026-04-15,Qualified,Follow-up Required,2026-09-28,SR02,,No
L0732,Ekam Solutions,E-commerce,1000+,Bengaluru,Cold Calling,Software Development,1230.6,2026-04-15,Qualified,Contacted,2026-09-19,SR08,,No
L0733,Banyan Global,E-commerce,1-50,Hyderabad,Website,Cloud Services,5.4,2026-04-15,Contacted,Not Interested,,SR04,,No
L0734,Garuda Solutions,SaaS,201-500,Bengaluru,Cold Calling,Cloud Services,134.6,2026-04-15,New,Follow-up Required,2026-09-26,SR04,,No
L0735,Relay Group,SaaS,201-500,Bengaluru,Email Campaign,Cybersecurity,194.4,2026-04-16,Contacted,Waiting for Response,2026-09-21,SR07,,No
L0736,Ridge Stores,Retail,201-500,Chennai,Cold Calling,Digital Transformation,155.1,2026-04-16,New,Follow-up Required,2026-10-02,SR08,,No
L0737,Lumina Stores ,Retail,1-50,Delhi,LinkedIn,Cloud Services,13.8,2026-04-16,New,Follow-up Required,2026-09-19,SR03,,No
L0738,Dhruv Enterprises,FinTech,1-50,Delhi,Cold Calling,Cybersecurity,,2026-04-16,Contacted,Waiting for Response,2026-10-09,SR03,,No
L0739,Aryan Networks,Retail,1-50,Bengaluru,Referral,Digital Transformation,8.7,2026-04-16,Meeting,Follow-up Required,2026-09-21,SR07,,No
L0740,Uday Freight,Logistics,51-200,Mumbai,Events,Software Development,25.6,2026-04-16,Qualified,Contacted,2026-09-22,SR06,,No
L0741,Willow Global,Retail,51-200,Bengaluru,Referral,Software Development,38.2,2026-04-16,Qualified,Waiting for Response,2026-09-30,SR04,,No
L0742,Jade Softech, FinTech,1000+,Hyderabad,Cold Calling,Cybersecurity,1994.6,16/04/2026,New,Follow-up Required,2026-09-22,SR07,,No
L0743,Himalaya Industries,Healthcare,501-1000,Pune,LinkedIn,Cloud Services,436.5,2026-04-16,Qualified,Follow-up Required,2026-09-25,SR02,,No
L0744,Thrive Capital Tech,FinTech,1-50,Hyderabad,LinkedIn,Cloud Services,2.1,2026-04-16,Contacted,Follow-up Required,2026-09-08,SR04,,No
L0745,Jade Ventures,E-commerce,1000+,Bengaluru,Cold Calling,DevOps,1803.3,2026-04-16,Proposal,Not Interested,,SR04,1850000.0,No
L0746,Evergreen Technologies,FinTech,201-500,Pune,Website,Cybersecurity,,16/04/2026,Contacted,Waiting for Response,2026-09-20,SR02,,No
L0747,Lotus Care Systems,Healthcare,51-200,Hyderabad,LinkedIn,Cybersecurity,34.4,2026-04-16,Qualified,Waiting for Response,2026-09-30,SR08,,No
L0748,Relay Supply Chain,Logistics,1000+,Bengaluru,Cold Calling,Software Development,1735.9,2026-04-17,Contacted,Contacted,2026-10-09,SR04,,No
L0749,Himalaya Softech,Healthcare,1-50,Delhi,LinkedIn,Cloud Services,4.0,2026-04-17,Meeting,Waiting for Response,2026-09-22,SR03,,No
L0750,Prism Supply Chain,Logistics,201-500,Pune,LinkedIn,Software Development,99.8,2026-04-17,Proposal,Not Interested,,SR02,665000.0,No
L0751,Falcon Cloudware,SaaS,1-50,Delhi,Events,Cloud Services,12.2,2026-04-17,Contacted,Waiting for Response,2026-09-23,SR01,,No
L0752,Mantra Global,e-commerce,501-1000,Delhi,LinkedIn,DevOps,183.8,2026-04-17,Contacted,Contacted,2026-10-03,SR05,,No
L0753,Bharat Labs,FinTech,51-200,Chennai,LinkedIn,Cloud Services,49.7,2026-04-17,New,Follow-up Required,2026-09-21,SR08,,No
L0754,Bolt Knowledge,Education,201-500,Delhi,LinkedIn,Cloud Services,,2026-04-17,New,Follow-up Required,2026-09-19,SR10,,No
L0755,Thrive Industries,SaaS,201-500,Ahmedabad,Events,Software Development,157.5,2026-04-17,Meeting,Contacted,2026-09-04,SR06,,No
L0756,Yonder Enterprises,Education,201-500,Bengaluru,Cold Calling,Cloud Services,127.7,2026-04-18,Contacted,Waiting for Response,2026-09-30,SR04,,No
L0757,Delta Group,Retail,51-200,Bengaluru,Cold Calling,Cloud Services,53.3,2026-04-18,Contacted,Not Interested,,SR07,,No
L0758,Titan Pvt Ltd,FinTech,501-1000,Hyderabad,EMAIL CAMPAIGN,Cloud Services,370.2,2026-04-18,Proposal,Waiting for Response,2026-09-30,SR08,1615000.0,No
L0759,Sagar Supply Chain,Logistics,201-500,Mumbai,Google Search,Digital Transformation,174.8,2026-04-18,New,Follow-up Required,2026-09-20,SR06,,No
L0760,Ishaan Wealth Tech,FinTech,201-500,Ahmedabad,Referral,Cloud Services,94.0,2026-04-18,Qualified,Meeting Scheduled,2026-09-23,SR09,,No
L0761,Ember Industrial,manufacturing,51-200,Bengaluru,Cold Calling,Software Development,26.4,2026-04-18,New,Follow-up Required,2026-09-17,SR07,,No
L0762,Zest Logistics,Logistics,1000+,Hyderabad,Referral,Cloud Services,1485.0,2026-04-18,Meeting,Not Interested,,SR07,,No
L0763,Drift Enterprises,Retail,201-500,Mumbai,LinkedIn,Digital Transformation,121.4,18/04/2026,Qualified,Waiting for Response,2026-09-28,SR02,,No
L0764,Meridian Networks,SaaS,51-200,Bengaluru,Website,Software Development,30.6,2026-04-19,Contacted,Follow-up Required,2026-09-07,SR04,,No
L0765,Yash Softech,SaaS,51-200,Chennai,Referral,Cybersecurity,29.5,2026-04-19,Proposal,Closed,,SR04,370000.0,No
L0766,Ekam Finserv,FinTech,1-50,Bengaluru,Cold Calling,Cybersecurity,4.9,2026-04-19,Contacted,Waiting for Response,2026-09-19,SR04,,No
L0767,Relay Labs,FinTech,201-500,Bengaluru,Events,Cybersecurity,70.0,2026-04-19,Qualified,Waiting for Response,2026-09-20,SR07,,No
L0768,Uday Softech,FinTech,1-50,Mumbai,LinkedIn,Cybersecurity,11.0,2026-04-19,Proposal,Closed,,SR02,365000.0,No
L0769,Jolt Freight,Logistics,1000+,Gurgaon,LinkedIn,Software Development,2733.2,2026-04-19,Meeting,Waiting for Response,2026-09-19,SR05,,No
L0770,Kaveri Group,E-commerce,1-50,Gurgaon,Email Campaign,Cloud Services,9.5,2026-04-19,New,Follow-up Required,2026-10-05,SR10,,No
L0771,Solace Technologies,SaaS,1-50,Jaipur ,Referral,Cybersecurity,11.7,2026-04-19,Proposal,Closed,,SR05,290000.0,No
L0772,Aryan EdTech,Education,201-500,Gurgaon,Cold Calling,Software Development,46.3,2026-04-19,Contacted,Follow-up Required,2026-10-06,SR05,,No
L0773,Willow Softech,FinTech,1-50,Bengaluru,Referral,Digital Transformation,5.7,2026-04-19,Qualified,Waiting for Response,2026-09-23,SR08,,No
L0774,Ekam Ventures,FinTech,1-50,Delhi,cold calling,Cloud Services,11.8,2026-04-20,Qualified,Waiting for Response,2026-10-01,SR05,,No
L0775,Gravity Global,Retail,201-500,Delhi,Referral,DevOps,48.4,2026-04-20,Proposal,Not Interested,,SR05,560000.0,No
L0776,Mantra Ventures,Retail,201-500,Mumbai,Cold Calling,Software Development,63.7,2026-04-20,Contacted,Contacted,2026-09-24,SR06,,No
L0777,Onyx Technologies,SaaS,201-500,Jaipur ,Cold Calling,Cloud Services,42.0,2026-04-20,Meeting,Meeting Scheduled,2026-10-02,SR03,,No
L0778,Loop Softech,Healthcare,1-50,Mumbai,Cold Calling,Cybersecurity,3.2,2026-04-20,Contacted,Follow-up Required,2026-09-20,SR06,,No
L0779,Chakra Enterprises,FinTech,1-50,Gurgaon,Website,Cloud Services,7.6,2026-04-20,Qualified,Contacted,2026-09-28,SR05,,No
L0780,Pinnacle Industries,Manufacturing,1000+,Delhi,Referral,DevOps,1934.3,2026-04-20,Won,Closed,,SR10,1380000.0,Yes
L0781,Jade Labs,Healthcare,51-200,Hyderabad,Email Campaign,Software Development,42.9,2026-04-20,Qualified,Waiting for Response,2026-09-23,SR04,,No
L0782,Wisp Wealth Tech,FinTech,51-200,Bengaluru,Referral,Cybersecurity,49.0,2026-04-21,Meeting,Not Interested,,SR08,,No
L0783,Falcon Health,Healthcare,1-50,Delhi,google search,Cybersecurity,4.0,2026-04-21,Qualified,Waiting for Response,2026-09-22,SR03,,No
L0784,Quantum Enterprises,E-commerce,51-200,Chennai,Cold Calling,Software Development,57.2,2026-04-21,Contacted,Follow-up Required,2026-09-25,SR07,,No
L0785,Nexora Pvt Ltd,E-commerce,501-1000,Hyderabad,Cold Calling,Digital Transformation,442.7,2026-04-21,Proposal,Not Interested,,SR07,1205000.0,No
L0786,Apex Diagnostics,Healthcare,51-200,Mumbai,Referral,Cybersecurity,29.6,2026-04-21,Contacted,Contacted,2026-09-27,SR09,,No
L0787,Narmada Ventures,SaaS ,1-50,Bengaluru,Email Campaign,Cloud Services,6.7,2026-04-21,Meeting,Meeting Scheduled,2026-09-24,SR04,,No
L0788,Bharat EdTech,Education,201-500,Bengaluru,Email Campaign,Cloud Services,,2026-04-21,Qualified,Waiting for Response,2026-10-09,SR07,,No
L0789,Novus Cargo,Logistics,501-1000,Hyderabad ,Email Campaign,Cloud Services,,2026-04-21,Contacted,Follow-up Required,2026-09-25,SR08,,No
L0790,Dhruv Global,Logistics,51-200,Bengaluru,LinkedIn,Software Development,32.5,2026-04-21,Qualified,Waiting for Response,2026-09-21,SR07,,No
L0791,Bharat Wealth Tech,FinTech,201-500,Bengaluru,Cold Calling,Digital Transformation,103.3,2026-04-22,Contacted,Contacted,2026-10-04,SR04,,No
L0792,Kinetic Global,Healthcare,51-200,Delhi,Events,Cloud Services,29.0,2026-04-22,Qualified,Meeting Scheduled,2026-10-03,SR03,,No
L0793,Uday Systems,Healthcare,201-500,Ahmedabad,Cold Calling,Software Development,160.2,2026-04-22,Contacted,Follow-up Required,2026-09-21,SR02,,No
L0794,Unity Enterprises,Retail,201-500,,LinkedIn,Cloud Services,197.2,2026-04-22,Contacted,Follow-up Required,2026-09-01,SR01,,No
L0795,Hive Commerce,E-commerce,51-200,Gurgaon,Website,Digital Transformation,29.5,2026-04-22,Contacted,Contacted,2026-10-07,SR01,,No
L0796,Mosaic Retail,Retail,51-200,Delhi,Cold Calling,Digital Transformation,40.4,2026-04-23,Contacted,Follow-up Required,2026-09-17,SR05,,No
L0797,Ekam Cargo,Logistics,201-500,Ahmedabad,LinkedIn,Digital Transformation,91.3,2026-04-23,Qualified,Follow-up Required,2026-10-08,SR06,,No
L0798,Astra Software,SaaS,1-50,Delhi,Email Campaign,Cybersecurity,13.1,2026-04-23,Contacted,Waiting for Response,2026-09-21,SR03,,No
L0799,Evergreen Global,Retail,201-500,New Delhi,Email Campaign,Cloud Services,53.4,2026-04-23,Qualified,Waiting for Response,2026-10-01,SR01,,No
L0800,Zeal Apps,SaaS,201-500,Hyderabad,Email Campaign,Cloud Services,58.7,2026-04-23,Meeting,Waiting for Response,2026-10-04,SR04,,No
L0801,Relay Industries,E-commerce,51-200,Hyderabad,LinkedIn,Cloud Services,47.9,2026-04-23,Won,Closed,,SR04,570000.0,Yes
L0802,Sagar Global,Retail,1000+,Jaipur,LinkedIn,Cybersecurity,2039.0,2026-04-23,Contacted,Contacted,2026-09-29,SR03,,No
L0803,Sagar Industries,FinTech,51-200,Bengaluru,Email Campaign,Software Development,28.5,2026-04-24,New,Follow-up Required,2026-10-09,SR04,,No
L0804,Cobalt Stores,Retail,501-1000,Jaipur,EVENTS,Cloud Services,480.7,2026-04-24,New,Follow-up Required,2026-09-13,SR03,,No
L0805,Prana Networks,Manufacturing,1-50,Pune,Website,Digital Transformation,5.6,2026-04-24,Contacted,Follow-up Required,2026-09-22,SR09,,No
L0806,Evergreen Industries,FinTech,1-50,Delhi,LinkedIn,DevOps,13.0,2026-04-24,Contacted,Waiting for Response,2026-10-10,SR01,,No
L0807,Cobalt Cloudware,SaaS,1-50,Hyderabad,Google Search,Software Development,2.1,2026-04-25,New,Follow-up Required,2026-09-26,SR04,,No
L0808,Prana Industries,Manufacturing,51-200,Delhi,Google Search,Digital Transformation,51.4,2026-04-25,Contacted,Waiting for Response,2026-10-01,SR01,,No
L0809,Wisp Solutions,FinTech,51-200,Chennai,Email Campaign,DevOps,52.3,2026-04-25,Qualified,Waiting for Response,2026-09-22,SR04,,No
L0810,Lumina Industries,E-commerce,1-50,Mumbai,Referral,Digital Transformation,11.2,2026-04-25,New,Follow-up Required,2026-09-26,SR09,,No
L0811,Ekam Enterprises,Manufacturing,1000+,Hyderabad,Events,Digital Transformation,1212.2,2026-04-26,Meeting,Not Interested,,SR08,,No
L0812,Nimbus Online,E-commerce,501-1000,Delhi,Events,Software Development,520.9,2026-04-26,Qualified,Waiting for Response,2026-09-15,SR01,,No
L0813,Unity Solutions ,Healthcare,1-50,Delhi,Referral,Software Development,9.8,2026-04-26,Won,Closed,,SR01,205000.0,Yes
L0814,Delta Networks,Manufacturing,1-50,Chennai,Referral,DevOps,9.9,2026-04-26,Proposal,Waiting for Response,2026-10-02,SR07,180000.0,No
L0815,Zest MedTech,Healthcare,501-1000,Chennai,Google Search,Digital Transformation,173.9,2026-04-26,Contacted,Contacted,2026-09-27,SR04,,No
L0816,Astra Retail,Retail,1000+,Jaipur,Events,Cybersecurity,1514.0,2026-04-26,Proposal,Follow-up Required,2026-09-28,SR05,1830000.0,No
L0817,Astra Cloudware,SaaS,1-50,Gurgaon,Referral,Cloud Services,11.6,2026-04-26,Qualified,Follow-up Required,2026-09-19,SR10,,No
L0818,Banyan Retail Tech,E-commerce,201-500,Mumbai,Cold Calling,Cloud Services,170.1,2026-04-26,Proposal,Not Interested,,SR09,700000.0,No
L0819,Helix Freight,Logistics,1000+,Delhi,LinkedIn,Software Development,1846.1,2026-04-27,New,Follow-up Required,2026-08-30,SR05,,No
L0820,Apex Group,E-commerce,51-200,Hyderabad,Cold Calling,Digital Transformation,30.6,2026-04-27,New,Follow-up Required,2026-10-09,SR07,,No
L0821,Flux Capital Tech,FINTECH,1-50,Chennai,Cold Calling,Cloud Services,6.1,2026-04-27,Qualified,Follow-up Required,2026-09-23,SR07,,No
L0822,Pinnacle Mart,Retail,1-50,Mumbai,email campaign,Digital Transformation,6.8,2026-04-27,New,Follow-up Required,2026-09-22,SR09,,No
L0823,Mosaic Ventures,Healthcare,1-50,Mumbai,Cold Calling,Digital Transformation,4.7,2026-04-27,Contacted,Follow-up Required,2026-09-22,SR06,,No
L0824,Meridian Capital Tech,FinTech,1-50,Bengaluru,EVENTS,Cybersecurity,8.3,2026-04-28,Qualified,Contacted,2026-10-10,SR08,,No
L0825,Lumina Software,SaaS,201-500,Mumbai,Events,Cybersecurity,184.2,2026-04-28,Won,Closed,,SR02,1385000.0,Yes
L0826,Yonder Freight,Logistics,51-200,Chennai,Events,Software Development,13.4,2026-04-28,Proposal,Not Interested,,SR04,450000.0,No
L0827,Yash Stores,Retail,201-500,Hyderabad,Cold Calling,Software Development,59.5,2026-04-28,Contacted,Follow-up Required,2026-09-01,SR07,,No
L0828,Apex Solutions,Education,1000+,Hyderabad,Referral,Cloud Services,2942.0,2026-04-28,Qualified,Follow-up Required,2026-09-17,SR04,,No
L0829,Paragon Systems,FinTech,1-50,Ahmedabad,Email Campaign,Cybersecurity,5.0,2026-04-28,New,Follow-up Required,2026-10-07,SR06,,No
L0830,Prana Industrial,Manufacturing,1-50,Jaipur,Email Campaign,Software Development,13.1,2026-04-28,Qualified,Waiting for Response,2026-10-04,SR03,,No
L0831,Vanguard Networks,SaaS,1000+,Delhi,Website,Digital Transformation,2737.0,2026-04-28,New,Follow-up Required,2026-10-10,SR05,,No
L0832,Zephyr Health,Healthcare,1000+,Jaipur,Referral,Digital Transformation,1546.7,2026-04-28,New,Follow-up Required,2026-10-05,SR03,,No
L0833,Lotus Technologies,E-commerce,501-1000,Bengaluru,Events,Cloud Services,296.1,2026-04-29,Contacted,Waiting for Response,2026-10-05,SR08,,No
L0834,Sapphire Academy Systems,Education,201-500,Pune,Email Campaign,DevOps,186.9,2026-04-29,New,Follow-up Required,2026-09-26,SR06,,No
L0835,Vanguard Solutions,fintech,51-200,Delhi,LinkedIn,Software Development,28.6,2026-04-29,Contacted,Contacted,2026-09-19,SR05,,No
L0836,Summit Industries,Logistics,201-500,Bengaluru,Google Search,DevOps,74.3,2026-04-29,Qualified,Contacted,2026-09-21,SR08,,No
L0837,Drift MedTech,Healthcare,201-500,Noida,Website,Digital Transformation,72.9,2026-04-29,New,Follow-up Required,2026-09-19,SR03,,No
L0838,Flux MedTech,Healthcare,201-500,Noida,Cold Calling,Cybersecurity,118.6,2026-04-29,Contacted,Not Interested,,SR01,,No
L0839,Ishaan Enterprises,Manufacturing,1-50,Gurugram,Cold Calling,Cloud Services,13.4,2026-04-29,Contacted,Contacted,2026-08-30,SR10,,No
L0840,Lumina Global,SaaS,1000+,Mumbai,LinkedIn,Cloud Services,2978.3,2026-04-30,Proposal,Follow-up Required,2026-10-03,SR09,2280000.0,No
L0841,Helix Industries,Education,51-200,Mumbai ,Cold Calling,Cybersecurity,30.2,2026-04-30,Qualified,Not Interested,,SR06,,No
L0842,Quest Solutions,saas,51-200,Delhi,Cold Calling,Cloud Services,15.4,2026-04-30,New,Follow-up Required,2026-09-25,SR10,,No
L0843,Cedar Softech,FinTech,51-200,Hyderabad,Cold Calling,Cloud Services,,2026-04-30,Contacted,Follow-up Required,2026-09-30,SR08,,No
L0844,Ishaan Brands ,Retail,1-50,Bengaluru,LinkedIn,Cybersecurity,,2026-04-30,New,Follow-up Required,2026-09-08,SR07,,No
L0845,Helix Supply Chain,LOGISTICS,1000+,Ahmedabad,Cold Calling,DevOps,1942.8,2026-04-30,New,Follow-up Required,2026-10-07,SR09,,No
L0846,Mantra Logistics,Logistics,201-500,Bengaluru,Cold Calling,Cloud Services,54.3,2026-04-30,Contacted,Waiting for Response,2026-10-08,SR07,,No
L0847,Helix Systems,FinTech,1-50,Bangalore,Cold Calling,Cloud Services,3.7,2026-04-30,Contacted,Waiting for Response,2026-09-19,SR08,,No
L0848,Bluepeak Systems,Manufacturing,201-500,Pune,LinkedIn,Digital Transformation,73.9,2026-04-30,Meeting,Meeting Scheduled,2026-10-03,SR02,,No
L0849,Lakshya Labs,E-commerce,501-1000,Mumbai,Email Campaign,Software Development,423.4,2026-05-01,New,Follow-up Required,2026-09-27,SR02,,No
L0850,Ember Group,SaaS,501-1000,Delhi,Cold Calling,Cloud Services,477.0,2026-05-01,Proposal,Follow-up Required,2026-09-19,SR01,1200000.0,No
L0851,Gravity Networks,Education,51-200,Chennai,Website,Cloud Services,31.2,2026-05-01,Contacted,Follow-up Required,2026-10-01,SR07,,No
L0852,Ishaan Global,Retail,501-1000,Mumbai,Google Search,Cybersecurity,511.0,2026-05-01,Contacted,Waiting for Response,2026-10-05,SR09,,No
L0853,Umbra Technologies,Retail,51-200,Mumbai,email campaign,DevOps,57.4,2026-05-01,Contacted,Follow-up Required,2026-09-19,SR02,,No
L0854,Cedar Global,Retail,51-200,Pune,google search,Cloud Services,56.2,2026-05-01,Proposal,Not Interested,,SR09,780000.0,No
L0855,Echo Apps,SaaS,1-50,Delhi,Email Campaign,Cybersecurity,,2026-05-02,Qualified,Not Interested,,SR01,,No
L0856,Zenith Ventures,Healthcare,201-500,Delhi,Website,Digital Transformation,152.3,2026-05-02,Proposal,Waiting for Response,2026-09-19,SR01,1480000.0,No
L0857,Summit Global,Logistics,1-50,Mumbai,LinkedIn,Software Development,8.8,2026-05-02,Contacted,Contacted,2026-10-07,SR09,,No
L0858,Unity Apps,SaaS,501-1000,Delhi,LinkedIn,Cybersecurity,313.1,2026-05-02,Contacted,Contacted,2026-10-05,SR10,,No
L0859,Neptune Ventures,Manufacturing,201-500,Mumbai,LinkedIn,Digital Transformation,131.9,2026-05-02,Won,Closed,,SR06,1350000.0,Yes
L0860,Alpine Group,SaaS,51-200,Gurgaon,Cold Calling,DevOps,11.3,2026-05-02,Meeting,Follow-up Required,2026-09-19,SR03,,No
L0861,Bharat Ventures,Healthcare,1-50,,LinkedIn,Digital Transformation,3.9,2026-05-02,Won,Closed,,SR10,425000.0,Yes
L0862,Vivid Technologies,SaaS,201-500,Mumbai,LinkedIn,DevOps,104.6,2026-05-02,Qualified,Follow-up Required,2026-09-21,SR09,,No
L0863,Ember Industries,E-commerce,501-1000,Mumbai,Website,Cybersecurity,525.0,2026-05-02,Qualified,Waiting for Response,2026-09-19,SR09,,No
L0864,Bharat Softech,FinTech,1-50,Chennai,Cold Calling,Cloud Services,11.3,2026-05-03,Qualified,Follow-up Required,2026-09-29,SR07,,No
L0865,Kinetic MedTech,HEALTHCARE,51-200,Hyderabad,Cold Calling,Cloud Services,18.0,2026-05-03,Contacted,Waiting for Response,2026-09-19,SR07,,No
L0866,Wisp Ventures,E-commerce,201-500,Mumbai,Email Campaign,Cloud Services,127.4,2026-05-03,Contacted,Follow-up Required,2026-09-20,SR09,,No
L0867,Flux Stores,Retail,1-50,Ahmedabad,Cold Calling,Digital Transformation,11.6,2026-05-03,New,Follow-up Required,2026-09-19,SR06,,No
L0868,Alpine Apps,SaaS,1-50,Bengaluru,Cold Calling,Cybersecurity,13.0,2026-05-03,Meeting,Contacted,2026-09-14,SR04,,No
L0869,Dhruv Softech,Healthcare,201-500,Delhi,referral,Digital Transformation,174.9,2026-05-03,Won,Closed,,SR10,1505000.0,Yes
L0870,Thrive Retail,Retail,51-200,Chennai,LinkedIn,Digital Transformation,11.3,2026-05-03,Qualified,Follow-up Required,2026-10-10,SR07,,No
L0871,Ekam Brands,RETAIL,501-1000,Pune,linkedin,Cloud Services,588.4,2026-05-03,Meeting,Meeting Scheduled,2026-09-21,SR02,,No
L0872,Pinnacle Enterprises,SaaS,51-200,Hyderabad,linkedin,Software Development,14.3,2026-05-03,Qualified,Follow-up Required,2026-09-22,SR08,,No
L0873,Willow Systems,E-commerce,1000+,Gurgaon,Email Campaign,DevOps,2183.5,2026-05-04,Qualified,Follow-up Required,2026-09-24,SR01,,No
L0874,Umbra Systems,Education,1000+,Bengaluru,cold calling,Digital Transformation,2559.8,2026-05-05,Qualified,Meeting Scheduled,2026-09-21,SR07,,No
L0875,Himalaya Solutions,Education,51-200,Hyderabad,Referral,Software Development,24.9,2026-05-05,Won,Closed,,SR08,490000.0,Yes
L0876,Relay Software,SaaS,501-1000,Noida,Website,Software Development,320.0,2026-05-05,Qualified,Not Interested,,SR10,,No
L0877,Mosaic Freight,Logistics,201-500,Mumbai,Website,Cybersecurity,156.1,2026-05-05,New,Follow-up Required,2026-09-19,SR06,,No
L0878,Bluepeak Pvt Ltd,SaaS,201-500,Hyderabad,Cold Calling,Cloud Services,130.1,2026-05-05,New,Follow-up Required,2026-09-03,SR07,,No
L0879,Ekam Pvt Ltd,E-commerce,51-200,Mumbai,Cold Calling,Cloud Services,31.7,2026-05-05,Qualified,Follow-up Required,2026-09-20,SR06,,No
L0880,Hive Pvt Ltd,E-commerce,51-200,Chennai,LinkedIn,Cloud Services,41.9,2026-05-05,Contacted,Follow-up Required,2026-09-29,SR07,,No
L0881,Pinnacle Global,Retail,501-1000,Mumbai,Google Search,Digital Transformation,153.5,2026-05-05,Qualified,Contacted,2026-09-05,SR09,,No
L0882,Kaveri Labs,FinTech,51-200,Pune,Website,Cybersecurity,45.6,2026-05-06,Meeting,Contacted,2026-10-10,SR06,,No
L0883,Urban Enterprises,Manufacturing,201-500,Gurgaon,Email Campaign,Digital Transformation,87.9,2026-05-06,Contacted,Not Interested,,SR05,,No
L0884,Zephyr Pvt Ltd,Retail,1-50,Hyderabad ,Website,Software Development,3.9,2026-05-06,Qualified,Follow-up Required,2026-09-26,SR07,,No
L0885,Cobalt Solutions,SaaS,1-50,Bengaluru,Email Campaign,Cybersecurity,4.3,2026-05-06,Meeting,Not Interested,,SR04,,No
L0886,Bharat Group,Healthcare,51-200,Hyderabad,Website,Cloud Services,28.8,2026-05-06,New,Follow-up Required,2026-09-29,SR04,,No
L0887,Harbor Retail Tech,E-commerce ,1-50,Jaipur,Cold Calling,Cloud Services,13.0,2026-05-06,Contacted,Follow-up Required,2026-10-02,SR03,,No
L0888,Vivid Global,SaaS,1-50,Bengaluru,Referral,Software Development,4.9,2026-05-06,Qualified,Not Interested,,SR08,,No
L0889,Vertex Care Systems,Healthcare,501-1000,Delhi,Cold Calling,Cybersecurity,448.0,2026-05-07,Won,Closed,,SR05,1960000.0,Yes
L0890,Helix Ventures,E-commerce,1-50,Bengaluru,LinkedIn,Cloud Services,14.5,2026-05-07,Qualified,Meeting Scheduled,2026-10-02,SR07,,No
L0891,Quest Finserv,fintech,51-200,Delhi,Website,Cloud Services,29.9,2026-05-07,Qualified,Follow-up Required,2026-09-26,SR05,,No
L0892,Falcon Softech,SaaS,201-500,Delhi,Cold Calling,Software Development,,2026-05-07,New,Follow-up Required,2026-09-19,SR03,,No
L0893,Spark Online,E-commerce,201-500,Chennai,Cold Calling,Software Development,108.4,2026-05-07,Qualified,Follow-up Required,2026-09-22,SR07,,No
L0894,Harbor Logistics,Logistics,1-50,Delhi,LinkedIn,Digital Transformation,3.7,2026-05-07,Proposal,Waiting for Response,2026-09-10,SR01,325000.0,No
L0895,Alpine Enterprises ,FinTech,51-200,Chennai,Google Search,Cybersecurity,36.4,2026-05-07,Qualified,Contacted,2026-10-03,SR07,,No
L0896,Urban Freight,logistics,51-200,Chennai,Cold Calling,Cloud Services,49.7,2026-05-07,New,Follow-up Required,2026-09-21,SR08,,No
L0897,Wisp Online,E-commerce,1-50,Chennai,LinkedIn,Software Development,13.6,2026-05-07,New,Follow-up Required,2026-10-03,SR04,,No
L0898,Unity Group,FinTech,51-200,Mumbai,LinkedIn,Cloud Services,33.8,2026-05-07,New,Follow-up Required,2026-09-29,SR09,,No
L0899,Orbit Retail,Retail,51-200,Noida,Website,Cloud Services,45.7,2026-05-07,New,Follow-up Required,2026-09-09,SR03,,No
L0900,Aurora Industries,Retail,51-200,Jaipur,LinkedIn,Software Development,32.9,2026-05-07,Qualified,Follow-up Required,2026-09-26,SR03,,No
L0901,Urban Softech,SaaS,51-200,Mumbai,Cold Calling,Software Development,,2026-05-08,Meeting,Contacted,2026-09-23,SR02,,No
L0902,Narmada Stores,Retail,201-500,Delhi,Referral,Digital Transformation,188.6,2026-05-08,Meeting,Not Interested,,SR01,,No
L0903,Novus Commerce,E-commerce,51-200,New Delhi,Cold Calling,Software Development,30.5,2026-05-08,New,Follow-up Required,30/09/2026,SR03,,No
L0904,Cobalt Industries,Logistics,201-500,,Events,Cloud Services,179.8,2026-05-08,New,Follow-up Required,2026-10-10,SR05,,No
L0905,Sapphire Ventures,Education,1000+,Pune,LinkedIn,Digital Transformation,1173.0,2026-05-08,Qualified,Follow-up Required,2026-10-03,SR02,,No
L0906,Oasis Pvt Ltd,SaaS,501-1000,Delhi,LinkedIn,Cloud Services,591.7,2026-05-08,New,Follow-up Required,2026-09-22,SR01,,No
L0907,Pinnacle Payments,FinTech,51-200,Pune,Google Search,Cloud Services,57.3,2026-05-08,Won,Closed,,SR06,445000.0,Yes
L0908,Quartz Enterprises,EDUCATION,1-50,Bengaluru,Events,Digital Transformation,2.7,2026-05-08,Contacted,Follow-up Required,2026-10-10,SR04,,No
L0909,Crest Ventures,FinTech,51-200,Noida,LinkedIn,Cybersecurity,37.0,2026-05-08,New,Follow-up Required,2026-10-01,SR10,,No
L0910,Zenith MedTech,Healthcare,51-200,Mumbai ,Referral,Software Development,33.8,2026-05-08,Proposal,Not Interested,,SR02,660000.0,No
L0911,Dhruv Industries,Education,1-50,Hyderabad,Google Search,Software Development,7.0,2026-05-09,Meeting,Meeting Scheduled,2026-09-23,SR04,,No
L0912,Nexora Softech,Manufacturing,51-200,Hyderabad,Cold Calling,Digital Transformation,38.9,2026-05-09,Contacted,Contacted,2026-09-23,SR07,,No
L0913,Ion Technologies,E-commerce,1-50,Chennai,Cold Calling,Software Development,,2026-05-09,Meeting,Follow-up Required,2026-09-28,SR07,,No
L0914,Vertex MedTech, Healthcare,201-500,Jaipur,Email Campaign,Cloud Services,181.6,2026-05-09,Contacted,Not Interested,,SR10,,No
L0915,Vivid Components,Manufacturing,201-500,Ahmedabad,Website,DevOps,128.7,2026-05-10,Proposal,Follow-up Required,2026-10-03,SR09,980000.0,No
L0916,Narmada Marketplace ,E-commerce,1-50,Mumbai,Cold Calling,Software Development,9.6,2026-05-10,Contacted,Contacted,2026-09-28,SR06,,No
L0917,Summit Ventures,saas,201-500,Chennai ,EVENTS,Software Development,189.8,10/05/2026,Qualified,Follow-up Required,2026-09-07,SR07,,No
L0918,Wisp Technologies,SaaS,1-50,Pune,Cold Calling,Cloud Services,9.0,2026-05-10,Contacted,Follow-up Required,2026-09-28,SR09,,No
L0919,Kinetic Freight,Logistics,1000+,Jaipur,Referral,Cybersecurity,887.1,2026-05-10,Qualified,Waiting for Response,2026-10-01,SR10,,No
L0920,Cedar Group,Manufacturing,51-200,Mumbai,Email Campaign,DevOps,10.2,2026-05-10,New,Follow-up Required,2026-09-24,SR02,,No
L0921,Sapphire Industries,Manufacturing,51-200,Gurgaon,Google Search,Cloud Services,20.2,2026-05-10,New,Follow-up Required,2026-09-14,SR10,,No
L0922,Apex Technologies,SaaS,201-500,Pune,Google Search,Digital Transformation,125.8,2026-05-10,New,Follow-up Required,2026-09-15,SR06,,No
L0923,Rudra Industries,SaaS,1-50,Pune,Events,Cloud Services,8.3,2026-05-10,Proposal,Not Interested,,SR09,370000.0,No
L0924,Prism Pvt Ltd,FinTech,201-500,Pune,LinkedIn,Cloud Services,124.1,2026-05-10,Meeting,Contacted,2026-09-25,SR06,,No
L0925,Summit Enterprises,E-commerce,501-1000,Pune,Referral,Cloud Services,498.1,2026-05-11,Qualified,Follow-up Required,2026-09-06,SR09,,No
L0926,Madhav Finserv,FinTech,501-1000,Pune,Referral,Software Development,383.7,2026-05-11,Meeting,Contacted,2026-09-22,SR06,,No
L0927,Chakra Retail Tech,E-commerce,51-200,Jaipur,Events,Cloud Services,42.2,2026-05-11,Meeting,Not Interested,,SR03,,No
L0928,Garuda Technologies,Retail,51-200,Mumbai,Events,Digital Transformation,16.2,2026-05-11,Qualified,Follow-up Required,2026-09-29,SR02,,No
L0929,Harbor Care Systems,Healthcare,201-500,Mumbai,Google Search,Cloud Services,65.4,2026-05-11,New,Follow-up Required,2026-09-27,SR02,,No
L0930,Prana Labs,Healthcare,501-1000,New Delhi,Google Search,Digital Transformation,284.6,2026-05-12,New,Follow-up Required,2026-10-04,SR10,,No
L0931,Ember Components,Manufacturing,1000+,Jaipur ,Cold Calling,Digital Transformation,1493.2,2026-05-12,New,Follow-up Required,2026-09-23,SR05,,No
L0932,Loop Solutions,Retail,1000+,Bengaluru,Website,Digital Transformation,536.5,2026-05-12,Contacted,Follow-up Required,2026-10-10,SR04,,No
L0933,Yash Global,Manufacturing,51-200,Hyderabad,LinkedIn,Cybersecurity,26.4,2026-05-12,Contacted,Waiting for Response,2026-09-19,SR04,,No
L0934,Lumina Softech,FinTech,1-50,Mumbai,Events,Cybersecurity,3.5,2026-05-12,Proposal,Waiting for Response,2026-09-27,SR06,290000.0,No
L0935,Unity Software,SaaS,201-500,Mumbai,Cold Calling,Cybersecurity,122.2,2026-05-12,Contacted,Waiting for Response,2026-10-09,SR06,,No
L0936,Zeal Components,Manufacturing,51-200,Delhi,Cold Calling,Digital Transformation,50.6,2026-05-12,Contacted,Waiting for Response,2026-10-01,SR01,,No
L0937,Pulse Ventures,Healthcare,51-200,Hyderabad,LinkedIn,Cybersecurity,33.5,2026-05-12,Won,Closed,,SR04,630000.0,Yes
L0938,Uday Logistics, Logistics,201-500,Bengaluru,Cold Calling,Software Development,124.7,2026-05-13,Contacted,Follow-up Required,2026-09-29,SR04,,No
L0939,Lakshya Brands,Retail,1-50,Delhi,Email Campaign,Digital Transformation,13.8,2026-05-13,New,Follow-up Required,2026-10-08,SR03,,No
L0940,Evergreen Labs,FinTech,201-500,Mumbai,Cold Calling,Cybersecurity,65.4,2026-05-13,Contacted,Contacted,2026-09-23,SR06,,No
L0941,Cobalt Knowledge,Education,1-50,Gurgaon,LinkedIn,Cloud Services,8.2,2026-05-13,New,Follow-up Required,2026-09-26,SR01,,No
L0942,Delta Solutions,Healthcare,201-500,Bangalore,Events,Cybersecurity,123.0,2026-05-13,Won,Closed,,SR07,685000.0,Yes
L0943,Garuda Online,E-commerce,51-200,Mumbai ,Cold Calling,Digital Transformation,16.6,2026-05-14,New,Follow-up Required,2026-10-09,SR02,,No
L0944,Delta Softech,FinTech,1-50,Mumbai ,LinkedIn,Cloud Services,13.6,2026-05-14,New,Follow-up Required,2026-09-22,SR06,,No
L0945,Urban Learning,Education,501-1000,Bengaluru,Events,DevOps,205.5,2026-05-14,Proposal,Waiting for Response,2026-10-03,SR07,1675000.0,No
L0946,Radiant Global ,FinTech,51-200,Gurgaon,Cold Calling,Cybersecurity,46.3,2026-05-14,New,Follow-up Required,2026-10-08,SR05,,No
L0947,Lumina Pvt Ltd,Logistics,51-200,Bengaluru,Referral,Digital Transformation,37.5,2026-05-14,Meeting,Not Interested,,SR08,,No
L0948,Prana Systems,Education,1-50,Mumbai,LinkedIn,Digital Transformation,13.9,2026-05-14,New,Follow-up Required,2026-09-20,SR06,,No
L0949,Ion Global,Healthcare,201-500,Mumbai,Google Search,Digital Transformation,198.5,2026-05-15,Contacted,Waiting for Response,2026-09-17,SR09,,No
L0950,Helix Capital Tech,FinTech,51-200,Pune,Events,Cloud Services,11.0,2026-05-15,New,Follow-up Required,2026-10-07,SR09,,No
L0951,Zeal Engineering,Manufacturing,1-50,Bengaluru,REFERRAL,Digital Transformation,8.0,2026-05-15,New,Follow-up Required,2026-10-03,SR08,,No
L0952,Lakshya Commerce,E-commerce,51-200,Mumbai,Referral,Digital Transformation,18.9,2026-05-15,Meeting,Meeting Scheduled,2026-09-28,SR02,,No
L0953,Banyan Technologies,SaaS,1000+,Pune,Cold Calling,DevOps,2824.3,2026-05-15,New,Follow-up Required,2026-09-27,SR02,,No
L0954,Willow Software,SaaS,501-1000,Mumbai,LinkedIn,DevOps,535.2,2026-05-15,Proposal,Follow-up Required,2026-09-25,SR02,1605000.0,No
L0955,Cobalt Networks,SaaS,51-200,Delhi,Cold Calling,DevOps,23.6,2026-05-15,Qualified,Follow-up Required,2026-09-15,SR10,,No
L0956,Zenith Systems,Healthcare,51-200,Mumbai,LinkedIn,DevOps,37.5,2026-05-16,Proposal,Waiting for Response,2026-10-09,SR02,495000.0,No
L0957,Yash Knowledge,Education,201-500,Bengaluru,Cold Calling,Digital Transformation,190.1,2026-05-16,Contacted,Contacted,2026-09-30,SR04,,No
L0958,Ember Pvt Ltd,Logistics,501-1000,Delhi,Website,Digital Transformation,547.9,2026-05-16,Contacted,Waiting for Response,2026-10-08,SR10,,No
L0959,Cedar Solutions,E-commerce,201-500,Delhi,Website,DevOps,122.2,2026-05-16,New,Follow-up Required,2026-09-29,SR10,,No
L0960,Ekam Global,Retail,201-500,Hyderabad,Email Campaign,Digital Transformation,,2026-05-16,New,Follow-up Required,2026-09-19,SR07,,No
L0961,Kinetic Cargo,Logistics,51-200,Pune,Cold Calling,Cybersecurity,49.2,2026-05-16,Contacted,Waiting for Response,2026-10-03,SR09,,No
L0962,Lumina Networks,FinTech,1-50,Ahmedabad,Cold Calling,DevOps,12.1,2026-05-16,New,Follow-up Required,2026-09-02,SR09,,No
L0963,Spark Manufacturing,Manufacturing,1-50,,GOOGLE SEARCH,Digital Transformation,11.5,2026-05-16,Contacted,Not Interested,,SR09,,No
L0964,Onyx Systems,Education,201-500,Hyderabad ,Email Campaign,Cybersecurity,89.8,2026-05-16,Qualified,Not Interested,,SR07,,No
L0965,Vista Enterprises,E-commerce,51-200,Mumbai ,Cold Calling,Digital Transformation,55.9,2026-05-16,Qualified,Contacted,2026-10-10,SR02,,No
L0966,Zenith Pvt Ltd,Education,201-500,Hyderabad,Referral,Software Development,137.1,2026-05-17,Meeting,Contacted,2026-10-03,SR07,,No
L0967,Pinnacle Ventures,education,1-50,Bengaluru,Cold Calling,Digital Transformation,12.9,2026-05-17,Contacted,Waiting for Response,2026-09-28,SR07,,No
L0968,Vayu Networks,Healthcare,1-50,Hyderabad,Events,Cybersecurity,10.3,2026-05-17,Contacted,Follow-up Required,2026-10-05,SR07,,No
L0969,Jade Technologies,Healthcare,201-500,Bengaluru,Cold Calling,Software Development,41.0,2026-05-17,Qualified,Not Interested,,SR08,,No
L0970,Nexora Networks,SaaS,501-1000,Mumbai,WEBSITE,Cloud Services,520.4,2026-05-17,Contacted,Follow-up Required,2026-10-04,SR09,,No
L0971,Zeal Technologies,Logistics,51-200,Delhi,Website,Software Development,20.2,2026-05-17,New,Follow-up Required,2026-09-02,SR05,,No
L0972,Delta Global,FinTech,1-50,Chennai,Cold Calling,Software Development,14.3,2026-05-17,Contacted,Contacted,2026-09-09,SR04,,No
L0973,Aurora Wealth Tech,FinTech,1-50,Delhi,Website,Digital Transformation,13.6,2026-05-17,Qualified,Contacted,2026-10-06,SR01,,No
L0974,Vertex Platforms,SaaS,1000+,Pune,LinkedIn,Digital Transformation,1407.0,2026-05-17,New,Follow-up Required,2026-09-10,SR06,,No
L0975,Solace Industrial,Manufacturing,1-50,Pune ,LinkedIn,Cloud Services,8.2,2026-05-17,Contacted,Not Interested,,SR02,,No
L0976,Optima Systems,SaaS,1-50,Hyderabad,Website,Cloud Services,6.6,2026-05-17,Qualified,Follow-up Required,2026-10-08,SR08,,No
L0977,Prana Technologies,Retail,1000+,Pune,Website,Digital Transformation,1786.0,2026-05-17,New,Follow-up Required,2026-10-03,SR09,,No
L0978,Ishaan Group,Manufacturing,501-1000,Bengaluru,Email Campaign,Digital Transformation,369.3,2026-05-18,Qualified,Follow-up Required,2026-09-21,SR04,,No
L0979,Vista Retail Tech,E-commerce,1-50,Chennai,LinkedIn,Cloud Services,10.4,2026-05-18,Contacted,Not Interested,,SR04,,No
L0980,Falcon Systems,Retail,201-500,Pune,Google Search,Cloud Services,152.1,2026-05-18,New,Follow-up Required,2026-09-01,SR02,,No
L0981,Astra Manufacturing,Manufacturing,501-1000,Mumbai,LinkedIn,Digital Transformation,589.8,2026-05-18,Qualified,Contacted,2026-10-10,SR06,,No
L0982,Harbor Pvt Ltd,Logistics,51-200,Ahmedabad,Cold Calling,Digital Transformation,38.4,2026-05-18,New,Follow-up Required,2026-10-05,SR02,,No
L0983,Prana Global,Education,1-50,Bengaluru,LinkedIn,Software Development,10.7,2026-05-18,Contacted,Follow-up Required,2026-10-01,SR07,,No
L0984,Banyan Logistics,Logistics,51-200,Delhi,Cold Calling,Digital Transformation,29.4,2026-05-19,Qualified,Waiting for Response,2026-10-04,SR01,,No
L0985,Quest Technologies,E-commerce,201-500,Bengaluru,Cold Calling,DevOps,52.7,2026-05-19,New,Follow-up Required,2026-09-19,SR07,,No
L0986,Bharat Solutions,Retail,201-500,Pune,LinkedIn,Cloud Services,100.4,2026-05-19,Contacted,Waiting for Response,2026-10-07,SR02,,No
L0987,Pinnacle Marketplace,E-commerce,201-500,Mumbai,Website,Cloud Services,101.0,2026-05-19,Meeting,Waiting for Response,2026-09-01,SR06,,No
L0988,Willow Labs,E-commerce,51-200,Hyderabad,Cold Calling,Software Development,13.2,2026-05-19,New,Follow-up Required,2026-10-02,SR07,,No
L0989,Spark Components,Manufacturing,1-50,Mumbai,REFERRAL,Cloud Services,8.4,2026-05-20,Contacted,Waiting for Response,2026-09-21,SR06,,No
L0990,Apex Industries,SaaS,201-500,Mumbai,Cold Calling,Software Development,43.7,2026-05-20,Qualified,Waiting for Response,2026-09-03,SR02,,No
L0991,Garuda Pvt Ltd,Retail,201-500,Hyderabad,Cold Calling,Digital Transformation,109.7,2026-05-20,Contacted,Follow-up Required,2026-09-10,SR08,,No
L0992,Yash Components,Manufacturing,1000+,,Email Campaign,Software Development,2701.1,2026-05-20,Contacted,Waiting for Response,2026-09-28,SR10,,No
L0993,Kestrel Ventures,E-COMMERCE,201-500,,Events,Cloud Services,199.5,2026-05-21,Contacted,Not Interested,,SR06,,No
L0994,Garuda Labs,SaaS,201-500,Hyderabad,Referral,Digital Transformation,193.6,2026-05-21,Qualified,Waiting for Response,2026-10-05,SR08,,No
L0995,Nexora Industries,FinTech,1-50,Hyderabad,LinkedIn,Digital Transformation,7.1,2026-05-21,Qualified,Waiting for Response,2026-09-05,SR04,,No
L0996,Jade Global ,Manufacturing,1000+,,LinkedIn,Digital Transformation,1488.7,2026-05-21,Won,Closed,,SR08,2500000.0,Yes
L0997,Oasis Systems,E-COMMERCE,201-500,Bengaluru,Email Campaign,Software Development,124.1,2026-05-21,Qualified,Follow-up Required,2026-09-05,SR08,,No
L0998,Spark Enterprises,E-commerce,501-1000,Ahmedabad,Website,Software Development,246.6,2026-05-21,Contacted,Follow-up Required,2026-09-27,SR09,,No
L0999,Nimbus Apps,SaaS,1000+,Delhi,Website,Cloud Services,1263.6,2026-05-21,Won,Closed,,SR05,2255000.0,Yes
L1000,Garuda Diagnostics,Healthcare,1-50,Mumbai,Email Campaign,Cybersecurity,7.0,2026-05-21,New,Follow-up Required,2026-10-08,SR06,,No
L1001,Vayu Group,Healthcare,51-200,Delhi,Cold Calling,Software Development,54.5,2026-05-22,Qualified,Meeting Scheduled,2026-09-24,SR01,,No
L1002,Optima Networks,E-commerce,1000+,Chennai,Website,Cloud Services,2102.3,2026-05-22,Contacted,Contacted,2026-09-19,SR07,,No
L1003,Sagar Pvt Ltd,Manufacturing,201-500,Bengaluru,Referral,Digital Transformation,118.5,2026-05-22,Meeting,Meeting Scheduled,2026-09-26,SR08,,No
L1004,Kaveri Softech,Logistics,51-200,Delhi,Website,Digital Transformation,23.4,2026-05-22,New,Follow-up Required,2026-09-10,SR03,,No
L1005,Loop Brands,Retail,1000+,New Delhi,Email Campaign,Software Development,1591.8,2026-05-22,Qualified,Follow-up Required,2026-09-27,SR05,,No
L1006,Sapphire Retail Tech,E-commerce,1000+,Chennai,Events,Software Development,1920.0,2026-05-22,New,Follow-up Required,2026-09-27,SR07,,No
L1007,Aurora Industrial,Manufacturing,51-200,Mumbai,LinkedIn,Digital Transformation,49.5,2026-05-22,Contacted,Not Interested,,SR09,,No
L1008,Spark Industries,Healthcare,51-200,Bangalore,Email Campaign,Software Development,43.7,2026-05-22,New,Follow-up Required,2026-10-03,SR08,,No
L1009,Vanguard Payments,FinTech,1-50,Chennai,Cold Calling,Cybersecurity,8.0,2026-05-23,Qualified,Meeting Scheduled,2026-09-26,SR04,,No
L1010,Bluepeak Cargo,Logistics,201-500,Delhi,Referral,Cybersecurity,174.1,2026-05-23,Contacted,Waiting for Response,2026-09-28,SR01,,No
L1011,Kestrel Systems,FinTech,51-200,Delhi,Google Search,Cloud Services,,2026-05-23,Proposal,Waiting for Response,2026-10-06,SR10,310000.0,No
L1012,Chakra Retail,Retail,201-500,Bengaluru,LinkedIn,Digital Transformation,191.9,2026-05-23,Meeting,Not Interested,,SR08,,No
L1013,Meridian Software,SaaS,1000+,Chennai,Website,Software Development,1081.0,2026-05-23,Qualified,Not Interested,,SR07,,No
L1014,Novus Industries,FinTech,51-200,Ahmedabad,Website,Cybersecurity,42.8,2026-05-23,Meeting,Waiting for Response,2026-09-19,SR02,,No
L1015,Pulse Finserv,FinTech,201-500,Delhi,Website,Cybersecurity,159.8,2026-05-23,Contacted,Not Interested,,SR03,,No
L1016,Ion Systems,Education,51-200,Ahmedabad,Referral,Cybersecurity,38.9,2026-05-23,Qualified,Waiting for Response,2026-09-19,SR02,,No
L1017,Echo Global,Healthcare,1-50,Pune,LinkedIn,Digital Transformation,14.4,2026-05-23,Contacted,Follow-up Required,2026-09-28,SR06,,No
L1018,Urban Engineering,Manufacturing,501-1000,Bengaluru,Email Campaign,Digital Transformation,470.0,2026-05-24,Qualified,Follow-up Required,2026-09-03,SR08,,No
L1019,Delta Pvt Ltd,Healthcare,51-200,Delhi,Cold Calling,Digital Transformation,37.8,2026-05-24,Qualified,Meeting Scheduled,2026-09-20,SR01,,No
L1020,Chakra Global,E-commerce,201-500,,Website,Software Development,165.2,2026-05-24,New,Follow-up Required,2026-10-09,SR07,,No
L1021,Lumina Retail Tech,E-commerce,501-1000,Hyderabad,Email Campaign,Software Development,335.3,2026-05-24,Qualified,Waiting for Response,2026-09-19,SR08,,No
L1022,Cedar Ventures,Logistics,51-200,Jaipur,Referral,Software Development,24.6,2026-05-24,Qualified,Follow-up Required,2026-09-24,SR10,,No
L1023,Prana Mart,Retail,51-200,Mumbai,Website,Cloud Services,56.8,2026-05-24,Contacted,Not Interested,,SR09,,No
L1024,Madhav Commerce,E-commerce,51-200,Gurgaon,Google Search,Digital Transformation,37.4,2026-05-25,Qualified,Follow-up Required,2026-10-03,SR01,,No
L1025,Novus Software,SaaS,1-50,Mumbai,LinkedIn,Cloud Services,,2026-05-25,Qualified,Contacted,2026-09-02,SR09,,No
L1026,Willow Payments,FinTech,51-200,,LinkedIn,Digital Transformation,46.0,2026-05-25,Contacted,Contacted,2026-10-01,SR07,,No
L1027,Jolt Global,healthcare,51-200,Bengaluru,Cold Calling,Cloud Services,34.6,2026-05-25,Contacted,Follow-up Required,2026-10-08,SR07,,No
L1028,Zeal Marketplace,E-commerce,1000+,Gurgaon,Cold Calling,DevOps,,2026-05-26,Won,Closed,,SR03,1935000.0,Yes
L1029,Xenon Group,SaaS,1000+,Hyderabad,Cold Calling,Cloud Services,1520.6,2026-05-26,New,Follow-up Required,2026-10-09,SR04,,No
L1030,Ridge Global,Manufacturing,1000+,Hyderabad,LinkedIn,Software Development,2894.8,2026-05-26,Meeting,Meeting Scheduled,2026-09-24,SR04,,No
L1031,Falcon Supply Chain,Logistics,51-200,Mumbai,Email Campaign,Digital Transformation,,2026-05-26,Contacted,Contacted,2026-09-30,SR09,,No
L1032,Bharat Commerce,E-commerce,1-50,Bengaluru,Events,DevOps,5.5,2026-05-26,New,Follow-up Required,2026-09-28,SR08,,No
L1033,Willow Enterprises,Manufacturing,51-200,Hyderabad,Google Search,Cybersecurity,30.7,2026-05-26,Qualified,Follow-up Required,2026-09-28,SR04,,No
L1034,Loop Manufacturing,Manufacturing,1-50,Chennai,GOOGLE SEARCH,Cloud Services,2.8,2026-05-27,Proposal,Follow-up Required,2026-09-21,SR07,320000.0,No
L1035,Banyan Retail,Retail,51-200,Mumbai,LinkedIn,Digital Transformation,48.0,2026-05-27,New,Follow-up Required,2026-08-31,SR09,,No
L1036,Apex Networks,E-commerce,51-200,Ahmedabad,LinkedIn,Software Development,42.6,2026-05-27,New,Follow-up Required,2026-10-05,SR06,,No
L1037,Xenon Enterprises,Healthcare,51-200,Bengaluru,Events,Cybersecurity,28.8,2026-05-27,New,Follow-up Required,2026-08-31,SR04,,No
L1038,Bluepeak Global,E-commerce,201-500,Bengaluru,WEBSITE,Software Development,185.0,2026-05-27,Contacted,Contacted,2026-08-30,SR07,,No
L1039,Zest Industries,Healthcare,51-200,Pune,Events,Software Development,34.5,2026-05-27,Proposal,Not Interested,,SR06,535000.0,No
L1040,Bharat Industrial,Manufacturing,1-50,Mumbai,Cold Calling,Cloud Services,3.3,2026-05-27,New,Follow-up Required,2026-09-12,SR06,,No
L1041,Prism Systems,Retail,51-200,Hyderabad,Cold Calling,Digital Transformation,55.3,2026-05-27,New,Follow-up Required,2026-10-05,SR08,,No
L1042,Delta Diagnostics,Healthcare,501-1000,Delhi,Events,Digital Transformation,166.0,2026-05-27,Meeting,Follow-up Required,2026-10-08,SR03,,No
L1043,Paragon Logistics,Logistics,51-200,Mumbai,LinkedIn,Cloud Services,23.3,2026-05-27,New,Follow-up Required,2026-09-30,SR06,,No
L1044,Aryan Solutions,FinTech,1-50,Jaipur,LinkedIn,Cloud Services,6.2,2026-05-28,Qualified,Meeting Scheduled,2026-09-28,SR10,,No
L1045,Relay Enterprises,Healthcare,51-200,Chennai,Cold Calling,Cybersecurity,26.8,2026-05-28,Proposal,Waiting for Response,2026-09-30,SR07,760000.0,No
L1046,Paragon Industries,Healthcare,1-50,New Delhi,Email Campaign,Cloud Services,14.1,2026-05-28,New,Follow-up Required,2026-09-24,SR10,,No
L1047,Ion Industries,Retail,1-50,Chennai,Email Campaign,Software Development,7.6,2026-05-28,Contacted,Follow-up Required,2026-10-10,SR08,,No
L1048,Glide Networks,Education,51-200,Chennai,Email Campaign,Software Development,34.0,2026-05-28,Qualified,Follow-up Required,2026-09-30,SR08,,No
L1049,Himalaya Ventures,Education,51-200,Mumbai,LinkedIn,Cybersecurity,19.9,2026-05-28,New,Follow-up Required,2026-09-22,SR09,,No
L1050,Lumina Learning,Education,201-500,Chennai,COLD CALLING,Digital Transformation,62.1,2026-05-28,Qualified,Follow-up Required,2026-09-21,SR08,,No
L1051,Sapphire Group,E-commerce,51-200,Delhi,Events,Cloud Services,35.5,2026-05-28,New,Follow-up Required,2026-09-13,SR01,,No
L1052,Quartz Technologies,Manufacturing,1-50,Chennai,Events,Cloud Services,13.7,2026-05-28,Contacted,Contacted,2026-10-01,SR04,,No
L1053,Rudra Technologies,FinTech,201-500,Hyderabad,Email Campaign,Cloud Services,51.7,2026-05-28,Meeting,Follow-up Required,2026-09-21,SR07,,No
L1054,Tundra Marketplace,E-commerce,1-50,Ahmedabad,Email Campaign,Cloud Services,12.0,2026-05-28,Proposal,Not Interested,,SR02,225000.0,No
L1055,Uday Networks,Retail,51-200,Ahmedabad,Google Search,Cloud Services,48.5,2026-05-28,Qualified,Follow-up Required,2026-09-24,SR02,,No
L1056,Prana Diagnostics,Healthcare,51-200,Delhi,LinkedIn,Software Development,55.0,2026-05-28,Contacted,Contacted,2026-09-26,SR10,,No
L1057,Vanguard Freight,Logistics,201-500,Delhi,LinkedIn,Software Development,164.9,2026-05-29,Won,Closed,,SR10,1185000.0,Yes
L1058,Ember Technologies,Education,1-50,Hyderabad,Events,Digital Transformation,10.7,2026-05-29,New,Follow-up Required,2026-09-10,SR07,,No
L1059,Madhav Online,E-commerce,501-1000,Ahmedabad,Referral,Software Development,202.7,2026-05-29,Meeting,Not Interested,,SR02,,No
L1060,Hive Academy Systems,Education,201-500,Delhi,Cold Calling,Software Development,43.5,2026-05-29,New,Follow-up Required,2026-09-26,SR05,,No
L1061,Kaveri Systems,Education,1-50,Gurgaon,Email Campaign,Software Development,8.1,2026-05-29,Contacted,Contacted,2026-09-24,SR01,,No
L1062,Narmada Systems ,Education,1-50,Mumbai,LinkedIn,Software Development,3.2,2026-05-29,New,Follow-up Required,2026-10-08,SR09,,No
L1063,Gravity Ventures,SaaS,1000+,Bengaluru,Email Campaign,Digital Transformation,1065.8,2026-05-29,Contacted,Follow-up Required,2026-08-30,SR07,,No
L1064,Flux Softech,Manufacturing,51-200,Hyderabad ,Google Search,Digital Transformation,46.2,2026-05-29,Qualified,Follow-up Required,2026-09-16,SR04,,No
L1065,Radiant Industries,SaaS,201-500,Mumbai ,Google Search,Digital Transformation,173.6,2026-05-30,Qualified,Follow-up Required,2026-10-09,SR02,,No
L1066,Nimbus Software,SaaS,1-50,Pune,email campaign,Software Development,8.6,2026-05-30,Contacted,Waiting for Response,2026-10-05,SR06,,No
L1067,Lakshya Solutions,E-commerce,201-500,Jaipur,Google Search,Digital Transformation,98.2,2026-05-30,Contacted,Waiting for Response,2026-09-09,SR01,,No
L1068,Kaveri Ventures,Healthcare,501-1000,Chennai,Events,Digital Transformation,441.2,2026-05-30,Qualified,Follow-up Required,2026-09-27,SR07,,No
L1069,Drift Solutions,Manufacturing,201-500,Jaipur ,Cold Calling,Digital Transformation,151.8,2026-05-30,New,Follow-up Required,2026-09-24,SR05,,No
L1070,Vertex Solutions,Manufacturing,1-50,Hyderabad,Cold Calling,Cybersecurity,5.1,2026-05-31,Qualified,Waiting for Response,2026-09-09,SR04,,No
L1071,Willow Technologies,Retail,1-50,Mumbai,Email Campaign,Cybersecurity,5.2,2026-05-31,New,Follow-up Required,2026-09-02,SR09,,No
L1072,Quartz Learning ,Education,201-500,Mumbai,LinkedIn,Digital Transformation,41.6,2026-05-31,Won,Closed,,SR02,770000.0,Yes
L1073,Chakra Group,SaaS,51-200,,Cold Calling,Software Development,28.8,2026-05-31,Contacted,Waiting for Response,2026-09-20,SR01,,No
L1074,Vanguard Systems,SaaS,201-500,Bengaluru,Website,DevOps,170.9,2026-06-01,Meeting,Waiting for Response,2026-10-04,SR08,,No
L1075,Titan Industrial,Manufacturing,501-1000,Jaipur,Website,Software Development,233.6,2026-06-01,Meeting,Contacted,2026-09-29,SR01,,No
L1076,Umbra Enterprises,SaaS,1-50,Bengaluru,Cold Calling,Digital Transformation,3.1,2026-06-01,New,Follow-up Required,2026-09-23,SR08,,No
L1077,Radiant Stores,Retail,201-500,Noida,Cold Calling,DevOps,198.7,2026-06-01,Meeting,Waiting for Response,2026-09-19,SR01,,No
L1078,Cedar Networks,E-commerce,51-200,Mumbai,Website,Cloud Services,56.3,2026-06-01,Qualified,Not Interested,,SR06,,No
L1079,Loop Capital Tech,FinTech,1-50,Ahmedabad ,Email Campaign,Cybersecurity,9.1,2026-06-01,Contacted,Waiting for Response,2026-09-19,SR02,,No
L1080,Solace Enterprises,Retail,1-50,Pune,Events,DevOps,5.9,2026-06-01,Meeting,Meeting Scheduled,2026-09-23,SR02,,No
L1081,Flux EdTech,Education,201-500,Delhi,Email Campaign,Cloud Services,185.6,2026-06-01,Contacted,Waiting for Response,2026-09-28,SR01,,No
L1082,Ion Knowledge,Education,201-500,Mumbai,Email Campaign,Digital Transformation,77.0,2026-06-02,Proposal,Not Interested,,SR09,1120000.0,No
L1083,Glide Global, Manufacturing,501-1000,,Website,Cloud Services,353.7,2026-06-02,Contacted,Waiting for Response,2026-09-16,SR04,,No
L1084,Paragon Online,E-COMMERCE,1-50,Gurgaon,LinkedIn,Digital Transformation,12.1,2026-06-02,Contacted,Follow-up Required,2026-10-05,SR03,,No
L1085,Xenon Technologies,FinTech,201-500,Noida,Referral,Digital Transformation,191.7,2026-06-02,Won,Closed,,SR01,1165000.0,Yes
L1086,Ember Labs,Healthcare,1-50,Mumbai,Cold Calling,Digital Transformation,9.3,2026-06-02,New,Follow-up Required,2026-10-05,SR09,,No
L1087,Kinetic Group,FinTech,51-200,Pune,Email Campaign,Cloud Services,41.6,2026-06-02,Qualified,Contacted,2026-10-03,SR02,,No
L1088,Falcon Components,Manufacturing,1-50,Mumbai,Referral,Digital Transformation,10.8,2026-06-02,Qualified,Contacted,2026-09-27,SR09,,No
L1089,Flux Supply Chain,Logistics,201-500,Jaipur,cold calling,Cloud Services,100.1,2026-06-02,Qualified,Waiting for Response,2026-09-27,SR05,,No
L1090,Zeal Software,saas,1000+,Noida,LinkedIn,DevOps,2172.1,2026-06-03,New,Follow-up Required,2026-09-30,SR10,,No
L1091,Pulse Commerce,E-commerce,1-50,Noida,Website,Software Development,,2026-06-03,New,Follow-up Required,2026-10-10,SR03,,No
L1092,Aurora Softech,E-commerce,201-500,,LinkedIn,DevOps,197.4,2026-06-03,Proposal,Not Interested,,SR10,610000.0,No
L1093,Sagar Enterprises,Logistics,51-200,Pune,Referral,Cloud Services,44.0,2026-06-03,Qualified,Contacted,2026-09-04,SR09,,No
L1094,Paragon Pvt Ltd,E-COMMERCE,201-500,Mumbai,LinkedIn,DevOps,146.2,2026-06-03,Qualified,Follow-up Required,2026-09-25,SR06,,No
L1095,Narmada Group,retail,501-1000,Mumbai,Cold Calling,Cybersecurity,,2026-06-03,Contacted,Follow-up Required,2026-09-14,SR09,,No
L1096,Nexora Finserv,FinTech,201-500,Gurgaon,Google Search,Cybersecurity,128.2,2026-06-03,Qualified,Follow-up Required,2026-10-05,SR01,,No
L1097,Neptune Solutions,Healthcare,201-500,Hyderabad,Cold Calling,Digital Transformation,153.8,2026-06-03,New,Follow-up Required,2026-09-26,SR08,,No
L1098,Drift Marketplace,E-commerce,51-200,Bengaluru,Cold Calling,DevOps,29.3,2026-06-03,New,Follow-up Required,2026-10-06,SR04,,No
L1099,Indus Systems,SaaS,51-200,Noida,LinkedIn,Cloud Services,,2026-06-03,Won,Closed,,SR05,485000.0,Yes
L1100,Lakshya Retail Tech,E-commerce,51-200,Bengaluru,Referral,Cloud Services,36.8,2026-06-03,Qualified,Waiting for Response,2026-09-06,SR07,,No
L1101,Quartz Online,E-commerce,1-50,,Events,Software Development,14.8,2026-06-04,Won,Closed,,SR08,430000.0,Yes
L1102,Bluepeak Technologies,Healthcare,201-500,,Events,Digital Transformation,53.6,2026-06-04,Qualified,Waiting for Response,2026-10-06,SR01,,No
L1103,Nimbus Industries,E-commerce,51-200,Mumbai,Website,Software Development,17.0,2026-06-04,New,Follow-up Required,2026-09-27,SR09,,No
L1104,Chakra Labs,SaaS,51-200,Noida,LinkedIn,Cloud Services,40.1,2026-06-04,Contacted,Waiting for Response,2026-09-19,SR10,,No
L1105,Optima Labs,Logistics,51-200,Ahmedabad,Cold Calling,Digital Transformation,37.0,2026-06-04,Meeting,Follow-up Required,2026-09-07,SR09,,No
L1106,Aurora Systems,E-commerce,201-500,Bangalore,Email Campaign,Cloud Services,126.9,2026-06-04,Contacted,Follow-up Required,2026-09-26,SR07,,No
L1107,Helix Softech,Retail,51-200,Mumbai,Referral,Cloud Services,58.0,2026-06-04,Won,Closed,,SR02,620000.0,Yes
L1108,Bharat Technologies,Healthcare,1000+,Bengaluru,Google Search,DevOps,1782.6,2026-06-05,Qualified,Waiting for Response,2026-09-21,SR08,,No
L1109,Ishaan Apps,SaaS,201-500,Noida ,Google Search,Cloud Services,198.1,2026-06-05,New,Follow-up Required,2026-09-28,SR05,,No
L1110,Cobalt Technologies,saas,1-50,Hyderabad,Website,Digital Transformation,13.5,2026-06-05,Qualified,Meeting Scheduled,2026-10-02,SR08,,No
L1111,Narmada Enterprises,Education,1-50,Delhi,Website,Cloud Services,3.2,2026-06-05,New,Follow-up Required,2026-09-02,SR03,,No
L1112,Wisp Health,Healthcare,201-500,Ahmedabad,LinkedIn,Cybersecurity,127.3,2026-06-06,Proposal,Follow-up Required,2026-10-03,SR02,1460000.0,No
L1113,Trident Enterprises,SaaS,201-500,Pune,LinkedIn,Digital Transformation,118.0,2026-06-06,New,Follow-up Required,2026-10-06,SR09,,No
L1114,Unity Manufacturing,Manufacturing,201-500,Hyderabad,Website,Digital Transformation,177.9,2026-06-06,New,Follow-up Required,2026-09-24,SR07,,No
L1115,Falcon Solutions,E-commerce ,51-200,Noida,Email Campaign,Software Development,53.5,2026-06-06,Contacted,Follow-up Required,2026-09-30,SR05,,No
L1116,Kaveri Industries,Logistics,51-200,Delhi,Referral,Cybersecurity,29.8,2026-06-06,Won,Closed,,SR01,670000.0,Yes
L1117,Vanguard Group,Healthcare,1-50,Mumbai,Google Search,Digital Transformation,13.7,2026-06-06,New,Follow-up Required,2026-09-29,SR02,,No
L1118,Quantum Global,Manufacturing,51-200,New Delhi,Cold Calling,Digital Transformation,54.6,2026-06-06,Proposal,Follow-up Required,2026-10-03,SR10,655000.0,No
L1119,Pinnacle Softech,SaaS,201-500,Gurgaon,Email Campaign,Digital Transformation,41.9,2026-06-06,Meeting,Waiting for Response,2026-09-24,SR03,,No
L1120,Zest Group,SaaS,1-50,,LinkedIn,Cloud Services,3.5,2026-06-06,New,Follow-up Required,2026-09-15,SR02,,No
L1121,Xenon Marketplace,E-COMMERCE,1-50,Bengaluru,Website,Cloud Services,8.6,2026-06-07,New,Follow-up Required,2026-10-06,SR04,,No
L1122,Zephyr Enterprises,E-commerce ,201-500,Jaipur,Website,Digital Transformation,73.8,2026-06-07,New,Follow-up Required,2026-10-09,SR01,,No
L1123,Optima Solutions,Retail,1-50,Gurgaon,website,Software Development,11.2,2026-06-07,New,Follow-up Required,2026-09-10,SR01,,No
L1124,Sapphire Engineering,Manufacturing,51-200,Delhi,Events,Software Development,29.8,2026-06-07,New,Follow-up Required,2026-10-10,SR10,,No
L1125,Loop Software,SaaS,501-1000,Delhi,referral,Digital Transformation,334.4,2026-06-07,Won,Closed,,SR03,1770000.0,Yes
L1126,Mosaic Solutions,education,51-200,Hyderabad,Cold Calling,Digital Transformation,50.5,2026-06-07,New,Follow-up Required,2026-10-09,SR08,,No
L1127,Vivid Enterprises,Logistics,51-200,Delhi,LinkedIn,Digital Transformation,24.1,2026-06-07,Contacted,Not Interested,,SR10,,No
L1128,Astra Networks,Manufacturing,1-50,Chennai,Website,Digital Transformation,8.8,2026-06-07,Meeting,Meeting Scheduled,2026-09-23,SR08,,No
L1129,Quantum Solutions,Manufacturing,1000+,Bengaluru,Website,Cybersecurity,789.2,2026-06-08,Qualified,Waiting for Response,2026-09-19,SR08,,No
L1130,Harbor Online,E-commerce,1-50,Hyderabad,Referral,DevOps,8.6,2026-06-08,Qualified,Follow-up Required,2026-09-30,SR08,,No
L1131,Neptune Manufacturing,Manufacturing,201-500,Jaipur,LinkedIn,Digital Transformation,197.9,2026-06-08,Qualified,Waiting for Response,2026-10-04,SR03,,No
L1132,Crest Software,SaaS,51-200,Gurgaon,Cold Calling,Cybersecurity,57.9,2026-06-08,Contacted,Contacted,2026-10-01,SR10,,No
L1133,Vivid Logistics,Logistics,201-500,Hyderabad,Email Campaign,Software Development,83.6,2026-06-08,Contacted,Waiting for Response,2026-09-06,SR08,,No
L1134,Madhav Platforms,SaaS,51-200,Mumbai,Cold Calling,Software Development,31.0,2026-06-08,Contacted,Follow-up Required,2026-09-30,SR02,,No
L1135,Drift Labs,SaaS,201-500,Gurgaon,Cold Calling,Cloud Services,148.9,2026-06-08,New,Follow-up Required,2026-10-05,SR01,,No
L1136,Orbit Academy Systems,Education,501-1000,Chennai,LinkedIn,Cloud Services,349.5,2026-06-08,Contacted,Not Interested,,SR04,,No
L1137,Aurora Networks,EDUCATION,51-200,Mumbai,LinkedIn,Cloud Services,34.7,2026-06-08,Qualified,Follow-up Required,29/09/2026,SR02,,No
L1138,Alpine Pvt Ltd,E-commerce,1-50,Delhi,Cold Calling,Digital Transformation,5.2,2026-06-08,Contacted,Contacted,2026-09-24,SR05,,No
L1139,Mantra Technologies,Logistics,1-50,Jaipur,Cold Calling,Digital Transformation,4.9,2026-06-09,New,Follow-up Required,2026-09-10,SR03,,No
L1140,Aryan Labs,SaaS,1-50,Delhi,Website,DevOps,10.7,2026-06-09,Qualified,Waiting for Response,2026-09-19,SR03,,No
L1141,Vayu Systems,E-commerce,201-500,Mumbai,Cold Calling,Software Development,93.6,2026-06-09,New,Follow-up Required,2026-10-05,SR09,,No
L1142,Crest Finserv,FinTech,501-1000,Mumbai,Cold Calling,Cloud Services,590.4,2026-06-09,New,Follow-up Required,2026-09-10,SR06,,No
L1143,Drift Networks,SaaS,51-200,Delhi,Cold Calling,Digital Transformation,35.9,09/06/2026,Contacted,Follow-up Required,2026-09-20,SR05,,No
L1144,Vivid Engineering,manufacturing,501-1000,Mumbai ,Cold Calling,Digital Transformation,440.0,2026-06-09,Contacted,Contacted,2026-10-05,SR02,,No
L1145,Bluepeak Networks,saas,1-50,Bengaluru,Cold Calling,Cloud Services,12.3,2026-06-09,New,Follow-up Required,2026-09-09,SR08,,No
L1146,Titan Apps,SaaS,201-500,Bengaluru,Website,DevOps,111.5,2026-06-09,New,Follow-up Required,2026-09-19,SR07,,No
L1147,Willow Engineering,Manufacturing,51-200,Noida,Cold Calling,Cloud Services,38.0,2026-06-09,Qualified,Waiting for Response,2026-09-05,SR01,,No
L1148,Quest Engineering,Manufacturing,201-500,Mumbai,LinkedIn,Cloud Services,105.7,2026-06-10,New,Follow-up Required,2026-09-19,SR06,,No
L1149,Sapphire Networks,Manufacturing,1000+,Chennai,Website,Digital Transformation,2533.5,2026-06-10,Qualified,Follow-up Required,2026-10-07,SR08,,No
L1150,Quantum Ventures ,SaaS,51-200,Mumbai,Website,Cloud Services,51.4,2026-06-10,Contacted,Waiting for Response,2026-09-04,SR02,,No
L1151,Sapphire Platforms,SaaS,501-1000,Ahmedabad,LinkedIn,Software Development,505.1,2026-06-10,Meeting,Meeting Scheduled,2026-09-26,SR06,,No
L1152,Nimbus Global,Manufacturing,51-200,Gurgaon,Cold Calling,Digital Transformation,24.4,2026-06-10,Contacted,Waiting for Response,19/09/2026,SR03,,No
L1153,Wavelet Pvt Ltd,MANUFACTURING,201-500,Bengaluru,LinkedIn,Digital Transformation,123.1,2026-06-10,Qualified,Waiting for Response,2026-10-10,SR08,,No
L1154,Banyan Manufacturing,MANUFACTURING,51-200,Pune,Cold Calling,Cybersecurity,39.4,2026-06-11,Contacted,Not Interested,,SR09,,No
L1155,Quest Manufacturing,Manufacturing,201-500,Gurgaon,Website,Digital Transformation,92.6,2026-06-11,Contacted,Contacted,2026-10-05,SR01,,No
L1156,Cedar Brands,Retail,51-200,Mumbai,Email Campaign,Cybersecurity,27.2,2026-06-11,Qualified,Follow-up Required,2026-09-15,SR02,,No
L1157,Aurora Pvt Ltd,Logistics,1000+,Pune,Email Campaign,Cloud Services,,2026-06-11,Meeting,Waiting for Response,27/09/2026,SR09,,No
L1158,Flux Brands,Retail,1000+,Delhi,LINKEDIN,Software Development,570.4,2026-06-11,Proposal,Not Interested,,SR01,1840000.0,No
L1159,Radiant Softech,E-commerce,501-1000,Pune,Website,Software Development,,2026-06-11,Qualified,Waiting for Response,2026-09-02,SR02,,No
L1160,Mantra Group,Retail,51-200,Bengaluru,Email Campaign,Digital Transformation,58.9,2026-06-11,New,Follow-up Required,2026-09-26,SR08,,No
L1161,Apex Engineering,Manufacturing,51-200,Bengaluru,Email Campaign,Digital Transformation,10.4,2026-06-11,New,Follow-up Required,2026-10-07,SR07,,No
L1162,Hive Softech,Manufacturing,51-200,,Email Campaign,Cybersecurity,20.0,2026-06-11,Qualified,Not Interested,,SR05,,No
L1163,Umbra Engineering,Manufacturing,1000+,Mumbai ,Referral,Software Development,1662.1,2026-06-11,Contacted,Waiting for Response,2026-09-20,SR02,,No
L1164,Vertex Technologies,E-commerce,501-1000,Pune,Email Campaign,Digital Transformation,474.5,2026-06-11,Qualified,Meeting Scheduled,2026-09-24,SR02,,No
L1165,Evergreen Payments,FINTECH,201-500,Bengaluru,LinkedIn,Cloud Services,87.1,2026-06-11,Contacted,Not Interested,,SR08,,No
L1166,Onyx Global,FinTech,1000+,Pune,Cold Calling,Cybersecurity,2268.7,2026-06-12,Meeting,Contacted,2026-09-29,SR06,,No
L1167,Cobalt Components,Manufacturing,1000+,Mumbai,Website,Digital Transformation,1642.0,2026-06-12,New,Follow-up Required,2026-09-21,SR02,,No
L1168,Bluepeak Mart,Retail,1-50,Hyderabad ,Referral,Digital Transformation,2.7,2026-06-12,Contacted,Waiting for Response,2026-09-19,SR07,,No
L1169,Optima Diagnostics,Healthcare,1-50,Bengaluru,Email Campaign,Cloud Services,8.7,2026-06-12,Proposal,Follow-up Required,2026-10-04,SR08,400000.0,No
L1170,Ion Marketplace,E-commerce,51-200,Pune,LinkedIn,Software Development,35.9,2026-06-12,Qualified,Follow-up Required,2026-10-05,SR06,,No
L1171,Willow Networks,Education,501-1000,Bengaluru,LinkedIn,Software Development,548.0,2026-06-12,Qualified,Not Interested,,SR07,,No
L1172,Onyx Retail,Retail ,501-1000,Mumbai,Events,Digital Transformation,222.6,2026-06-12,Qualified,Contacted,18/09/2026,SR09,,No
L1173,Quartz Labs,e-commerce,201-500,Pune,LinkedIn,Cybersecurity,110.7,2026-06-12,Contacted,Contacted,2026-09-22,SR06,,No
L1174,Himalaya Software,SaaS,1-50,Mumbai,WEBSITE,Software Development,9.8,2026-06-12,Qualified,Waiting for Response,2026-09-19,SR02,,No
L1175,Alpine Solutions,SaaS,201-500,Noida,LinkedIn,Cybersecurity,65.7,2026-06-12,New,Follow-up Required,2026-10-04,SR05,,No
L1176,Pinnacle Care Systems,Healthcare,1000+,Bangalore,Cold Calling,Cloud Services,1136.4,2026-06-12,New,Follow-up Required,2026-09-19,SR07,,No
L1177,Quest Ventures,Logistics,51-200,Mumbai,Email Campaign,Software Development,52.7,2026-06-12,Contacted,Contacted,2026-10-03,SR09,,No
L1178,Evergreen Softech,Manufacturing,201-500,Bengaluru,Cold Calling,Digital Transformation,144.7,2026-06-13,Contacted,Follow-up Required,2026-09-21,SR08,,No
L1179,Lotus Retail,Retail,501-1000,,Google Search,DevOps,579.1,2026-06-13,Proposal,Follow-up Required,2026-09-20,SR01,1040000.0,No
L1180,Apex Components,Manufacturing,1000+,Pune,Cold Calling,Cloud Services,1324.4,2026-06-13,Meeting,Meeting Scheduled,22/09/2026,SR06,,No
L1181,Prism Industrial,Manufacturing,501-1000,Hyderabad,Email Campaign,Software Development,528.1,2026-06-13,Qualified,Contacted,2026-09-19,SR07,,No
L1182,Jade Retail Tech,e-commerce,1-50,Bengaluru,LinkedIn,DevOps,13.4,2026-06-14,New,Follow-up Required,2026-09-18,SR07,,No
L1183,Gravity Online,E-commerce,51-200,Chennai,Email Campaign,Cloud Services,19.2,2026-06-14,New,Follow-up Required,2026-10-06,SR07,,No
L1184,Kinetic Components,Manufacturing,1-50,Bangalore,Events,Digital Transformation,7.8,2026-06-14,Qualified,Contacted,2026-09-22,SR08,,No
L1185,Pinnacle Group,Manufacturing,501-1000,Delhi,Website,Software Development,259.2,2026-06-14,New,Follow-up Required,2026-10-10,SR03,,No
L1186,Titan Mart,Retail,501-1000,Pune,Google Search,Digital Transformation,162.7,2026-06-14,Qualified,Not Interested,,SR02,,No
L1187,Solace Softech,Retail,1-50,Hyderabad,Referral,Cloud Services,7.0,2026-06-14,Qualified,Meeting Scheduled,2026-09-30,SR08,,No
L1188,Umbra Apps,SaaS,1-50,Delhi,Google Search,DevOps,7.3,2026-06-15,Contacted,Follow-up Required,2026-09-29,SR10,,No
L1189,Narmada Pvt Ltd,Logistics,1-50,Mumbai,Email Campaign,Digital Transformation,6.2,2026-06-15,Contacted,Follow-up Required,2026-09-25,SR09,,No
L1190,Optima Enterprises,Manufacturing,1-50,Delhi,Website,DevOps,4.2,2026-06-15,Qualified,Waiting for Response,2026-10-07,SR05,,No
L1191,Urban Networks,SaaS,51-200,Chennai,LinkedIn,DevOps,43.1,2026-06-15,Meeting,Meeting Scheduled,2026-09-24,SR08,,No
L1192,Vanguard Logistics,Logistics,501-1000,Delhi,Email Campaign,Cybersecurity,533.3,2026-06-15,New,Follow-up Required,2026-10-07,SR03,,No
L1193,Pulse Group,E-commerce,51-200,Mumbai,Cold Calling,Software Development,50.3,2026-06-15,Proposal,Waiting for Response,2026-09-30,SR09,770000.0,No
L1194,Aryan Group,E-commerce,1-50,Pune,Cold Calling,Cybersecurity,10.8,2026-06-15,Contacted,Follow-up Required,2026-10-07,SR06,,No
L1195,Orbit Enterprises,SaaS,1-50,Bangalore,Cold Calling,Software Development,12.8,2026-06-15,Contacted,Waiting for Response,2026-09-04,SR08,,No
L1196,Quartz Care Systems,Healthcare,1-50,Bengaluru,Email Campaign,Digital Transformation,6.6,2026-06-15,Qualified,Contacted,2026-10-06,SR07,,No
L1197,Kaveri Wealth Tech,FinTech,1-50,Delhi,Events,Cybersecurity,8.0,15/06/2026,New,Follow-up Required,2026-10-08,SR01,,No
L1198,Falcon Group,Education,201-500,Bengaluru,Email Campaign,Digital Transformation,48.6,2026-06-16,New,Follow-up Required,2026-10-04,SR08,,No
L1199,Aryan Systems,Healthcare,51-200,Delhi,Email Campaign,Cloud Services,37.0,2026-06-16,Qualified,Follow-up Required,2026-10-02,SR05,,No
L1200,Kestrel Solutions,FinTech,51-200,Hyderabad,Email Campaign,Software Development,19.4,2026-06-16,Meeting,Meeting Scheduled,2026-09-26,SR07,,No
L1201,Optima Ventures,E-commerce,51-200,Chennai,Website,Digital Transformation,21.6,2026-06-16,New,Follow-up Required,2026-09-24,SR04,,No
L1202,Alpine Softech,SaaS,51-200,Gurgaon,Email Campaign,DevOps,30.3,2026-06-16,New,Follow-up Required,2026-09-20,SR01,,No
L1203,Jolt Cargo,Logistics,201-500,Mumbai,LinkedIn,Software Development,182.0,2026-06-16,Contacted,Follow-up Required,2026-09-22,SR09,,No
L1204,Sapphire Solutions,Logistics,1-50,Hyderabad ,Website,Digital Transformation,10.2,2026-06-16,Qualified,Not Interested,,SR08,,No
L1205,Glide Knowledge,Education,201-500,Noida,Email Campaign,Cloud Services,84.7,2026-06-17,Contacted,Follow-up Required,2026-09-29,SR03,,No
L1206,Trident Global,Healthcare,51-200,Bengaluru,Email Campaign,Cloud Services,20.1,2026-06-17,Qualified,Meeting Scheduled,2026-09-25,SR08,,No
L1207,Vista Global,FinTech,51-200,Mumbai,Cold Calling,Cybersecurity,12.3,2026-06-17,Meeting,Not Interested,,SR02,,No
L1208,Ion Software,SaaS,51-200,Gurgaon,email campaign,Cloud Services,46.0,2026-06-17,Meeting,Follow-up Required,2026-09-29,SR10,,No
L1209,Garuda EdTech,Education,51-200,Pune,Google Search,Cloud Services,56.6,2026-06-17,Qualified,Follow-up Required,2026-10-04,SR02,,No
L1210,Gravity Retail ,Retail,1-50,Ahmedabad,Email Campaign,Software Development,11.6,2026-06-17,Contacted,Follow-up Required,2026-10-08,SR02,,No
L1211,Spark Freight,Logistics,201-500,Bengaluru,Cold Calling,Software Development,171.9,2026-06-17,New,Follow-up Required,2026-09-25,SR04,,No
L1212,Aurora Global,FinTech,51-200,Ahmedabad,LinkedIn,Cybersecurity,32.8,2026-06-17,Meeting,Not Interested,,SR06,,No
L1213,Mantra Software,SaaS,201-500,Mumbai,LinkedIn,DevOps,78.1,2026-06-17,New,Follow-up Required,2026-09-19,SR09,,No
L1214,Banyan Pvt Ltd,Retail,1-50,Delhi,Referral,Software Development,8.4,2026-06-17,Proposal,Waiting for Response,2026-09-19,SR10,425000.0,No
L1215,Novus Enterprises,E-commerce,1000+,Pune,Cold Calling,Cloud Services,973.1,2026-06-17,Contacted,Contacted,2026-09-19,SR06,,No
L1216,Prism Softech,Retail,201-500,Bengaluru,Google Search,Digital Transformation,126.7,2026-06-17,Contacted,Follow-up Required,25/09/2026,SR07,,No
L1217,Quantum Softech,Manufacturing,1-50,Bengaluru,Cold Calling,Cloud Services,2.9,2026-06-17,New,Follow-up Required,2026-09-01,SR07,,No
L1218,Jolt Ventures,E-commerce,1-50,Bengaluru,Cold Calling,Cloud Services,6.0,2026-06-18,Contacted,Not Interested,,SR04,,No
L1219,Uday Industries,E-commerce,51-200,Gurgaon,LinkedIn,Cloud Services,41.6,2026-06-19,New,Follow-up Required,2026-09-24,SR05,,No
L1220,Aurora Diagnostics,Healthcare,1000+,Bengaluru,Events,DevOps,519.5,2026-06-19,Won,Closed,,SR08,2020000.0,Yes
L1221,Vayu Enterprises,E-commerce,51-200,Chennai ,Email Campaign,Software Development,15.5,2026-06-19,Meeting,Follow-up Required,2026-08-31,SR07,,No
L1222,Crest Enterprises ,Logistics,501-1000,Pune,LinkedIn,Digital Transformation,258.2,2026-06-19,Qualified,Contacted,2026-09-19,SR06,,No
L1223,Dhruv Payments,FinTech,201-500,Mumbai,Google Search,Software Development,93.9,2026-06-19,Qualified,Waiting for Response,2026-10-04,SR09,,No
L1224,Flux Group,E-commerce,51-200,Noida,Events,Software Development,47.2,2026-06-20,New,Follow-up Required,2026-09-26,SR05,,No
L1225,Novus Solutions,Manufacturing,51-200,Bengaluru,LinkedIn,Digital Transformation,49.4,2026-06-20,New,Follow-up Required,2026-10-08,SR08,,No
L1226,Vayu Retail,Retail,501-1000,Bangalore,Cold Calling,Cloud Services,484.7,2026-06-20,New,Follow-up Required,2026-09-27,SR08,,No
L1227,Rudra Labs,saas,201-500,Ahmedabad,Google Search,DevOps,122.4,2026-06-20,Contacted,Follow-up Required,2026-09-21,SR06,,No
L1228,Evergreen Networks,Logistics,201-500,Delhi,Website,DevOps,51.1,2026-06-20,Meeting,Meeting Scheduled,2026-10-03,SR05,,No
L1229,Bluepeak Payments,FinTech,51-200,Hyderabad,Google Search,Cybersecurity,57.0,2026-06-20,Contacted,Contacted,2026-09-23,SR04,,No
L1230,Titan MedTech,Healthcare,201-500,Bengaluru,Referral,Digital Transformation,164.1,2026-06-20,Won,Closed,,SR04,705000.0,Yes
L1231,Ion Ventures,Retail,1000+,Chennai,Website,Digital Transformation,1692.8,2026-06-20,Won,Closed,,SR07,2000000.0,Yes
L1232,Quartz Ventures,Retail,1-50,Gurgaon,LinkedIn,Cybersecurity,4.6,2026-06-21,New,Follow-up Required,2026-10-09,SR01,,No
L1233,Horizon Systems,Healthcare,1-50,Gurgaon,LinkedIn,Digital Transformation,3.5,2026-06-21,New,Follow-up Required,2026-09-26,SR05,,No
L1234,Harbor Labs,E-commerce,201-500,Chennai,Email Campaign,Cloud Services,184.3,2026-06-21,Meeting,Waiting for Response,2026-09-27,SR04,,No
L1235,Lotus Engineering,Manufacturing,51-200,Bengaluru,Cold Calling,Digital Transformation,40.1,2026-06-21,Meeting,Not Interested,,SR08,,No
L1236,Prana Platforms,SaaS,51-200,Ahmedabad,Website,Cloud Services,47.6,2026-06-21,New,Follow-up Required,2026-10-04,SR06,,No
L1237,Paragon Labs,healthcare,201-500,Bengaluru,Referral,Cloud Services,164.5,2026-06-21,New,Follow-up Required,2026-10-02,SR04,,No
L1238,Relay Retail Tech,E-commerce,1-50,Mumbai ,Email Campaign,Cloud Services,10.1,2026-06-21,Qualified,Contacted,2026-10-02,SR02,,No
L1239,Novus Labs, FinTech,1-50,Noida,LinkedIn,Cloud Services,6.7,2026-06-21,Qualified,Waiting for Response,2026-09-29,SR05,,No
L1240,Alpine Networks,FinTech,501-1000,Delhi,Referral,Digital Transformation,510.8,2026-06-22,Proposal,Waiting for Response,2026-10-06,SR03,1710000.0,No
L1241,Zenith Retail Tech,E-commerce,51-200,,Website,DevOps,29.9,2026-06-22,Contacted,Not Interested,,SR06,,No
L1242,Kinetic Solutions,Healthcare,1000+,Noida,Email Campaign,DevOps,2350.6,2026-06-22,New,Follow-up Required,2026-09-19,SR01,,No
L1243,Quantum Retail Tech,E-commerce,51-200,Chennai,LinkedIn,DevOps,19.4,22/06/2026,Won,Closed,,SR04,650000.0,Yes
L1244,Hive Networks,Logistics,201-500,Gurgaon,Cold Calling,Cloud Services,170.6,2026-06-22,Qualified,Meeting Scheduled,2026-09-20,SR05,,No
L1245,Jolt Knowledge,Education,51-200,Bengaluru,Website,Digital Transformation,57.5,22/06/2026,Contacted,Waiting for Response,2026-10-07,SR07,,No
L1246,Quantum Software,SaaS,51-200,Noida,LinkedIn,Software Development,,22/06/2026,Contacted,Follow-up Required,2026-09-14,SR01,,No
L1247,Dhruv Networks,SaaS,1-50,Noida,LinkedIn,Software Development,3.8,2026-06-22,Contacted,Contacted,2026-09-07,SR03,,No
L1248,Horizon Technologies,Education,1-50,Mumbai,LinkedIn,Cybersecurity,10.8,2026-06-22,Contacted,Not Interested,,SR06,,No
L1249,Vertex Software,SaaS,51-200,Bengaluru,Email Campaign,DevOps,34.8,2026-06-22,New,Follow-up Required,2026-10-02,SR07,,No
L1250,Quest Labs,Healthcare,201-500,Bengaluru,Website,Software Development,115.8,2026-06-23,New,Follow-up Required,2026-09-19,SR08,,No
L1251,Ion Pvt Ltd,Manufacturing,1-50,,Email Campaign,Cloud Services,8.2,2026-06-23,Contacted,Not Interested,,SR09,,No
L1252,Pulse Pvt Ltd,e-commerce,501-1000,Bengaluru,Cold Calling,Cloud Services,161.6,2026-06-23,Meeting,Meeting Scheduled,2026-09-26,SR07,,No
L1253,Ridge Engineering,Manufacturing,51-200,Delhi,Website,Digital Transformation,50.9,2026-06-23,New,Follow-up Required,2026-10-07,SR01,,No
L1254,Aurora Solutions ,SaaS,51-200,Mumbai,LinkedIn,Cloud Services,,2026-06-23,Meeting,Waiting for Response,2026-10-07,SR02,,No
L1255,Falcon Software,SaaS ,1-50,Noida ,LinkedIn,Digital Transformation,8.1,2026-06-23,New,Follow-up Required,2026-10-09,SR10,,No
L1256,Xenon Manufacturing,Manufacturing,1-50,Hyderabad ,Events,Digital Transformation,13.9,2026-06-23,Contacted,Contacted,2026-09-26,SR04,,No
L1257,Ion Group,Retail,501-1000,Hyderabad,LinkedIn,Software Development,589.2,2026-06-24,Proposal,Closed,,SR07,1220000.0,No
L1258,Optima Learning,Education,501-1000,Jaipur ,Events,Cybersecurity,270.1,2026-06-24,Proposal,Waiting for Response,2026-09-07,SR03,1210000.0,No
L1259,Vanguard Global,SaaS,1000+,Ahmedabad,Referral,DevOps,981.2,2026-06-24,Proposal,Not Interested,,SR06,2045000.0,No
L1260,Ion Supply Chain,Logistics,1000+,Hyderabad ,LinkedIn,Software Development,1213.3,2026-06-24,Qualified,Follow-up Required,19/09/2026,SR07,,No
L1261,Vertex Ventures,SaaS,501-1000,Hyderabad ,Cold Calling,Software Development,328.5,2026-06-24,New,Follow-up Required,2026-09-29,SR04,,No
L1262,Tundra Group,FinTech,51-200,Chennai,Events,Cybersecurity,36.0,2026-06-24,New,Follow-up Required,2026-10-08,SR04,,No
L1263,Himalaya Labs,Logistics,51-200,Ahmedabad,Email Campaign,Cloud Services,55.0,2026-06-25,Meeting,Contacted,2026-09-18,SR09,,No
L1264,Aryan Pvt Ltd,Manufacturing,201-500,Noida,Website,DevOps,198.0,2026-06-25,New,Follow-up Required,2026-09-12,SR10,,No
L1265,Vanguard Finserv,FinTech,51-200,Hyderabad,Email Campaign,Cloud Services,26.1,2026-06-25,Proposal,Not Interested,,SR04,370000.0,No
L1266,Indus Softech,SaaS,201-500,Delhi,Google Search,DevOps,152.5,2026-06-25,New,Follow-up Required,2026-09-19,SR10,,No
L1267,Indus Care Systems,Healthcare,501-1000,Noida,Events,Cybersecurity,,2026-06-25,Proposal,Not Interested,,SR01,2000000.0,No
L1268,Urban Labs,Manufacturing,501-1000,Bengaluru,Referral,DevOps,410.7,2026-06-25,Won,Closed,,SR08,1390000.0,Yes
L1269,Chakra Platforms,SaaS,51-200,Gurgaon,LinkedIn,DevOps,28.7,2026-06-25,Proposal,Waiting for Response,2026-10-06,SR01,635000.0,No
L1270,Oasis Enterprises,SaaS,51-200,Bengaluru,Google Search,Software Development,47.1,2026-06-25,Meeting,Waiting for Response,2026-10-10,SR07,,No
L1271,Madhav Apps,SaaS,51-200,Jaipur,Cold Calling,Software Development,31.7,2026-06-26,Qualified,Meeting Scheduled,2026-10-01,SR10,,No
L1272,Optima Technologies,FinTech ,51-200,Delhi,Events,Digital Transformation,41.9,2026-06-26,Qualified,Follow-up Required,2026-10-10,SR05,,No
L1273,Banyan Ventures,Retail,51-200,Mumbai,Cold Calling,Cloud Services,36.6,2026-06-26,Contacted,Follow-up Required,2026-09-20,SR09,,No
L1274,Lakshya Retail,Retail,51-200,Chennai,Cold Calling,Software Development,53.5,2026-06-26,New,Follow-up Required,2026-10-09,SR08,,No
L1275,Thrive Online,E-commerce,1-50,Hyderabad,LinkedIn,Cloud Services,12.3,2026-06-26,Contacted,Not Interested,,SR04,,No
L1276,Relay Ventures,Healthcare,201-500,Noida,LinkedIn,Digital Transformation,123.9,2026-06-26,New,Follow-up Required,2026-09-26,SR05,,No
L1277,Aryan Marketplace,E-commerce,1000+,New Delhi,Cold Calling,Digital Transformation,2821.7,2026-06-26,Meeting,Contacted,2026-09-20,SR03,,No
L1278,Bolt Industrial,manufacturing,201-500,Delhi,Email Campaign,Cloud Services,78.4,2026-06-26,New,Follow-up Required,2026-09-21,SR01,,No
L1279,Radiant Platforms,SaaS,201-500,Bengaluru,Google Search,DevOps,48.7,2026-06-26,Qualified,Contacted,2026-10-01,SR04,,No
L1280,Ishaan Retail Tech,E-commerce,201-500,Delhi,LinkedIn,Cloud Services,68.1,2026-06-26,Proposal,Not Interested,,SR10,970000.0,No
L1281,Kestrel Industries,Logistics,1-50,Noida,Website,Software Development,8.8,2026-06-26,Contacted,Contacted,2026-10-02,SR01,,No
L1282,Ember Manufacturing, Manufacturing,201-500,Chennai,Cold Calling,Software Development,,2026-06-26,Qualified,Not Interested,,SR08,,No
L1283,Sagar Networks,E-commerce,501-1000,Bengaluru,Cold Calling,Cloud Services,166.5,2026-06-27,Contacted,Contacted,2026-09-19,SR08,,No
L1284,Pinnacle Freight,Logistics,1000+,Bangalore,Events,Cybersecurity,1944.9,2026-06-27,Contacted,Follow-up Required,2026-09-20,SR07,,No
L1285,Sagar Diagnostics,Healthcare,51-200,Pune,website,Cybersecurity,43.3,2026-06-27,Qualified,Waiting for Response,2026-10-04,SR02,,No
L1286,Yonder Commerce,E-commerce,1000+,Bengaluru,LinkedIn,Cloud Services,1426.4,2026-06-27,Qualified,Waiting for Response,2026-10-10,SR08,,No
L1287,Trident Commerce,E-commerce,51-200,Hyderabad,LinkedIn,Digital Transformation,11.7,2026-06-27,Meeting,Meeting Scheduled,2026-10-01,SR07,,No
L1288,Zephyr Networks,FinTech,1-50,Mumbai,Website,Cloud Services,2.5,2026-06-27,Meeting,Not Interested,,SR06,,No
L1289,Lotus Platforms,SaaS,501-1000,Pune,Events,Cloud Services,408.2,2026-06-27,New,Follow-up Required,2026-09-28,SR02,,No
L1290,Meridian Industries,E-commerce,1-50,Pune,Cold Calling,Cloud Services,13.2,2026-06-27,New,Follow-up Required,2026-09-11,SR06,,No
L1291,Quartz Systems,Education,51-200,Gurgaon,Website,Cybersecurity,46.4,2026-06-27,Won,Closed,,SR03,645000.0,Yes
L1292,Unity Stores,Retail,201-500,Pune ,Email Campaign,Cybersecurity,195.9,2026-06-28,New,Follow-up Required,2026-09-20,SR09,,No
L1293,Thrive Engineering ,Manufacturing,1000+,Chennai,Cold Calling,Digital Transformation,994.1,2026-06-28,Contacted,Waiting for Response,2026-10-10,SR04,,No
L1294,Dhruv Systems,Retail,51-200,Mumbai,LinkedIn,Digital Transformation,53.3,2026-06-28,Qualified,Waiting for Response,2026-10-04,SR09,,No
L1295,Cedar Systems,Education,51-200,Delhi,LinkedIn,Cloud Services,50.0,2026-06-28,Proposal,Closed,,SR01,780000.0,No
L1296,Summit Systems,Logistics,1-50,,Website,Cloud Services,3.9,2026-06-28,Qualified,Contacted,2026-09-05,SR01,,No
L1297,Hive Cloudware,SaaS,1-50,Gurgaon,Email Campaign,DevOps,14.4,2026-06-28,Qualified,Follow-up Required,2026-09-20,SR10,,No
L1298,Lakshya Capital Tech,FinTech,51-200,Mumbai,Email Campaign,Cloud Services,17.1,2026-06-29,Meeting,Not Interested,,SR06,,No
L1299,Relay Industrial,Manufacturing,201-500,Mumbai,Cold Calling,Digital Transformation,95.0,2026-06-29,Meeting,Contacted,2026-09-21,SR06,,No
L1300,Falcon Stores,Retail,1-50,Ahmedabad,LinkedIn,Software Development,14.0,2026-06-29,New,Follow-up Required,2026-10-06,SR02,,No
L1301,Banyan Networks,Manufacturing,201-500,Delhi,Cold Calling,Digital Transformation,91.3,2026-06-29,Contacted,Follow-up Required,2026-09-25,SR05,,No
L1302,Trident Industries,E-commerce,1000+,Mumbai,Website,Digital Transformation,2228.9,2026-06-29,New,Follow-up Required,2026-10-06,SR02,,No
L1303,Indus Health,Healthcare,201-500,Delhi,Website,Cybersecurity,72.8,2026-06-29,Contacted,Follow-up Required,2026-10-03,SR03,,No
L1304,Aurora Freight,Logistics,1000+,,Google Search,Cloud Services,1091.4,2026-06-29,Qualified,Follow-up Required,2026-09-25,SR04,,No
L1305,Optima Logistics,Logistics,1-50,Delhi,Google Search,Software Development,3.0,2026-06-29,Contacted,Waiting for Response,2026-10-05,SR03,,No
L1306,Orbit Platforms,SaaS,501-1000,Hyderabad,Events,Cloud Services,410.8,2026-06-29,New,Follow-up Required,2026-10-07,SR08,,No
L1307,Vayu Payments,FinTech,201-500,Mumbai,Referral,Software Development,145.2,2026-06-29,Qualified,Follow-up Required,2026-09-08,SR02,,No
L1308,Uday Manufacturing,Manufacturing,1-50,Bengaluru,LinkedIn,Digital Transformation,9.7,2026-06-30,Contacted,Not Interested,,SR07,,No
L1309,Indus Platforms,SaaS,51-200,Hyderabad,LinkedIn,Digital Transformation,,2026-06-30,Qualified,Follow-up Required,2026-10-06,SR08,,No
L1310,Optima Manufacturing,Manufacturing,201-500,Bengaluru,LinkedIn,Cybersecurity,169.5,2026-06-30,Qualified,Not Interested,,SR04,,No
L1311,Cedar Supply Chain,Logistics,51-200,Bangalore,LinkedIn,DevOps,33.4,2026-06-30,Contacted,Waiting for Response,2026-09-09,SR07,,No
L1312,Orbit Systems,Healthcare,1000+,Delhi,Events,Cloud Services,1334.3,2026-06-30,Meeting,Meeting Scheduled,2026-10-01,SR05,,No
L1313,Nexora Wealth Tech,FinTech,1000+,Gurgaon,Website,Software Development,1645.3,2026-06-30,Contacted,Waiting for Response,2026-10-02,SR03,,No
L1314,Ion Industrial,Manufacturing,501-1000,Bengaluru,Referral,Digital Transformation,377.5,2026-06-30,Qualified,Waiting for Response,2026-09-30,SR08,,No
L1315,Crest Pvt Ltd ,Retail,1-50,Chennai,Google Search,Software Development,3.7,2026-06-30,Contacted,Follow-up Required,2026-09-24,SR08,,No
L1316,Unity Labs,Manufacturing,1-50,Delhi,Website,Digital Transformation,9.1,2026-06-30,Contacted,Follow-up Required,2026-09-19,SR10,,No
L1317,Oasis Industries,Education,201-500,Hyderabad,Google Search,Digital Transformation,131.0,2026-06-30,Meeting,Follow-up Required,2026-09-12,SR04,,No
L1318,Bolt Labs,Manufacturing,51-200,Delhi,Referral,Cloud Services,19.7,2026-06-30,Meeting,Contacted,2026-10-03,SR03,,No
L1319,Madhav Mart,Retail,201-500,Mumbai,Google Search,Digital Transformation,131.1,2026-06-30,Contacted,Contacted,2026-09-25,SR09,,No
L1320,Evergreen Supply Chain,Logistics,1-50,Gurgaon,Cold Calling,Cloud Services,3.5,2026-06-30,Qualified,Meeting Scheduled,2026-09-30,SR05,,No
L1321,Evergreen Online,E-COMMERCE,201-500,Noida,Website,Cloud Services,132.1,2026-06-30,Won,Closed,,SR05,805000.0,Yes
L1322,Uday Solutions,SaaS,201-500,Hyderabad,Referral,DevOps,,2026-07-01,Proposal,Not Interested,,SR04,1120000.0,No
L1323,Oasis Ventures,Logistics,201-500,Delhi,Website,Cybersecurity,44.5,2026-07-01,New,Follow-up Required,2026-09-19,SR03,,No
L1324,Himalaya Pvt Ltd,SaaS,51-200,Mumbai,LinkedIn,DevOps,35.9,2026-07-01,Qualified,Follow-up Required,2026-09-15,SR09,,No
L1325,Drift Cloudware,SaaS,201-500,Jaipur,Cold Calling,Software Development,127.6,2026-07-01,Qualified,Follow-up Required,2026-09-15,SR10,,No
L1326,Spark Group,Manufacturing,501-1000,Hyderabad,Email Campaign,Software Development,215.9,2026-07-01,Qualified,Follow-up Required,2026-09-01,SR08,,No
L1327,Oasis Health,Healthcare,51-200,Delhi,Referral,Software Development,31.8,2026-07-01,Contacted,Waiting for Response,2026-10-07,SR05,,No
L1328,Orbit Labs,E-commerce,1-50,Hyderabad,Email Campaign,Software Development,14.1,2026-07-01,New,Follow-up Required,2026-09-22,SR08,,No
L1329,Ridge Labs ,FinTech,1-50,Bengaluru,LinkedIn,Cloud Services,4.2,2026-07-01,Meeting,Contacted,2026-10-05,SR07,,No
L1330,Astra Care Systems,Healthcare,1000+,Delhi,Google Search,Cybersecurity,2083.5,2026-07-02,Qualified,Follow-up Required,2026-10-08,SR10,,No
L1331,Orbit EdTech,Education,51-200,Mumbai,Website,Cloud Services,50.9,2026-07-02,Proposal,Closed,,SR09,755000.0,No
L1332,Vivid Knowledge,Education,51-200,Delhi,Referral,Cloud Services,20.8,2026-07-02,Contacted,Follow-up Required,2026-09-23,SR10,,No
L1333,Aurora Technologies ,retail,501-1000,Noida,LinkedIn,Digital Transformation,412.4,2026-07-02,Proposal,Waiting for Response,2026-09-06,SR05,1890000.0,No
L1334,Vista Softech,Healthcare,1-50,Pune,Website,Digital Transformation,8.3,2026-07-02,New,Follow-up Required,2026-10-08,SR06,,No
L1335,Bluepeak Capital Tech,FinTech,1-50,Bengaluru,Email Campaign,Digital Transformation,8.9,2026-07-02,Qualified,Waiting for Response,2026-10-10,SR08,,No
L1336,Jolt Networks,Retail,51-200,Bengaluru,LinkedIn,Cybersecurity,15.7,2026-07-02,Meeting,Meeting Scheduled,2026-09-23,SR08,,No
L1337,Lotus Group,Healthcare,501-1000,Mumbai,COLD CALLING,Software Development,545.4,2026-07-02,Proposal,Follow-up Required,2026-09-20,SR06,1225000.0,No
L1338,Dhruv Labs,E-commerce,1-50,New Delhi,LinkedIn,DevOps,13.7,2026-07-03,Qualified,Waiting for Response,2026-09-19,SR05,,No
L1339,Lakshya Global,Retail,201-500,Mumbai,Cold Calling,Cloud Services,171.0,2026-07-03,Contacted,Not Interested,,SR09,,No
L1340,Vertex Online,E-commerce,1000+,Bengaluru,Events,Software Development,1746.5,2026-07-03,Contacted,Follow-up Required,2026-09-22,SR04,,No
L1341,Vivid Ventures,Healthcare,51-200,New Delhi,Google Search,Cybersecurity,17.7,2026-07-03,Proposal,Not Interested,,SR03,480000.0,No
L1342,Apex Cloudware,SaaS,1-50,Delhi,Referral,Cybersecurity,4.5,2026-07-03,New,Follow-up Required,2026-09-15,SR10,,No
L1343,Madhav Ventures,SaaS,1-50,Delhi,Events,Cloud Services,3.2,2026-07-03,Contacted,Contacted,2026-09-19,SR01,,No
L1344,Thrive Technologies,HEALTHCARE,501-1000,Pune,Email Campaign,Digital Transformation,556.1,2026-07-03,New,Follow-up Required,2026-10-02,SR09,,No
L1345,Jade Solutions,E-commerce,201-500,Mumbai,linkedin,Cloud Services,91.4,2026-07-03,New,Follow-up Required,2026-09-01,SR09,,No
L1346,Prism Finserv,FINTECH,1-50,Bengaluru,Website,Cloud Services,5.0,2026-07-03,New,Follow-up Required,2026-10-04,SR08,,No
L1347,Oasis MedTech,Healthcare,201-500,Bengaluru,Cold Calling,Digital Transformation,106.3,2026-07-03,Qualified,Not Interested,,SR04,,No
L1348,Vayu Technologies,Education,501-1000,Bengaluru,LinkedIn,Software Development,572.1,2026-07-03,Qualified,Follow-up Required,2026-09-28,SR04,,No
L1349,Ishaan Pvt Ltd,Healthcare,201-500,Mumbai ,Google Search,Cybersecurity,188.4,2026-07-04,Qualified,Meeting Scheduled,2026-09-29,SR06,,No
L1350,Summit Payments,FinTech,1000+,Delhi,Events,Software Development,1397.0,2026-07-04,Contacted,Waiting for Response,2026-09-24,SR03,,No
L1351,Paragon Technologies,Healthcare,201-500,Noida,Referral,DevOps,121.4,2026-07-04,Proposal,Waiting for Response,2026-10-03,SR01,620000.0,No
L1352,Thrive Components,Manufacturing,501-1000,Pune,Google Search,Digital Transformation,376.7,2026-07-04,Qualified,Follow-up Required,2026-09-29,SR09,,No
L1353,Astra Group ,E-commerce,51-200,Bengaluru,Referral,DevOps,33.1,2026-07-04,Qualified,Follow-up Required,2026-09-26,SR04,,No
L1354,Sagar Systems,FinTech,51-200,Jaipur,Referral,Cybersecurity,53.2,2026-07-04,Won,Closed,,SR05,565000.0,Yes
L1355,Xenon Wealth Tech,FinTech,51-200,Bengaluru,LinkedIn,Cybersecurity,19.0,2026-07-04,New,Follow-up Required,2026-09-21,SR07,,No
L1356,Drift Care Systems,Healthcare,51-200,Mumbai,Website,Cybersecurity,16.6,2026-07-05,New,Follow-up Required,2026-09-24,SR09,,No
L1357,Gravity Industrial,Manufacturing,201-500,Delhi,Cold Calling,DevOps,109.0,2026-07-05,New,Follow-up Required,2026-09-23,SR03,,No
L1358,Onyx Group,SaaS,1-50,Gurugram,Cold Calling,DevOps,11.2,2026-07-05,Qualified,Follow-up Required,2026-10-08,SR10,,No
L1359,Glide Ventures,SaaS,201-500,Hyderabad,Website,Digital Transformation,170.0,2026-07-05,Contacted,Waiting for Response,2026-10-03,SR08,,No
L1360,Echo Industries,SaaS,51-200,Delhi,Google Search,Cloud Services,55.8,2026-07-05,Won,Closed,,SR10,605000.0,Yes
L1361,Xenon Retail,Retail,1-50,Hyderabad,Referral,Cybersecurity,7.4,2026-07-05,New,Follow-up Required,2026-09-24,SR04,,No
L1362,Quantum Stores,Retail,201-500,Jaipur,Email Campaign,Digital Transformation,193.1,2026-07-05,Qualified,Contacted,2026-09-20,SR05,,No
L1363,Rudra Pvt Ltd,FinTech,1-50,Delhi,Cold Calling,Cloud Services,2.8,2026-07-05,New,Follow-up Required,2026-09-30,SR03,,No
L1364,Zeal Commerce,E-commerce,201-500,Pune ,Email Campaign,Software Development,111.5,2026-07-05,Qualified,Waiting for Response,2026-09-29,SR09,,No
L1365,Wavelet Systems,E-commerce,51-200,Mumbai,Google Search,Software Development,49.9,2026-07-05,New,Follow-up Required,2026-09-22,SR09,,No
L1366,Drift Systems,E-commerce,1-50,Pune,LinkedIn,Digital Transformation,5.4,2026-07-05,Contacted,Not Interested,,SR09,,No
L1367,Echo Solutions,Logistics,51-200,Hyderabad,Cold Calling,Software Development,10.3,2026-07-05,Qualified,Follow-up Required,2026-09-27,SR07,,No
L1368,Urban Health,healthcare,1000+,Mumbai,LinkedIn,Digital Transformation,679.5,06/07/2026,Won,Closed,,SR06,2500000.0,Yes
L1369,Hive Care Systems,Healthcare,51-200,Noida,LinkedIn,Cybersecurity,13.2,2026-07-06,Qualified,Follow-up Required,2026-09-27,SR10,,No
L1370,Uday Group,Logistics,1-50,Mumbai,LinkedIn,Digital Transformation,6.7,2026-07-06,Contacted,Not Interested,,SR06,,No
L1371,Bolt Group,FinTech,51-200,Pune,Events,Cybersecurity,36.1,2026-07-06,New,Follow-up Required,2026-10-09,SR06,,No
L1372,Ekam Labs,Manufacturing ,201-500,Mumbai,Events,DevOps,,2026-07-06,Proposal,Waiting for Response,2026-09-21,SR02,595000.0,No
L1373,Trident Supply Chain,Logistics,51-200,Delhi,Cold Calling,Digital Transformation,27.1,2026-07-07,New,Follow-up Required,2026-09-19,SR03,,No
L1374,Drift Technologies,logistics,51-200,Mumbai,Email Campaign,Software Development,55.0,2026-07-07,Qualified,Not Interested,,SR06,,No
L1375,Flux Cloudware,SaaS,51-200,Bangalore,Cold Calling,Cybersecurity,34.5,2026-07-07,Contacted,Follow-up Required,2026-10-03,SR07,,No
L1376,Spark Softech,retail,501-1000,Mumbai,LinkedIn,Digital Transformation,230.4,2026-07-07,Contacted,Waiting for Response,2026-09-30,SR06,,No
L1377,Yash Enterprises ,FinTech,1000+,Hyderabad,Cold Calling,Cloud Services,2289.6,2026-07-07,Meeting,Follow-up Required,2026-09-19,SR04,,No
L1378,Kaveri Solutions,SaaS,201-500,Delhi,Website,Digital Transformation,107.0,2026-07-07,Qualified,Not Interested,,SR03,,No
L1379,Narmada Apps,SaaS,1000+,Delhi,LinkedIn,DevOps,1842.5,2026-07-08,Qualified,Not Interested,,SR03,,No
L1380,Lumina Components,Manufacturing,1000+,Pune,Cold Calling,Digital Transformation,1174.3,2026-07-08,Contacted,Follow-up Required,2026-09-25,SR02,,No
L1381,Vista Engineering,Manufacturing,51-200,Bengaluru,Events,Digital Transformation,58.0,2026-07-08,New,Follow-up Required,2026-09-20,SR07,,No
L1382,Evergreen Academy Systems,Education,1000+,Bengaluru,Website,Cloud Services,2811.6,2026-07-08,Contacted,Not Interested,,SR04,,No
L1383,Flux Care Systems,Healthcare,201-500,Bengaluru,Cold Calling,Software Development,187.5,2026-07-08,New,Follow-up Required,2026-09-25,SR08,,No
L1384,Cobalt Capital Tech,FinTech,1-50,Delhi,LinkedIn,Software Development,12.1,2026-07-08,Qualified,Follow-up Required,2026-10-05,SR03,,No
L1385,Echo Systems,Healthcare,201-500,Bengaluru,Referral,Software Development,60.7,2026-07-08,Won,Closed,,SR04,1085000.0,Yes
L1386,Madhav Logistics,Logistics,201-500,Jaipur,LinkedIn,DevOps,86.4,2026-07-09,Won,Closed,,SR10,640000.0,Yes
L1387,Kestrel Online,E-commerce,501-1000,Hyderabad,Cold Calling,DevOps,472.8,2026-07-09,Contacted,Not Interested,,SR04,,No
L1388,Rudra Solutions,Logistics,201-500,Chennai,Referral,Digital Transformation,193.1,2026-07-09,Qualified,Follow-up Required,03/10/2026,SR07,,No
L1389,Bluepeak Ventures,Healthcare,501-1000,Jaipur,LinkedIn,Digital Transformation,435.0,2026-07-09,Contacted,Follow-up Required,2026-10-07,SR01,,No
L1390,Willow Commerce,E-commerce,201-500,Hyderabad,LinkedIn,Software Development,91.9,2026-07-09,Qualified,Follow-up Required,2026-09-19,SR08,,No
L1391,Nexora Ventures,Logistics,1000+,Chennai,Cold Calling,DevOps,2852.6,2026-07-09,New,Follow-up Required,2026-10-05,SR08,,No
L1392,Rudra Mart,Retail,501-1000,Gurgaon,LinkedIn,DevOps,310.1,2026-07-09,Qualified,Waiting for Response,2026-09-19,SR10,,No
L1393,Zeal Enterprises,SaaS,51-200,Mumbai,Referral,Cybersecurity,31.4,2026-07-09,Won,Closed,,SR06,590000.0,Yes
L1394,Alpine Health,Healthcare,51-200,New Delhi,Google Search,Cybersecurity,11.8,2026-07-09,Contacted,Follow-up Required,2026-09-22,SR01,,No
L1395,Solace Commerce,E-commerce,1-50,Delhi,LinkedIn,Digital Transformation,8.3,2026-07-09,Contacted,Follow-up Required,2026-10-06,SR01,,No
L1396,Kinetic Learning,Education,1-50,Hyderabad,Cold Calling,Digital Transformation,3.5,2026-07-09,Contacted,Follow-up Required,2026-09-04,SR04,,No
L1397,Aryan Industrial,Manufacturing,51-200,Delhi,Cold Calling,Software Development,40.8,2026-07-10,Qualified,Meeting Scheduled,2026-10-01,SR05,,No
L1398,Rudra Ventures,FinTech,51-200,Chennai,LinkedIn,Cybersecurity,24.7,2026-07-10,Contacted,Contacted,2026-10-01,SR08,,No
L1399,Narmada MedTech,Healthcare,201-500,Pune,Cold Calling,Cybersecurity,150.8,2026-07-10,Contacted,Contacted,09/09/2026,SR09,,No
L1400,Falcon Wealth Tech,FinTech,201-500,Pune,Cold Calling,DevOps,43.8,2026-07-10,New,Follow-up Required,2026-09-19,SR09,,No
L1401,Solace Cloudware,SaaS,1-50,Bengaluru,LinkedIn,Cloud Services,11.5,2026-07-10,Won,Closed,,SR04,225000.0,Yes
L1402,Trident Systems,Retail,51-200,Mumbai,LinkedIn,Cloud Services,26.7,10/07/2026,Meeting,Meeting Scheduled,2026-09-19,SR02,,No
L1403,Himalaya Manufacturing,Manufacturing,1000+,Delhi,Referral,DevOps,2303.4,2026-07-10,Qualified,Follow-up Required,2026-10-05,SR01,,No
L1404,Banyan Industries,Manufacturing,51-200,Bengaluru,Email Campaign,Digital Transformation,35.2,2026-07-11,Meeting,Follow-up Required,2026-09-27,SR07,,No
L1405,Prism Brands,Retail,51-200,Noida,LinkedIn,Digital Transformation,57.7,2026-07-11,Contacted,Waiting for Response,2026-09-15,SR10,,No
L1406,Rudra Softech,SaaS,1-50,Delhi,Referral,Cloud Services,2.3,2026-07-11,Proposal,Waiting for Response,2026-09-27,SR01,375000.0,No
L1407,Evergreen Enterprises,Education,1-50,Hyderabad,Website,Software Development,14.8,2026-07-11,Contacted,Not Interested,,SR07,,No
L1408,Spark Global,E-commerce,501-1000,Delhi,Google Search,Cybersecurity,521.2,2026-07-11,New,Follow-up Required,2026-09-21,SR03,,No
L1409,Harbor Industries,SAAS,1-50,Bengaluru,Website,DevOps,4.4,2026-07-11,New,Follow-up Required,2026-10-02,SR04,,No
L1410,Jade Supply Chain,Logistics,51-200,Mumbai,LinkedIn,DevOps,21.6,2026-07-11,Proposal,Follow-up Required,2026-10-09,SR06,305000.0,No
L1411,Cedar Mart,Retail,501-1000,Delhi,Referral,Digital Transformation,174.4,2026-07-11,Qualified,Contacted,2026-09-25,SR10,,No
L1412,Ekam Networks,FinTech,1-50,Gurgaon,Cold Calling,Digital Transformation,7.1,2026-07-11,Contacted,Contacted,2026-09-19,SR01,,No
L1413,Glide Solutions,Education,51-200,Pune,LinkedIn,Digital Transformation,55.7,2026-07-12,Meeting,Follow-up Required,2026-09-29,SR09,,No
L1414,Zenith Industries,Healthcare,1-50,New Delhi,Cold Calling,Cybersecurity,4.8,2026-07-12,Contacted,Waiting for Response,2026-10-04,SR01,,No
L1415,Bolt Online,E-COMMERCE,51-200,Bengaluru,Cold Calling,Software Development,17.2,2026-07-12,New,Follow-up Required,2026-09-21,SR07,,No
L1416,Harbor Technologies,Healthcare,51-200,Mumbai,Website,Cloud Services,59.0,2026-07-12,Meeting,Not Interested,,SR02,,No
L1417,Lumina Engineering,Manufacturing,201-500,Hyderabad,LinkedIn,Software Development,145.7,2026-07-12,Contacted,Not Interested,,SR08,,No
L1418,Radiant Payments,FinTech,1-50,Bengaluru,Google Search,Cloud Services,3.1,2026-07-12,Qualified,Follow-up Required,2026-10-08,SR08,,No
L1419,Umbra Solutions,Logistics,51-200,Delhi,Referral,Software Development,56.7,2026-07-12,New,Follow-up Required,2026-09-27,SR05,,No
L1420,Cobalt Industrial,Manufacturing,501-1000,Jaipur,linkedin,DevOps,189.3,2026-07-12,New,Follow-up Required,2026-09-15,SR01,,No
L1421,Quest Networks,Retail,1-50,Chennai,Google Search,Cloud Services,8.1,2026-07-13,Proposal,Waiting for Response,2026-09-27,SR07,370000.0,No
L1422,Solace Group,Manufacturing,1-50,Pune,Website,Digital Transformation,11.9,2026-07-13,Qualified,Follow-up Required,2026-09-24,SR06,,No
L1423,Vanguard Diagnostics,Healthcare,1000+,Mumbai,LinkedIn,Digital Transformation,2403.9,2026-07-13,Won,Closed,,SR09,2365000.0,Yes
L1424,Pulse Payments,FinTech,51-200,Mumbai,Cold Calling,Cloud Services,50.0,2026-07-13,Qualified,Meeting Scheduled,2026-09-29,SR02,,No
L1425,Bluepeak Labs,Healthcare,201-500,Gurgaon,Google Search,Cloud Services,181.2,2026-07-13,Proposal,Follow-up Required,2026-10-07,SR10,1005000.0,No
L1426,Neptune Technologies,Retail,201-500,Delhi,LinkedIn,Cybersecurity,137.6,2026-07-13,Contacted,Not Interested,,SR01,,No
L1427,Evergreen Knowledge,Education,201-500,Ahmedabad,Cold Calling,Cloud Services,44.9,2026-07-13,New,Follow-up Required,2026-09-22,SR06,,No
L1428,Uday Enterprises,E-commerce,1-50,Delhi,LinkedIn,DevOps,5.1,2026-07-14,Contacted,Contacted,2026-09-21,SR05,,No
L1429,Vivid Labs,Retail,1-50,Noida,LinkedIn,Digital Transformation,12.8,2026-07-14,Qualified,Follow-up Required,2026-09-23,SR10,,No
L1430,Nexora Software,SaaS,1-50,Hyderabad,LinkedIn,Software Development,5.4,2026-07-14,Qualified,Not Interested,,SR04,,No
L1431,Tundra Technologies,E-commerce,201-500,Bengaluru,Cold Calling,Software Development,129.1,2026-07-14,Contacted,Contacted,2026-08-30,SR08,,No
L1432,Ion Solutions,E-commerce,501-1000,Mumbai,LinkedIn,Digital Transformation,524.0,2026-07-14,New,Follow-up Required,2026-10-02,SR02,,No
L1433,Vayu Health,Healthcare,51-200,Pune,Email Campaign,Cloud Services,,2026-07-14,Contacted,Contacted,2026-10-07,SR02,,No
L1434,Willow Stores,Retail,501-1000,Ahmedabad,Website,Software Development,250.9,2026-07-14,New,Follow-up Required,2026-09-30,SR06,,No
L1435,Relay Payments,FinTech,51-200,Mumbai,Google Search,DevOps,24.0,2026-07-14,Won,Closed,,SR09,300000.0,Yes
L1436,Meridian Pvt Ltd,Manufacturing,1-50,Delhi,Website,Digital Transformation,6.6,2026-07-14,New,Follow-up Required,2026-09-13,SR03,,No
L1437,Paragon Supply Chain,Logistics,51-200,Bengaluru,Cold Calling,Software Development,15.2,2026-07-14,Contacted,Waiting for Response,2026-10-02,SR08,,No
L1438,Wavelet Apps,SaaS,1000+,Hyderabad,Events,DevOps,1396.9,2026-07-14,Contacted,Not Interested,,SR07,,No
L1439,Quartz Finserv,FinTech,201-500,Mumbai ,LinkedIn,Digital Transformation,181.3,2026-07-14,Contacted,Follow-up Required,2026-10-03,SR09,,No
L1440,Vanguard Learning,Education,201-500,Mumbai,Cold Calling,Software Development,170.1,2026-07-14,New,Follow-up Required,2026-10-10,SR06,,No
L1441,Crest Retail,retail,201-500,Pune,Website,Cybersecurity,168.0,2026-07-14,New,Follow-up Required,2026-10-01,SR06,,No
L1442,Trident Learning,Education,1000+,Noida,Events,Software Development,1435.4,2026-07-15,Qualified,Waiting for Response,2026-09-30,SR03,,No
L1443,Optima Softech,Logistics,1-50,Hyderabad,Events,Software Development,5.0,2026-07-15,Meeting,Waiting for Response,2026-10-07,SR04,,No
L1444,Bharat MedTech, Healthcare,1000+,Hyderabad,Email Campaign,DevOps,1045.2,2026-07-15,Meeting,Waiting for Response,2026-09-19,SR08,,No
L1445,Pulse Cargo,logistics,51-200,Hyderabad,Email Campaign,Digital Transformation,42.8,2026-07-15,New,Follow-up Required,2026-09-14,SR07,,No
L1446,Ion Care Systems,Healthcare,1000+,,Cold Calling,Digital Transformation,923.5,2026-07-16,Meeting,Follow-up Required,2026-09-26,SR09,,No
L1447,Quantum Industries,SaaS,51-200,Bengaluru,Cold Calling,Software Development,38.8,2026-07-16,Qualified,Follow-up Required,2026-09-01,SR04,,No
L1448,Bolt Cargo,Logistics,51-200,Bengaluru,Referral,Cloud Services,43.8,2026-07-16,Qualified,Waiting for Response,2026-09-23,SR07,,No
L1449,Sagar MedTech,Healthcare,51-200,Mumbai,Google Search,Software Development,37.3,2026-07-16,New,Follow-up Required,2026-10-07,SR06,,No
L1450,Yonder Networks,FinTech,51-200,Noida,Email Campaign,Digital Transformation,14.8,2026-07-16,New,Follow-up Required,2026-09-24,SR05,,No
L1451,Oasis Networks,E-commerce,501-1000,Bengaluru,Cold Calling,Software Development,476.3,2026-07-16,Contacted,Waiting for Response,2026-10-01,SR04,,No
L1452,Madhav Manufacturing,Manufacturing,501-1000,,Events,DevOps,197.1,2026-07-16,Qualified,Waiting for Response,2026-10-10,SR03,,No
L1453,Quantum Commerce,E-commerce,501-1000,Noida,Website,Cloud Services,204.0,2026-07-16,Qualified,Meeting Scheduled,2026-10-02,SR03,,No
L1454,Umbra Health,Healthcare,51-200,Bengaluru,Email Campaign,Software Development,56.4,2026-07-16,Meeting,Not Interested,,SR04,,No
L1455,Kinetic Industries,Education,51-200,Chennai,Website,Digital Transformation,34.2,2026-07-16,Contacted,Follow-up Required,2026-09-30,SR08,,No
L1456,Solace Learning,Education,501-1000,Mumbai,LinkedIn,Software Development,541.5,2026-07-16,Contacted,Waiting for Response,2026-10-05,SR09,,No
L1457,Wavelet Diagnostics,Healthcare,1-50,Hyderabad,Website,Digital Transformation,11.0,2026-07-16,Contacted,Not Interested,,SR04,,No
L1458,Onyx Cargo,Logistics,1-50,Mumbai,Referral,Digital Transformation,5.7,2026-07-16,Qualified,Follow-up Required,2026-09-16,SR06,,No
L1459,Hive Diagnostics,Healthcare,1-50,Mumbai,Cold Calling,Cloud Services,2.2,2026-07-16,Won,Closed,,SR06,220000.0,Yes
L1460,Lotus Global,Manufacturing,501-1000,Mumbai,LinkedIn,DevOps,322.8,2026-07-16,Qualified,Follow-up Required,2026-09-26,SR02,,No
L1461,Prism Online,E-commerce,501-1000,Jaipur,Email Campaign,Cloud Services,374.6,2026-07-16,Qualified,Waiting for Response,2026-10-06,SR10,,No
L1462,Willow Apps,SaaS,201-500,Pune,Referral,DevOps,76.4,2026-07-17,Contacted,Waiting for Response,2026-10-08,SR06,,No
L1463,Helix Finserv,FinTech,201-500,Noida,Email Campaign,Cybersecurity,91.3,2026-07-17,New,Follow-up Required,2026-09-19,SR05,,No
L1464,Drift Platforms,SaaS,201-500,Delhi,LinkedIn,DevOps,198.0,2026-07-17,Contacted,Not Interested,,SR03,,No
L1465,Xenon Ventures,E-commerce,501-1000,Bengaluru,LinkedIn,Cloud Services,379.6,2026-07-17,Qualified,Contacted,2026-09-12,SR07,,No
L1466,Titan Retail Tech,E-commerce,1-50,Delhi,Email Campaign,Cloud Services,7.1,2026-07-17,Contacted,Follow-up Required,2026-10-10,SR10,,No
L1467,Vayu Online,E-commerce,51-200,Jaipur,Cold Calling,Cloud Services,50.5,2026-07-17,New,Follow-up Required,2026-10-03,SR05,,No
L1468,Spark Software,SaaS,1-50,Mumbai,Email Campaign,Cloud Services,4.3,2026-07-17,New,Follow-up Required,2026-09-20,SR02,,No
L1469,Garuda Retail Tech,E-commerce,1000+,Ahmedabad,Events,DevOps,1295.7,2026-07-17,Qualified,Waiting for Response,06/10/2026,SR02,,No
L1470,Glide Health,Healthcare,1-50,Pune,Website,Digital Transformation,3.1,2026-07-17,Contacted,Contacted,2026-09-19,SR06,,No
L1471,Sapphire Systems,E-commerce,1-50,Hyderabad,Cold Calling,Cybersecurity,6.1,2026-07-17,Qualified,Contacted,2026-09-29,SR08,,No
L1472,Dhruv Group,LOGISTICS,501-1000,Hyderabad,email campaign,Cloud Services,387.4,2026-07-18,Won,Closed,,SR04,1745000.0,Yes
L1473,Quest Global,Education,201-500,Bengaluru,LinkedIn,Cybersecurity,134.9,2026-07-18,New,Follow-up Required,2026-10-04,SR04,,No
L1474,Unity Technologies,Healthcare,51-200,Delhi,Cold Calling,Cloud Services,12.1,2026-07-18,Contacted,Follow-up Required,2026-09-27,SR01,,No
L1475,Xenon Platforms,SaaS,1-50,Mumbai,Email Campaign,Software Development,8.4,2026-07-18,Qualified,Waiting for Response,2026-10-09,SR09,,No
L1476,Chakra Care Systems,Healthcare,201-500,Jaipur,Website,Digital Transformation,88.6,2026-07-18,Won,Closed,,SR03,1260000.0,Yes
L1477,Aryan Global,E-commerce,501-1000,Bengaluru,Google Search,Software Development,495.1,18/07/2026,Contacted,Not Interested,,SR08,,No
L1478,Nimbus Retail Tech,E-commerce,201-500,Noida,Events,Cloud Services,75.0,2026-07-18,Proposal,Closed,,SR01,1325000.0,No
L1479,Wisp Enterprises,SaaS,51-200,Chennai,LinkedIn,Software Development,47.9,2026-07-18,Contacted,Not Interested,,SR08,,No
L1480,Lumina Diagnostics,Healthcare,51-200,Mumbai,Email Campaign,Software Development,26.7,2026-07-18,Contacted,Not Interested,,SR09,,No
L1481,Wavelet Marketplace,E-commerce,1-50,Delhi,Events,Cloud Services,2.6,2026-07-18,Qualified,Not Interested,,SR05,,No
L1482,Ishaan Technologies,Retail,51-200,Gurgaon,Website,Software Development,21.0,2026-07-19,New,Follow-up Required,2026-10-04,SR01,,No
L1483,Prana Ventures,Healthcare,1000+,Ahmedabad,Website,Cybersecurity,922.5,2026-07-19,Qualified,Not Interested,,SR09,,No
L1484,Ridge Cloudware,saas,501-1000,Mumbai,Website,Software Development,374.0,2026-07-19,Contacted,Follow-up Required,2026-09-19,SR06,,No
L1485,Onyx Apps,SaaS,201-500,Bengaluru,Events,Cloud Services,182.3,2026-07-19,Won,Closed,,SR04,630000.0,Yes
L1486,Nimbus Pvt Ltd,Healthcare,51-200,Mumbai,LinkedIn,DevOps,39.5,2026-07-19,Contacted,Follow-up Required,2026-09-02,SR02,,No
L1487,Bolt Pvt Ltd,Education,1000+,Pune,Referral,DevOps,2842.4,2026-07-19,Proposal,Closed,,SR06,2210000.0,No
L1488,Vayu Logistics,Logistics,201-500,Hyderabad,Events,Cybersecurity,43.0,2026-07-19,Contacted,Not Interested,,SR04,,No
L1489,Loop Components,Manufacturing,501-1000,Pune,Referral,Digital Transformation,586.8,2026-07-19,Meeting,Waiting for Response,2026-09-20,SR09,,No
L1490,Indus Enterprises,Education,1000+,Mumbai,Events,Digital Transformation,766.2,2026-07-19,Meeting,Follow-up Required,2026-09-23,SR09,,No
L1491,Meridian Systems,Education,1-50,Delhi,Email Campaign,Cloud Services,5.1,2026-07-19,New,Follow-up Required,2026-10-07,SR05,,No
L1492,Kinetic Care Systems,Healthcare,1000+,Mumbai,Cold Calling,Cloud Services,1656.7,2026-07-20,Meeting,Waiting for Response,2026-09-25,SR09,,No
L1493,Uday Supply Chain,Logistics,51-200,Mumbai,Website,Software Development,10.4,2026-07-20,Contacted,Follow-up Required,2026-08-30,SR06,,No
L1494,Delta Ventures ,Education,51-200,Hyderabad ,LinkedIn,Cloud Services,15.5,2026-07-20,Contacted,Follow-up Required,2026-09-21,SR04,,No
L1495,Indus EdTech,EDUCATION,51-200,Pune,Google Search,Cloud Services,29.9,2026-07-20,Meeting,Follow-up Required,2026-09-22,SR02,,No
L1496,Sagar Finserv,FinTech,1000+,Pune,Email Campaign,Cybersecurity,2994.0,2026-07-20,Qualified,Waiting for Response,2026-09-03,SR09,,No
L1497,Kaveri Brands,retail,201-500,Mumbai,Events,Digital Transformation,84.9,2026-07-20,Qualified,Follow-up Required,2026-09-26,SR09,,No
L1498,Evergreen Wealth Tech,FinTech,201-500,Hyderabad,LinkedIn,Digital Transformation,105.9,2026-07-21,Won,Closed,,SR04,775000.0,Yes
L1499,Optima Capital Tech,FinTech,51-200,Gurgaon,Website,Software Development,19.3,2026-07-21,New,Follow-up Required,2026-09-19,SR10,,No
L1500,Wavelet Networks,E-commerce,1-50,Ahmedabad,LinkedIn,DevOps,10.8,2026-07-21,Qualified,Not Interested,,SR06,,No
L1501,Nimbus Supply Chain,Logistics,1000+,Gurgaon,Google Search,Software Development,2879.0,2026-07-21,New,Follow-up Required,2026-09-12,SR10,,No
L1502,Falcon Retail Tech,E-commerce,201-500,Bengaluru,Cold Calling,Cloud Services,42.8,2026-07-21,Contacted,Waiting for Response,2026-09-01,SR07,,No
L1503,Hive Cargo,Logistics,1-50,Jaipur,LinkedIn,Cloud Services,5.5,2026-07-21,Contacted,Not Interested,,SR10,,No
L1504,Kaveri Technologies,Logistics,1000+,Jaipur,Cold Calling,Digital Transformation,2193.4,2026-07-21,Meeting,Waiting for Response,2026-09-08,SR05,,No
L1505,Echo Retail Tech,E-commerce,201-500,Bengaluru,Email Campaign,Digital Transformation,183.6,2026-07-22,New,Follow-up Required,2026-09-18,SR07,,No
L1506,Delta Academy Systems,Education,51-200,Pune,Google Search,Cloud Services,43.7,2026-07-22,Qualified,Follow-up Required,2026-09-26,SR09,,No
L1507,Apex Capital Tech, FinTech,51-200,Chennai,Website,DevOps,41.8,2026-07-22,Meeting,Meeting Scheduled,2026-09-23,SR08,,No
L1508,Paragon Cloudware,SaaS,1-50,Noida,LinkedIn,Digital Transformation,13.9,2026-07-22,New,Follow-up Required,2026-10-09,SR05,,No
L1509,Ekam EdTech,Education,201-500,Bengaluru,LinkedIn,Software Development,131.1,2026-07-22,New,Follow-up Required,2026-10-03,SR07,,No
L1510,Aryan Technologies,Manufacturing,201-500,Bengaluru,Cold Calling,Digital Transformation,150.3,2026-07-22,Contacted,Waiting for Response,2026-10-04,SR07,,No
L1511,Garuda Marketplace,E-commerce,51-200,Delhi,Events,Cybersecurity,20.0,2026-07-22,New,Follow-up Required,2026-09-04,SR10,,No
L1512,Jade Academy Systems,Education,201-500,Gurgaon,LinkedIn,Software Development,174.9,2026-07-23,Meeting,Waiting for Response,2026-09-20,SR01,,No
L1513,Meridian Cloudware,SaaS,501-1000,Hyderabad,Cold Calling,DevOps,266.0,2026-07-23,New,Follow-up Required,2026-09-12,SR08,,No
L1514,Quartz Retail Tech,E-commerce,51-200,Delhi,LinkedIn,Cybersecurity,23.5,2026-07-23,Meeting,Meeting Scheduled,2026-10-03,SR01,,No
L1515,Loop Marketplace,E-commerce,201-500,Gurgaon,Cold Calling,Software Development,116.0,2026-07-23,New,Follow-up Required,2026-09-21,SR03,,No
L1516,Orbit Engineering ,Manufacturing,201-500,Delhi,Cold Calling,Digital Transformation,99.9,2026-07-23,New,Follow-up Required,2026-10-03,SR01,,No
L1517,Zest Enterprises,FinTech,201-500,Hyderabad,website,DevOps,170.3,2026-07-24,Contacted,Not Interested,,SR08,,No
L1518,Kaveri Engineering,MANUFACTURING,51-200,Mumbai,Website,DevOps,37.2,2026-07-24,New,Follow-up Required,2026-09-14,SR02,,No
L1519,Loop Labs,Retail,501-1000,Delhi,Website,Digital Transformation,190.3,2026-07-24,Contacted,Waiting for Response,2026-09-28,SR03,,No
L1520,Ion Enterprises,SaaS ,201-500,,Website,Software Development,,2026-07-24,New,Follow-up Required,2026-09-21,SR07,,No
L1521,Pinnacle Labs,E-commerce,1-50,,LinkedIn,DevOps,4.4,2026-07-24,New,Follow-up Required,2026-09-19,SR06,,No
L1522,Garuda Group,SaaS,201-500,Bengaluru,LinkedIn,DevOps,,2026-07-25,Proposal,Not Interested,,SR08,1030000.0,No
L1523,Paragon Wealth Tech,FinTech,1000+,Hyderabad,Referral,Cybersecurity,2254.2,2026-07-25,Won,Closed,,SR07,2085000.0,Yes
L1524,Rudra Enterprises,Education,201-500,Hyderabad ,Cold Calling,Digital Transformation,181.8,2026-07-25,New,Follow-up Required,2026-10-08,SR08,,No
L1525,Horizon Academy Systems,Education,1000+,Hyderabad,Referral,Digital Transformation,699.2,2026-07-25,Meeting,Follow-up Required,2026-10-01,SR04,,No
L1526,Gravity Diagnostics,Healthcare,1-50,Bengaluru,Cold Calling,Cybersecurity,3.2,2026-07-25,Contacted,Not Interested,,SR07,,No
L1527,Relay Components,Manufacturing,51-200,Hyderabad,Email Campaign,Digital Transformation,52.0,2026-07-25,New,Follow-up Required,2026-09-22,SR08,,No
L1528,Lakshya Freight,Logistics,201-500,Noida,Website,Digital Transformation,119.8,2026-07-25,Qualified,Follow-up Required,2026-09-27,SR10,,No
L1529,Wisp Stores,Retail,51-200,,Cold Calling,Digital Transformation,28.5,2026-07-25,New,Follow-up Required,2026-09-08,SR02,,No
L1530,Sapphire Retail,Retail,201-500,Mumbai,Events,Cloud Services,43.6,2026-07-25,New,Follow-up Required,2026-09-27,SR09,,No
L1531,Summit Softech,Retail,1-50,Mumbai,LinkedIn,Digital Transformation,2.8,2026-07-26,New,Follow-up Required,2026-10-01,SR06,,No
L1532,Relay Health,Healthcare,1-50,Bengaluru,Cold Calling,Digital Transformation,7.4,2026-07-26,New,Follow-up Required,2026-09-15,SR08,,No
L1533,Zephyr Components,Manufacturing ,51-200,Delhi,Cold Calling,Digital Transformation,10.6,2026-07-26,New,Follow-up Required,08/09/2026,SR10,,No
L1534,Radiant Labs ,Manufacturing,201-500,Bengaluru,Cold Calling,Digital Transformation,47.6,2026-07-26,New,Follow-up Required,2026-09-30,SR04,,No
L1535,Hive Online,E-commerce,1000+,Chennai,Referral,Cybersecurity,794.0,2026-07-26,New,Follow-up Required,07/10/2026,SR08,,No
L1536,Prana Engineering,Manufacturing,501-1000,Mumbai,Cold Calling,Digital Transformation,272.9,2026-07-26,Qualified,Contacted,2026-09-05,SR09,,No
L1537,Meridian Manufacturing,Manufacturing,1-50,Delhi,LinkedIn,Cybersecurity,9.2,2026-07-26,Meeting,Waiting for Response,2026-09-29,SR05,,No
L1538,Radiant Solutions,Healthcare,1-50,Bengaluru,referral,Cloud Services,14.2,2026-07-26,Contacted,Contacted,2026-10-07,SR04,,No
L1539,Prana Solutions ,Manufacturing,51-200,Mumbai,Cold Calling,Cloud Services,54.1,2026-07-26,Contacted,Not Interested,,SR09,,No
L1540,Cedar Stores,Retail,1000+,Jaipur,Website,Digital Transformation,619.2,2026-07-26,Contacted,Waiting for Response,2026-09-22,SR05,,No
L1541,Willow Logistics,Logistics,201-500,Gurgaon,LinkedIn,Digital Transformation,106.2,2026-07-26,Contacted,Not Interested,,SR03,,No
L1542,Helix Platforms,SaaS,201-500,Mumbai,Cold Calling,Software Development,147.9,2026-07-26,Qualified,Contacted,2026-09-19,SR06,,No
L1543,Bolt Industries,Education,51-200,Bengaluru,Cold Calling,Digital Transformation,52.5,2026-07-27,New,Follow-up Required,2026-09-25,SR07,,No
L1544,Ion Networks,Healthcare,501-1000,Mumbai,Google Search,Software Development,414.1,2026-07-27,Qualified,Contacted,2026-09-21,SR09,,No
L1545,Cobalt Pvt Ltd,FinTech,1-50,Delhi,Cold Calling,Software Development,10.0,2026-07-27,New,Follow-up Required,2026-09-29,SR05,,No
L1546,Crest Logistics,Logistics,501-1000,Pune,Email Campaign,Cloud Services,471.7,2026-07-28,Qualified,Waiting for Response,2026-09-19,SR02,,No
L1547,Mosaic Learning,Education,201-500,,LinkedIn,Software Development,155.7,2026-07-28,Qualified,Meeting Scheduled,2026-09-24,SR07,,No
L1548,Sapphire Industrial,Manufacturing,201-500,Bengaluru,Cold Calling,DevOps,82.1,2026-07-28,Contacted,Not Interested,,SR04,,No
L1549,Kinetic Labs,manufacturing,1-50,Hyderabad,Referral,Software Development,14.9,2026-07-28,Contacted,Waiting for Response,2026-09-08,SR07,,No
L1550,Meridian Solutions,SaaS,201-500,Bengaluru,Email Campaign,Digital Transformation,130.1,2026-07-28,Meeting,Meeting Scheduled,22/09/2026,SR08,,No
L1551,Rudra Wealth Tech,FINTECH,201-500,Bengaluru,Email Campaign,Software Development,103.6,2026-07-28,Contacted,Follow-up Required,2026-10-10,SR07,,No
L1552,Umbra Retail Tech,E-commerce,1000+,Pune,Referral,Digital Transformation,1195.2,2026-07-28,New,Follow-up Required,2026-10-06,SR02,,No
L1553,Ekam Retail,Retail,51-200,Bengaluru,Referral,Cloud Services,59.8,2026-07-28,Qualified,Contacted,2026-10-08,SR07,,No
L1554,Yash Payments,FinTech,501-1000,Delhi,Cold Calling,Cybersecurity,159.0,2026-07-28,Qualified,Waiting for Response,2026-10-09,SR10,,No
L1555,Himalaya Global,E-commerce,51-200,Ahmedabad ,Cold Calling,Digital Transformation,26.0,2026-07-28,New,Follow-up Required,2026-10-08,SR02,,No
L1556,Vista Software ,SaaS,1-50,Chennai,Cold Calling,Cloud Services,13.9,2026-07-28,Contacted,Waiting for Response,2026-10-08,SR07,,No
L1557,Zephyr Global,SaaS,1000+,Pune,LinkedIn,DevOps,2275.6,2026-07-28,Won,Closed,,SR09,1920000.0,Yes
L1558,Mantra Enterprises ,E-commerce ,201-500,Bengaluru,Referral,Cloud Services,153.0,2026-07-28,New,Follow-up Required,2026-09-24,SR07,,No
L1559,Unity Industrial,Manufacturing,201-500,Bengaluru,LinkedIn,Digital Transformation,,2026-07-28,Qualified,Contacted,2026-10-03,SR04,,No
L1560,Zephyr EdTech,Education,1000+,,LinkedIn,Cloud Services,1915.1,2026-07-29,Meeting,Not Interested,,SR01,,No
L1561,Unity Logistics,Logistics,201-500,Pune,LinkedIn,Software Development,117.5,2026-07-29,New,Follow-up Required,2026-10-02,SR06,,No
L1562,Pulse Marketplace,E-commerce,51-200,,Cold Calling,Cloud Services,14.2,2026-07-29,Contacted,Contacted,2026-09-24,SR01,,No
L1563,Prana Retail Tech,E-COMMERCE,201-500,Delhi,Cold Calling,DevOps,95.6,2026-07-29,Contacted,Waiting for Response,2026-10-10,SR01,,No
L1564,Bharat Systems,Logistics,51-200,Mumbai,Cold Calling,Digital Transformation,54.0,2026-07-29,New,Follow-up Required,2026-09-19,SR06,,No
L1565,Sapphire Technologies,Retail,51-200,Pune,Email Campaign,Software Development,40.6,2026-07-29,Contacted,Contacted,2026-09-11,SR09,,No
L1566,Echo MedTech,Healthcare,1000+,Noida,Website,Software Development,959.7,2026-07-29,New,Follow-up Required,2026-10-03,SR05,,No
L1567,Jade Diagnostics,Healthcare,1-50,Bengaluru,Events,DevOps,,2026-07-29,Proposal,Not Interested,,SR08,165000.0,No
L1568,Helix Pvt Ltd,Healthcare,1000+,Mumbai,cold calling,Software Development,2041.7,2026-07-29,Meeting,Meeting Scheduled,2026-10-03,SR06,,No
L1569,Flux Knowledge,Education,501-1000,Pune,Referral,Cloud Services,299.4,2026-07-30,Proposal,Closed,,SR09,1095000.0,No
L1570,Unity Knowledge,Education,1-50,Gurgaon,Cold Calling,Digital Transformation,2.3,2026-07-30,New,Follow-up Required,2026-09-01,SR10,,No
L1571,Urban Systems,Education,201-500,Gurgaon,Cold Calling,Cloud Services,54.9,2026-07-30,Contacted,Waiting for Response,2026-09-24,SR01,,No
L1572,Nexora Enterprises,FinTech,1000+,Chennai,Referral,Software Development,2616.3,2026-07-30,Qualified,Follow-up Required,2026-09-22,SR07,,No
L1573,Summit Software,SaaS,201-500,Pune,Cold Calling,DevOps,,2026-07-30,New,Follow-up Required,2026-10-09,SR06,,No
L1574,Oasis Stores,Retail,1-50,,LinkedIn,DevOps,9.0,2026-07-30,Meeting,Meeting Scheduled,2026-09-28,SR05,,No
L1575,Sagar Softech,SaaS,201-500,Mumbai,Cold Calling,Cybersecurity,158.3,2026-07-30,Contacted,Contacted,2026-10-02,SR06,,No
L1576,Kestrel Marketplace,E-COMMERCE,1000+,Pune,Cold Calling,Cloud Services,2976.1,2026-07-30,Qualified,Waiting for Response,2026-10-09,SR09,,No
L1577,Aryan Health,Healthcare,201-500,Mumbai,LinkedIn,Cloud Services,200.0,2026-07-30,Contacted,Follow-up Required,2026-09-19,SR06,,No
L1578,Loop Global,Retail,51-200,Chennai,Cold Calling,Digital Transformation,27.5,2026-07-30,New,Follow-up Required,2026-09-27,SR08,,No
L1579,Zephyr Learning,Education,51-200,Bengaluru,Cold Calling,Cloud Services,28.7,2026-07-30,New,Follow-up Required,2026-09-19,SR04,,No
L1580,Crest Stores,Retail,501-1000,Gurugram,Cold Calling,Cloud Services,436.9,2026-07-31,New,Follow-up Required,2026-10-04,SR01,,No
L1581,Hive Engineering,Manufacturing,51-200,Mumbai,Email Campaign,Cloud Services,47.5,2026-07-31,New,Follow-up Required,2026-09-04,SR09,,No
L1582,Indus Cloudware,SaaS,501-1000,Mumbai,Cold Calling,Software Development,357.4,2026-07-31,Contacted,Contacted,2026-09-15,SR06,,No
L1583,Vanguard Software,SaaS,51-200,Bengaluru,COLD CALLING,DevOps,19.4,2026-07-31,New,Follow-up Required,2026-09-27,SR07,,No
L1584,Apex Pvt Ltd,Retail,201-500,Mumbai,Cold Calling,Software Development,169.1,2026-07-31,New,Follow-up Required,2026-10-07,SR02,,No
L1585,Flux Retail Tech,E-COMMERCE,1-50,Bengaluru,Website,Software Development,11.7,2026-07-31,New,Follow-up Required,2026-09-24,SR04,,No
L1586,Spark Systems,Manufacturing,51-200,Chennai,Cold Calling,Digital Transformation,39.7,2026-07-31,Qualified,Waiting for Response,2026-09-30,SR08,,No
L1587,Bharat Health,Healthcare,201-500,Chennai,LinkedIn,Digital Transformation,136.6,2026-07-31,New,Follow-up Required,2026-09-25,SR04,,No
L1588,Quest Enterprises,Healthcare,51-200,Pune,Events,Digital Transformation,32.9,2026-08-01,New,Follow-up Required,2026-09-19,SR02,,No
L1589,Wavelet Cloudware,SaaS,501-1000,Mumbai,Cold Calling,DevOps,156.8,2026-08-01,New,Follow-up Required,2026-09-19,SR06,,No
L1590,Lakshya Group,Retail,201-500,Mumbai,Cold Calling,Cloud Services,65.8,2026-08-01,New,Follow-up Required,2026-10-06,SR09,,No
L1591,Zenith Global,Manufacturing,1000+,Gurgaon,Cold Calling,Digital Transformation,,2026-08-01,New,Follow-up Required,2026-10-06,SR01,,No
L1592,Meridian Softech,SaaS,51-200,Noida,Cold Calling,DevOps,19.3,2026-08-01,New,Follow-up Required,2026-09-26,SR01,,No
L1593,Kestrel Components,Manufacturing,201-500,Mumbai,Cold Calling,Digital Transformation,193.7,2026-08-01,New,Follow-up Required,2026-10-01,SR09,,No
L1594,Thrive Knowledge,Education,1-50,Gurgaon,Cold Calling,Software Development,12.1,2026-08-01,New,Follow-up Required,2026-09-19,SR03,,No
L1595,Aurora Labs,E-commerce,201-500,Hyderabad,LinkedIn,Cloud Services,101.9,2026-08-01,Meeting,Meeting Scheduled,2026-09-25,SR04,,No
L1596,Delta Cloudware,SaaS,51-200,Hyderabad,Referral,DevOps,36.4,2026-08-01,Meeting,Waiting for Response,2026-09-10,SR08,,No
L1597,Narmada Freight,Logistics,51-200,Bangalore,Events,Cybersecurity,12.3,2026-08-02,New,Follow-up Required,2026-09-14,SR07,,No
L1598,Uday Marketplace,E-commerce,1-50,Mumbai,Events,Cloud Services,13.0,2026-08-02,Qualified,Waiting for Response,2026-10-04,SR09,,No
L1599,Cedar Retail Tech,E-commerce,1-50,Mumbai,Referral,Cloud Services,4.5,2026-08-02,Meeting,Meeting Scheduled,2026-09-24,SR06,,No
L1600,Madhav Supply Chain,Logistics,201-500,Chennai,WEBSITE,Software Development,166.3,2026-08-02,New,Follow-up Required,2026-09-19,SR08,,No
L1601,Umbra Pvt Ltd,Retail,51-200,Bengaluru,LinkedIn,Cloud Services,32.5,2026-08-03,Contacted,Not Interested,,SR07,,No
L1602,Willow Ventures,SaaS,1000+,Hyderabad,Website,Digital Transformation,2232.6,2026-08-03,New,Follow-up Required,2026-09-26,SR04,,No
L1603,Unity Finserv,FinTech,51-200,Pune,Google Search,Digital Transformation,20.7,2026-08-03,Qualified,Waiting for Response,2026-09-30,SR06,,No
L1604,Himalaya Wealth Tech,FinTech,1000+,Jaipur ,LinkedIn,Cybersecurity,1118.6,2026-08-03,Contacted,Contacted,2026-09-24,SR03,,No
L1605,Meridian Retail Tech,E-commerce,1-50,Mumbai,Cold Calling,Cloud Services,4.6,2026-08-03,New,Follow-up Required,2026-08-30,SR09,,No
L1606,Zenith Logistics,Logistics,1000+,Bengaluru,LinkedIn,Software Development,2718.2,2026-08-03,Meeting,Contacted,2026-10-02,SR04,,No
L1607,Chakra Engineering,Manufacturing,501-1000,Mumbai,Google Search,Digital Transformation,245.4,2026-08-04,Contacted,Contacted,2026-09-20,SR09,,No
L1608,Zenith Enterprises,FinTech,51-200,Bangalore,Cold Calling,Cybersecurity,24.7,2026-08-04,New,Follow-up Required,2026-10-02,SR04,,No
L1609,Sagar Solutions,Healthcare,1-50,Bengaluru,Cold Calling,Digital Transformation,9.9,2026-08-04,New,Follow-up Required,2026-10-02,SR08,,No
L1610,Sagar Marketplace,E-commerce,1-50,Jaipur,LinkedIn,Cloud Services,5.7,2026-08-04,New,Follow-up Required,2026-10-10,SR10,,No
L1611,Aryan Retail Tech,E-commerce,51-200,New Delhi,Website,DevOps,,2026-08-04,New,Follow-up Required,2026-10-10,SR01,,No
L1612,Nimbus Systems,Education,201-500,Mumbai,Cold Calling,Software Development,192.1,2026-08-04,Contacted,Waiting for Response,2026-09-28,SR06,,No
L1613,Unity Networks,SaaS,1-50,Delhi,Events,Cloud Services,3.6,2026-08-04,New,Follow-up Required,2026-09-26,SR01,,No
L1614,Tundra Softech,E-commerce,51-200,Bengaluru,LinkedIn,Software Development,56.6,2026-08-04,New,Follow-up Required,2026-09-18,SR04,,No
L1615,Pulse Industrial,Manufacturing,51-200,Pune,Email Campaign,Digital Transformation,38.6,2026-08-04,New,Follow-up Required,2026-09-19,SR02,,No
L1616,Delta Technologies,FinTech,201-500,Delhi,Website,DevOps,79.7,2026-08-05,Meeting,Meeting Scheduled,2026-09-22,SR05,,No
L1617,Cobalt Global,saas,1-50,Bangalore,Website,Cloud Services,12.6,2026-08-05,New,Follow-up Required,2026-09-27,SR07,,No
L1618,Astra Wealth Tech,FinTech,1000+,Delhi,Events,Cloud Services,2807.4,2026-08-05,Meeting,Contacted,2026-10-04,SR03,,No
L1619,Nexora Cloudware,SaaS,1-50,Mumbai,LinkedIn,Cloud Services,5.4,2026-08-05,New,Follow-up Required,2026-09-19,SR06,,No
L1620,Zest Global,healthcare,201-500,Delhi,Website,Cybersecurity,46.6,2026-08-05,Contacted,Not Interested,,SR05,,No
L1621,Chakra Solutions,retail,501-1000,Mumbai,Website,Cloud Services,229.3,2026-08-05,New,Follow-up Required,2026-09-04,SR02,,No
L1622,Yash Technologies,FinTech,201-500,Delhi,Referral,DevOps,,2026-08-05,Contacted,Contacted,2026-10-07,SR01,,No
L1623,Kinetic Academy Systems,Education,1-50,Delhi,Email Campaign,Digital Transformation,8.8,2026-08-05,New,Follow-up Required,2026-09-10,SR10,,No
L1624,Narmada Finserv,FinTech,1000+,Mumbai,Events,Cybersecurity,2965.6,2026-08-06,Qualified,Follow-up Required,2026-09-20,SR09,,No
L1625,Paragon Group,E-commerce,501-1000,Mumbai,Events,Software Development,561.1,2026-08-06,Qualified,Follow-up Required,2026-09-21,SR09,,No
L1626,Lotus Softech,SaaS,201-500,Mumbai,LinkedIn,Cloud Services,49.0,2026-08-06,Meeting,Meeting Scheduled,2026-09-25,SR09,,No
L1627,Cedar Industries,E-commerce,51-200,Pune,Referral,Cloud Services,56.5,2026-08-06,Proposal,Waiting for Response,2026-08-31,SR09,580000.0,No
L1628,Titan Engineering ,Manufacturing,201-500,Pune,Website,Digital Transformation,134.5,2026-08-06,Qualified,Follow-up Required,2026-09-11,SR09,,No
L1629,Titan Health,Healthcare,1-50,Gurgaon,Website,Software Development,14.3,2026-08-06,New,Follow-up Required,2026-10-07,SR10,,No
L1630,Xenon Softech,E-commerce,501-1000,Delhi,Website,Cloud Services,425.5,2026-08-06,Qualified,Contacted,2026-09-30,SR01,,No
L1631,Gravity Supply Chain,Logistics,1-50,Bangalore,Referral,Digital Transformation,6.0,2026-08-06,Contacted,Contacted,2026-09-11,SR07,,No
L1632,Kaveri Platforms,SaaS,51-200,Hyderabad,Email Campaign,DevOps,48.4,2026-08-06,New,Follow-up Required,2026-09-21,SR08,,No
L1633,Bolt Logistics,LOGISTICS,51-200,Noida,Referral,Software Development,55.1,2026-08-06,Contacted,Waiting for Response,2026-09-19,SR10,,No
L1634,Prism Industries,Manufacturing,501-1000,Jaipur,Email Campaign,DevOps,175.0,2026-08-07,New,Follow-up Required,2026-09-09,SR05,,No
L1635,Mosaic Industrial,Manufacturing,1000+,Pune,google search,Digital Transformation,2888.8,2026-08-07,Contacted,Not Interested,,SR06,,No
L1636,Cobalt Software,SaaS,51-200,Bengaluru,Email Campaign,Cloud Services,47.5,2026-08-07,New,Follow-up Required,2026-10-01,SR07,,No
L1637,Aryan Capital Tech,FinTech,1-50,Hyderabad ,Website,DevOps,4.1,2026-08-07,New,Follow-up Required,2026-09-30,SR07,,No
L1638,Vista Mart,Retail,1-50,Bengaluru,LinkedIn,Digital Transformation,,2026-08-07,Contacted,Waiting for Response,2026-09-29,SR07,,No
L1639,Aryan Finserv,FinTech,201-500,Delhi,Website,Digital Transformation,43.5,2026-08-07,Qualified,Follow-up Required,2026-09-19,SR10,,No
L1640,Trident Payments,FinTech,51-200,Bengaluru,Cold Calling,Cybersecurity,40.4,2026-08-07,New,Follow-up Required,2026-09-20,SR04,,No
L1641,Paragon Softech,E-commerce,51-200,Bengaluru,Email Campaign,Cloud Services,57.8,2026-08-07,New,Follow-up Required,2026-09-24,SR04,,No
L1642,Quantum Marketplace,E-commerce,201-500,Mumbai,Website,DevOps,165.7,2026-08-07,Contacted,Follow-up Required,2026-10-08,SR09,,No
L1643,Madhav Industries,Healthcare,1-50,Bengaluru,Cold Calling,Cybersecurity,2.7,2026-08-08,New,Follow-up Required,2026-09-19,SR08,,No
L1644,Zephyr Payments,FINTECH,1-50,Noida,LINKEDIN,Cloud Services,3.2,2026-08-08,Won,Closed,,SR01,250000.0,Yes
L1645,Ridge MedTech,Healthcare,1000+,Hyderabad,Referral,Digital Transformation,2139.7,08/08/2026,Meeting,Contacted,2026-09-05,SR08,,No
L1646,Indus Global, FinTech,1-50,Hyderabad,Email Campaign,Software Development,10.1,2026-08-08,Contacted,Waiting for Response,2026-09-27,SR08,,No
L1647,Xenon Retail Tech,E-commerce,1-50,Bengaluru,Website,Cloud Services,13.2,2026-08-08,New,Follow-up Required,2026-09-30,SR04,,No
L1648,Kestrel Global,E-commerce,1-50,Bengaluru,Website,Cloud Services,7.2,2026-08-08,Contacted,Contacted,2026-09-26,SR08,,No
L1649,Sapphire Finserv,FinTech,1-50,Mumbai,LinkedIn,Cloud Services,3.9,2026-08-08,Qualified,Follow-up Required,2026-09-25,SR09,,No
L1650,Urban Commerce ,E-commerce,501-1000,Pune,Website,Software Development,257.3,2026-08-08,Won,Closed,,SR02,1610000.0,Yes
L1651,Titan Care Systems,Healthcare,1-50,Gurgaon,Website,Digital Transformation,11.4,2026-08-08,Contacted,Contacted,2026-09-27,SR03,,No
L1652,Summit Supply Chain ,Logistics,51-200,Bengaluru,Referral,Digital Transformation,57.7,2026-08-08,Contacted,Waiting for Response,2026-09-20,SR08,,No
L1653,Oasis Diagnostics,Healthcare,501-1000,Hyderabad,Events,Digital Transformation,198.0,2026-08-08,Contacted,Follow-up Required,2026-09-22,SR04,,No
L1654,Quartz Networks,Manufacturing,51-200,Mumbai,LinkedIn,Cloud Services,,2026-08-08,Meeting,Not Interested,,SR02,,No
L1655,Tundra Systems,Education,201-500,Delhi,Email Campaign,Digital Transformation,101.1,2026-08-08,Contacted,Waiting for Response,2026-09-23,SR01,,No
L1656,Prana Academy Systems,Education,51-200,Hyderabad,Events,Digital Transformation,55.0,2026-08-08,New,Follow-up Required,2026-09-15,SR08,,No
L1657,Loop Technologies,Healthcare,51-200,Bengaluru,Referral,DevOps,49.9,2026-08-08,Meeting,Not Interested,,SR08,,No
L1658,Echo Retail,Retail,51-200,Mumbai,Email Campaign,Cybersecurity,53.1,2026-08-09,New,Follow-up Required,2026-10-01,SR02,,No
L1659,Evergreen Cloudware,SaaS,51-200,Mumbai,google search,DevOps,,2026-08-09,Qualified,Follow-up Required,2026-10-10,SR09,,No
L1660,Summit Diagnostics,Healthcare,51-200,Chennai,Website,Software Development,45.1,2026-08-09,New,Follow-up Required,2026-09-25,SR08,,No
L1661,Quartz Group,Education,51-200,Mumbai,LINKEDIN,Digital Transformation,42.2,2026-08-09,New,Follow-up Required,2026-09-19,SR06,,No
L1662,Bluepeak Solutions,SaaS,201-500,Bengaluru,Website,DevOps,112.5,2026-08-09,Contacted,Follow-up Required,2026-09-19,SR07,,No
L1663,Neptune Apps,SaaS,501-1000,Delhi,Referral,DevOps,295.7,2026-08-09,Meeting,Waiting for Response,2026-09-01,SR01,,No
L1664,Lotus Ventures,FinTech,201-500,Bengaluru,Google Search,Digital Transformation,143.2,2026-08-09,Qualified,Waiting for Response,2026-09-02,SR07,,No
L1665,Titan Industries,FinTech,501-1000,Noida,Events,Software Development,501.6,2026-08-09,Qualified,Meeting Scheduled,2026-09-30,SR05,,No
L1666,Relay Finserv,FinTech,201-500,Hyderabad,Cold Calling,Cybersecurity,157.2,2026-08-09,New,Follow-up Required,2026-10-10,SR08,,No
L1667,Ion Cloudware,SaaS,501-1000,Jaipur,LinkedIn,Software Development,513.8,2026-08-10,Qualified,Contacted,2026-09-29,SR05,,No
L1668,Vista Solutions,FinTech,201-500,Bangalore,Website,Cloud Services,,2026-08-10,Meeting,Follow-up Required,2026-10-07,SR08,,No
L1669,Sapphire Cloudware,SaaS,51-200,Gurgaon,LinkedIn,Cloud Services,59.5,2026-08-10,Qualified,Waiting for Response,2026-09-01,SR03,,No
L1670,Optima Health,Healthcare,1-50,Bengaluru,Website,Cloud Services,6.9,2026-08-10,Proposal,Follow-up Required,2026-10-08,SR08,250000.0,No
L1671,Quest Capital Tech,FinTech,1-50,Chennai ,Cold Calling,Cloud Services,9.8,2026-08-10,Qualified,Waiting for Response,2026-09-19,SR04,,No
L1672,Cobalt Retail Tech,E-commerce,51-200,Jaipur,Email Campaign,Digital Transformation,46.3,2026-08-10,New,Follow-up Required,2026-10-08,SR03,,No
L1673,Aurora Care Systems,Healthcare,1-50,Gurgaon,Events,Digital Transformation,8.9,2026-08-10,Contacted,Contacted,2026-09-15,SR01,,No
L1674,Meridian Finserv,FinTech,51-200,Jaipur,website,Cloud Services,10.1,2026-08-10,New,Follow-up Required,2026-09-21,SR10,,No
L1675,Ridge Brands, Retail,501-1000,Bengaluru,Website,Cloud Services,587.2,2026-08-10,New,Follow-up Required,2026-09-27,SR04,,No
L1676,Vertex Commerce,E-commerce,1-50,Gurgaon,Website,Cloud Services,14.0,2026-08-10,Contacted,Follow-up Required,10/10/2026,SR01,,No
L1677,Lotus Brands,Retail,51-200,Jaipur,Cold Calling,Software Development,39.2,2026-08-10,New,Follow-up Required,2026-09-29,SR03,,No
L1678,Titan Academy Systems,Education,501-1000,Delhi,Website,Software Development,582.6,2026-08-11,Qualified,Waiting for Response,2026-09-09,SR03,,No
L1679,Lotus Learning,EDUCATION,1-50,Mumbai,Cold Calling,Software Development,12.3,2026-08-11,Contacted,Waiting for Response,2026-09-16,SR02,,No
L1680,Himalaya Diagnostics,Healthcare,501-1000,Mumbai,LinkedIn,Cloud Services,558.4,2026-08-11,New,Follow-up Required,2026-09-19,SR02,,No
L1681,Willow Industries,SaaS,51-200,Jaipur,Cold Calling,Cloud Services,25.9,2026-08-11,New,Follow-up Required,2026-09-20,SR03,,No
L1682,Apex Retail Tech,E-commerce,1-50,Bengaluru,Referral,Software Development,3.3,2026-08-11,New,Follow-up Required,2026-09-23,SR08,,No
L1683,Lotus Stores,Retail,1000+,Bengaluru,Email Campaign,Software Development,2643.0,2026-08-11,Contacted,Follow-up Required,2026-09-03,SR04,,No
L1684,Zeal Capital Tech,FinTech,201-500,Pune,Events,Cybersecurity,138.5,2026-08-11,Meeting,Meeting Scheduled,2026-10-01,SR06,,No
L1685,Uday Apps,SaaS,201-500,Mumbai,Cold Calling,Cloud Services,143.0,2026-08-12,Contacted,Waiting for Response,2026-09-05,SR09,,No
L1686,Yonder Platforms,SaaS,201-500,Noida,Referral,Cloud Services,80.6,2026-08-12,Qualified,Contacted,2026-09-23,SR10,,No
L1687,Garuda Mart,Retail,51-200,Mumbai,Referral,Cloud Services,50.3,2026-08-12,Qualified,Waiting for Response,2026-10-08,SR06,,No
L1688,Zephyr Group,Education,51-200,Ahmedabad,LinkedIn,Software Development,,2026-08-12,Meeting,Contacted,2026-09-30,SR02,,No
L1689,Meridian Mart,Retail,501-1000,Ahmedabad,Events,Digital Transformation,541.0,2026-08-12,Meeting,Meeting Scheduled,2026-09-29,SR09,,No
L1690,Urban Platforms,SaaS,501-1000,Gurgaon,LinkedIn,DevOps,313.0,2026-08-12,Proposal,Closed,,SR03,1540000.0,No
L1691,Quantum Technologies,SaaS,51-200,Ahmedabad,Cold Calling,Cloud Services,17.8,2026-08-12,Qualified,Waiting for Response,2026-09-24,SR02,,No
L1692,Lumina Wealth Tech,FinTech,201-500,Chennai,Referral,Software Development,134.3,2026-08-12,Meeting,Follow-up Required,26/09/2026,SR04,,No
L1693,Falcon Enterprises,E-commerce,51-200,Delhi,Cold Calling,Cloud Services,26.3,2026-08-12,Qualified,Not Interested,,SR01,,No
L1694,Ishaan Solutions,SaaS,201-500,Pune,EMAIL CAMPAIGN,DevOps,163.5,2026-08-12,Contacted,Waiting for Response,2026-09-27,SR06,,No
L1695,Wavelet EdTech,Education,51-200,Pune,LinkedIn,Cybersecurity,27.4,2026-08-12,Contacted,Waiting for Response,2026-09-25,SR06,,No
L1696,Xenon Global, FinTech,201-500,Chennai,Email Campaign,Software Development,72.8,2026-08-12,New,Follow-up Required,2026-10-04,SR04,,No
L1697,Dhruv Online,E-commerce,201-500,Mumbai,Website,Software Development,127.7,2026-08-12,New,Follow-up Required,2026-09-06,SR06,,No
L1698,Aurora Supply Chain,Logistics,501-1000,Gurgaon,Events,Digital Transformation,155.8,2026-08-12,Contacted,Waiting for Response,2026-10-10,SR10,,No
L1699,Quartz Industries,Manufacturing ,501-1000,Bengaluru,Email Campaign,Digital Transformation,501.8,2026-08-13,Meeting,Contacted,2026-09-22,SR07,,No
L1700,Helix Cloudware,SaaS,1-50,Mumbai,Email Campaign,DevOps,2.5,2026-08-13,Qualified,Contacted,2026-10-01,SR06,,No
L1701,Delta Manufacturing, Manufacturing,51-200,Hyderabad,WEBSITE,Cybersecurity,38.7,2026-08-13,Qualified,Contacted,2026-09-19,SR08,,No
L1702,Sapphire Global,Retail,1-50,Delhi,Google Search,Cloud Services,12.8,2026-08-13,Contacted,Contacted,2026-09-19,SR10,,No
L1703,Crest Supply Chain,Logistics,1-50,Delhi,Cold Calling,Software Development,7.9,2026-08-13,Contacted,Waiting for Response,2026-09-28,SR10,,No
L1704,Himalaya Knowledge,Education,201-500,Noida ,LinkedIn,Digital Transformation,116.7,2026-08-13,New,Follow-up Required,2026-09-28,SR01,,No
L1705,Glide Stores,Retail,51-200,Pune,LinkedIn,Digital Transformation,23.3,2026-08-13,Contacted,Waiting for Response,2026-10-02,SR06,,No
L1706,Ember Learning,Education,1000+,Delhi,Cold Calling,Digital Transformation,1719.6,2026-08-14,Qualified,Follow-up Required,2026-09-25,SR01,,No
L1707,Titan Marketplace,E-commerce,201-500,Bengaluru,Google Search,Cybersecurity,97.0,2026-08-14,Contacted,Contacted,2026-09-22,SR04,,No
L1708,Crest Global,E-commerce,1-50,Chennai,Google Search,DevOps,2.8,2026-08-14,Qualified,Waiting for Response,2026-10-07,SR07,,No
L1709,Urban Mart,Retail,501-1000,Jaipur,Cold Calling,Software Development,299.2,2026-08-14,New,Follow-up Required,2026-09-21,SR10,,No
L1710,Pulse Labs,Retail,51-200,Delhi,Events,Digital Transformation,33.5,2026-08-14,Contacted,Not Interested,,SR10,,No
L1711,Evergreen Manufacturing,Manufacturing,201-500,Gurgaon,Referral,Software Development,132.7,2026-08-14,Meeting,Not Interested,,SR05,,No
L1712,Banyan Systems,E-commerce,1000+,Pune,Referral,DevOps,1726.6,2026-08-14,Contacted,Contacted,2026-10-07,SR09,,No
L1713,Ridge Technologies,E-commerce,51-200,Mumbai,Cold Calling,Software Development,22.6,2026-08-14,New,Follow-up Required,2026-10-04,SR06,,No
L1714,Vivid Diagnostics,Healthcare,201-500,Pune,Website,Cloud Services,69.7,2026-08-14,New,Follow-up Required,2026-09-23,SR06,,No
L1715,Cobalt Marketplace,E-commerce,1-50,Ahmedabad,Website,Software Development,5.4,2026-08-14,New,Follow-up Required,2026-10-10,SR02,,No
L1716,Quest Commerce,E-commerce,1-50,Bengaluru,Website,Cloud Services,11.4,2026-08-15,Meeting,Meeting Scheduled,2026-09-26,SR07,,No
L1717,Spark Marketplace ,E-commerce,1000+,Gurugram,LinkedIn,Cloud Services,508.1,2026-08-15,Contacted,Contacted,2026-08-31,SR01,,No
L1718,Nimbus Marketplace,E-commerce,51-200,Pune,Events,Software Development,43.0,2026-08-15,Contacted,Not Interested,,SR02,,No
L1719,Crest Learning,Education,201-500,Jaipur,Website,Digital Transformation,139.0,2026-08-15,New,Follow-up Required,03/10/2026,SR10,,No
L1720,Meridian Academy Systems,Education,1-50,Bengaluru,Website,Digital Transformation,9.5,2026-08-15,New,Follow-up Required,2026-10-05,SR08,,No
L1721,Madhav EdTech,Education,1-50,Mumbai,LinkedIn,Digital Transformation,7.3,2026-08-15,Contacted,Not Interested,,SR06,,No
L1722,Drift Commerce,E-commerce,51-200,Bengaluru,LinkedIn,DevOps,38.3,2026-08-15,Meeting,Waiting for Response,2026-09-10,SR08,,No
L1723,Indus Industrial,manufacturing,201-500,Chennai,LinkedIn,Digital Transformation,166.4,2026-08-15,New,Follow-up Required,2026-09-22,SR07,,No
L1724,Titan Systems,SaaS,51-200,Mumbai,Referral,DevOps,54.7,2026-08-15,Meeting,Meeting Scheduled,02/10/2026,SR09,,No
L1725,Solace Cargo,Logistics,51-200,Hyderabad,LinkedIn,DevOps,24.3,2026-08-15,Contacted,Contacted,2026-09-24,SR07,,No
L1726,Umbra Softech,Logistics,51-200,Gurgaon,Events,Software Development,38.6,2026-08-15,Qualified,Meeting Scheduled,2026-10-03,SR05,,No
L1727,Aryan Diagnostics,Healthcare,51-200,,LinkedIn,Cybersecurity,38.7,2026-08-15,New,Follow-up Required,2026-09-27,SR10,,No
L1728,Ion Labs,FinTech,201-500,Jaipur,Email Campaign,Cybersecurity,82.8,2026-08-15,New,Follow-up Required,2026-09-20,SR05,,No
L1729,Delta Software,SaaS,1000+,Noida,LinkedIn,Cloud Services,1099.6,2026-08-16,Proposal,Follow-up Required,2026-09-19,SR01,2140000.0,No
L1730,Alpine Marketplace,E-commerce,1000+,Gurgaon,Cold Calling,Software Development,2356.6,2026-08-16,Qualified,Contacted,2026-10-03,SR01,,No
L1731,Flux Engineering,Manufacturing,1-50,Hyderabad,LinkedIn,Cybersecurity,10.2,2026-08-16,New,Follow-up Required,2026-10-02,SR04,,No
L1732,Loop Care Systems,Healthcare,1-50,Gurgaon,Google Search,Digital Transformation,14.0,2026-08-16,New,Follow-up Required,2026-10-09,SR01,,No
L1733,Ion Platforms,SaaS,1-50,Noida,Email Campaign,Cybersecurity,7.0,2026-08-16,Qualified,Waiting for Response,2026-09-25,SR05,,No
L1734,Nexora EdTech,Education,1-50,Noida,Email Campaign,Digital Transformation,2.7,2026-08-16,New,Follow-up Required,2026-09-19,SR03,,No
L1735,Ridge Industrial,Manufacturing,1-50,Pune,COLD CALLING,Digital Transformation,3.8,2026-08-16,New,Follow-up Required,2026-10-04,SR02,,No
L1736,Evergreen Retail, Retail,201-500,Hyderabad,Email Campaign,Software Development,83.7,2026-08-16,New,Follow-up Required,2026-09-19,SR04,,No
L1737,Summit Wealth Tech,FinTech,51-200,New Delhi,Cold Calling,DevOps,12.1,2026-08-16,Contacted,Waiting for Response,2026-09-30,SR01,,No
L1738,Ishaan Mart,Retail,1-50,,LinkedIn,Cloud Services,,2026-08-17,New,Follow-up Required,2026-09-03,SR06,,No
L1739,Onyx Care Systems,Healthcare,1-50,Hyderabad,Website,Digital Transformation,8.7,2026-08-17,New,Follow-up Required,2026-09-05,SR07,,No
L1740,Vivid Online,E-commerce,1-50,Mumbai,Events,Software Development,13.3,2026-08-17,New,Follow-up Required,2026-09-30,SR06,,No
L1741,Uday Online,E-commerce,201-500,Delhi,Cold Calling,Software Development,,2026-08-17,New,Follow-up Required,2026-10-06,SR01,,No
L1742,Delta Wealth Tech,FinTech,51-200,Bengaluru,Cold Calling,Cybersecurity,27.4,2026-08-17,New,Follow-up Required,2026-09-26,SR08,,No
L1743,Loop Industries,Manufacturing,51-200,Mumbai,Email Campaign,Digital Transformation,40.3,2026-08-17,New,Follow-up Required,2026-09-19,SR09,,No
L1744,Trident Ventures,saas,51-200,Pune,Email Campaign,Cybersecurity,50.1,2026-08-17,Contacted,Not Interested,,SR06,,No
L1745,Mosaic Pvt Ltd,SaaS,51-200,Gurgaon,Google Search,DevOps,38.6,2026-08-17,Qualified,Waiting for Response,2026-10-04,SR01,,No
L1746,Relay EdTech,Education,51-200,Hyderabad,Cold Calling,Software Development,54.3,2026-08-17,New,Follow-up Required,2026-09-19,SR04,,No
L1747,Madhav Diagnostics,Healthcare,501-1000,,Google Search,Cybersecurity,580.9,2026-08-17,Proposal,Not Interested,,SR04,2050000.0,No
L1748,Pulse Learning,Education,501-1000,Gurgaon,Referral,Cloud Services,524.4,2026-08-17,Contacted,Contacted,2026-09-18,SR05,,No
L1749,Garuda Supply Chain,Logistics,1-50,Ahmedabad,Cold Calling,Software Development,5.4,2026-08-17,New,Follow-up Required,2026-09-26,SR02,,No
L1750,Quest MedTech,Healthcare,51-200,Pune,Email Campaign,Cybersecurity,14.8,2026-08-18,Contacted,Contacted,2026-09-27,SR09,,No
L1751,Kinetic Networks,FinTech,501-1000,Hyderabad,Referral,DevOps,171.4,2026-08-18,Contacted,Follow-up Required,2026-10-08,SR07,,No
L1752,Vayu Marketplace,E-COMMERCE,201-500,Jaipur,LinkedIn,Software Development,94.5,2026-08-18,Qualified,Not Interested,,SR03,,No
L1753,Meridian Payments,FinTech,1-50,Mumbai,Website,Cybersecurity,6.7,2026-08-18,Contacted,Follow-up Required,2026-09-05,SR02,,No
L1754,Summit Group,Education,501-1000,Mumbai,Cold Calling,Software Development,415.1,2026-08-18,Contacted,Follow-up Required,2026-10-08,SR06,,No
L1755,Evergreen Systems,FinTech,1-50,Delhi,Cold Calling,Cloud Services,2.7,2026-08-18,Contacted,Waiting for Response,2026-10-04,SR03,,No
L1756,Radiant Care Systems,Healthcare,51-200,Gurgaon,LinkedIn,Digital Transformation,50.2,2026-08-18,New,Follow-up Required,2026-09-03,SR01,,No
L1757,Onyx MedTech,Healthcare,201-500,Mumbai ,Cold Calling,DevOps,130.0,2026-08-18,Contacted,Waiting for Response,2026-09-30,SR09,,No
L1758,Sagar Software,SaaS,1000+,Pune,Cold Calling,Cloud Services,1278.9,2026-08-19,New,Follow-up Required,2026-10-05,SR02,,No
L1759,Oasis Industrial,Manufacturing,1-50,Delhi,Cold Calling,Digital Transformation,14.0,2026-08-19,Qualified,Not Interested,,SR03,,No
L1760,Dhruv Commerce,E-commerce,501-1000,Pune,LinkedIn,Cloud Services,570.1,2026-08-19,Qualified,Follow-up Required,2026-09-21,SR02,,No
L1761,Relay Wealth Tech,FinTech,51-200,Bengaluru,Email Campaign,Cybersecurity,40.8,2026-08-19,Contacted,Follow-up Required,2026-10-02,SR04,,No
L1762,Chakra Software,SaaS,201-500,Pune,Email Campaign,Cybersecurity,88.3,2026-08-19,Contacted,Not Interested,,SR06,,No
L1763,Alpine MedTech,Healthcare,1-50,Chennai,Google Search,Cloud Services,10.7,2026-08-19,Proposal,Follow-up Required,2026-10-01,SR08,390000.0,No
L1764,Vayu Learning,Education,51-200,Hyderabad,Email Campaign,Digital Transformation,15.2,2026-08-19,New,Follow-up Required,2026-09-23,SR08,,No
L1765,Gravity Freight,Logistics,201-500,Bengaluru,Cold Calling,Software Development,90.5,2026-08-20,Contacted,Waiting for Response,2026-10-01,SR07,,No
L1766,Quartz Health,Healthcare,51-200,Mumbai,Events,Cybersecurity,51.1,2026-08-20,New,Follow-up Required,2026-09-24,SR02,,No
L1767,Alpine Industrial,Manufacturing,501-1000,,Website,DevOps,598.9,2026-08-20,New,Follow-up Required,2026-10-08,SR10,,No
L1768,Narmada Online,E-commerce,1000+,Hyderabad,REFERRAL,Cloud Services,1658.9,2026-08-20,Won,Closed,,SR07,1895000.0,Yes
L1769,Dhruv Software,SaaS,1000+,Ahmedabad,Google Search,Cloud Services,1806.1,2026-08-20,Contacted,Not Interested,,SR09,,No
L1770,Jade Pvt Ltd,SaaS,201-500,Bengaluru,Email Campaign,Software Development,148.7,2026-08-20,Contacted,Contacted,2026-09-21,SR07,,No
L1771,Zephyr Systems,Logistics,51-200,Hyderabad,Website,Software Development,37.5,2026-08-20,New,Follow-up Required,2026-09-24,SR07,,No
L1772,Indus Supply Chain,Logistics,51-200,Pune ,Referral,Digital Transformation,17.4,2026-08-20,Meeting,Not Interested,,SR02,,No
L1773,Ekam MedTech,Healthcare,501-1000,Ahmedabad,Email Campaign,Cloud Services,353.8,20/08/2026,Qualified,Meeting Scheduled,2026-09-19,SR06,,No
L1774,Titan Cloudware,SaaS,51-200,Mumbai,LinkedIn,Cloud Services,38.3,2026-08-20,New,Follow-up Required,2026-10-07,SR06,,No
L1775,Thrive Cargo,Logistics,1000+,Hyderabad,Referral,Software Development,2219.2,2026-08-21,Qualified,Waiting for Response,2026-09-03,SR04,,No
L1776,Summit Apps,SaaS,1-50,Ahmedabad,Cold Calling,Digital Transformation,,2026-08-21,New,Follow-up Required,2026-10-06,SR09,,No
L1777,Chakra EdTech,Education,201-500,Gurgaon,LinkedIn,Digital Transformation,122.5,2026-08-21,New,Follow-up Required,2026-09-26,SR05,,No
L1778,Garuda Wealth Tech,FinTech,201-500,Gurgaon,Cold Calling,Cloud Services,125.4,2026-08-21,New,Follow-up Required,2026-09-12,SR03,,No
L1779,Sagar Wealth Tech,FinTech,51-200,Chennai,COLD CALLING,Cloud Services,13.7,2026-08-21,New,Follow-up Required,2026-10-03,SR08,,No
L1780,Novus Group,SaaS,51-200,Gurgaon,Events,DevOps,55.9,2026-08-21,Contacted,Follow-up Required,2026-09-23,SR05,,No
L1781,Oasis Online,E-commerce,1-50,Mumbai,LinkedIn,Software Development,8.0,2026-08-22,New,Follow-up Required,2026-09-23,SR02,,No
L1782,Lumina Enterprises,SaaS,201-500,Mumbai,Google Search,Cybersecurity,119.3,2026-08-22,Proposal,Waiting for Response,2026-10-10,SR09,645000.0,No
L1783,Bolt Networks,E-commerce,201-500,Noida,LinkedIn,Cloud Services,177.4,2026-08-22,New,Follow-up Required,2026-10-08,SR10,,No
L1784,Bolt Systems,FinTech,1000+,Jaipur,Cold Calling,Digital Transformation,2324.8,2026-08-22,Contacted,Waiting for Response,2026-09-19,SR10,,No
L1785,Drift Ventures,E-commerce,1-50,Mumbai,Website,DevOps,,2026-08-22,New,Follow-up Required,2026-09-25,SR02,,No
L1786,Tundra Care Systems,Healthcare,1000+,Delhi,REFERRAL,Digital Transformation,1411.8,2026-08-22,Contacted,Contacted,2026-09-30,SR01,,No
L1787,Flux Technologies,Manufacturing,201-500,Bengaluru,Cold Calling,DevOps,182.6,2026-08-22,New,Follow-up Required,2026-09-28,SR07,,No
L1788,Jade Manufacturing,Manufacturing,1-50,Gurgaon,Website,Software Development,11.1,2026-08-23,New,Follow-up Required,2026-09-16,SR05,,No
L1789,Horizon Finserv,FinTech,201-500,Noida,LinkedIn,Cybersecurity,96.5,2026-08-23,New,Follow-up Required,2026-09-13,SR05,,No
L1790,Trident Industrial,Manufacturing,51-200,Pune,Website,Digital Transformation,21.5,2026-08-23,Contacted,Not Interested,,SR09,,No
L1791,Narmada Technologies,SaaS,201-500,Delhi,Cold Calling,Software Development,136.4,2026-08-23,Qualified,Waiting for Response,2026-09-27,SR03,,No
L1792,Kinetic Enterprises ,SaaS,51-200,Delhi,LinkedIn,DevOps,37.6,2026-08-23,New,Follow-up Required,2026-10-10,SR05,,No
L1793,Orbit Group,SaaS,501-1000,,Cold Calling,Software Development,477.8,2026-08-23,New,Follow-up Required,2026-10-06,SR08,,No
L1794,Hive MedTech,Healthcare,201-500,Gurgaon,Email Campaign,Digital Transformation,135.1,2026-08-23,New,Follow-up Required,2026-10-06,SR05,,No
L1795,Quest Wealth Tech,FinTech,1000+,Delhi,Email Campaign,Digital Transformation,565.4,2026-08-23,New,Follow-up Required,2026-09-20,SR05,,No
L1796,Tundra Networks,E-commerce,201-500,Delhi,Website,Cybersecurity,58.8,2026-08-23,Contacted,Contacted,2026-09-23,SR01,,No
L1797,Trident Platforms,SAAS,1000+,Bengaluru,Referral,Digital Transformation,2054.0,2026-08-23,New,Follow-up Required,2026-09-19,SR07,,No
L1798,Harbor MedTech ,Healthcare,51-200,Mumbai,Google Search,Digital Transformation,38.5,2026-08-24,Qualified,Not Interested,,SR09,,No
L1799,Gravity Commerce,E-commerce,1-50,Delhi,LinkedIn,Software Development,9.0,2026-08-24,New,Follow-up Required,2026-09-16,SR03,,No
L1800,Zest Finserv,FinTech,501-1000,Pune,Website,Cybersecurity,187.3,2026-08-24,New,Follow-up Required,2026-09-19,SR09,,No
L1801,Indus MedTech,Healthcare,51-200,Chennai,Referral,Cloud Services,30.5,2026-08-24,Qualified,Follow-up Required,2026-09-20,SR07,,No
L1802,Nexora Group,Retail,1-50,Gurgaon,Google Search,Digital Transformation,10.1,2026-08-24,Contacted,Not Interested,,SR01,,No
L1803,Quest Cargo,Logistics,1-50,Bengaluru,Cold Calling,Digital Transformation,6.7,2026-08-24,New,Follow-up Required,2026-09-05,SR08,,No
L1804,Astra Pvt Ltd,Logistics,201-500,Delhi,Cold Calling,Software Development,106.0,2026-08-24,New,Follow-up Required,2026-09-30,SR05,,No
L1805,Urban Solutions ,Healthcare,51-200,Gurgaon,Events,Cloud Services,58.6,2026-08-24,New,Follow-up Required,2026-09-01,SR05,,No
L1806,Bharat Cloudware,SaaS,51-200,Delhi,Google Search,Software Development,14.6,2026-08-24,New,Follow-up Required,2026-09-20,SR03,,No
L1807,Relay Technologies,E-commerce,201-500,Delhi,Events,Cybersecurity,102.4,2026-08-24,Contacted,Waiting for Response,2026-10-10,SR03,,No
L1808,Lumina Finserv,FinTech,501-1000,Bengaluru,Website,Cybersecurity,247.8,2026-08-24,New,Follow-up Required,2026-10-04,SR07,,No
L1809,Ridge Platforms,SaaS,51-200,Pune,Website,DevOps,49.3,2026-08-25,New,Follow-up Required,2026-09-19,SR02,,No
L1810,Paragon Learning,Education,201-500,Mumbai,Email Campaign,Software Development,183.7,2026-08-25,New,Follow-up Required,2026-09-26,SR02,,No
L1811,Mantra Care Systems,Healthcare,1-50,,LinkedIn,Cybersecurity,6.7,2026-08-25,Contacted,Waiting for Response,2026-09-29,SR03,,No
L1812,Quartz Payments,fintech,201-500,Hyderabad,Events,Digital Transformation,190.4,2026-08-26,Contacted,Waiting for Response,2026-09-20,SR07,,No
L1813,Helix Commerce,E-commerce,201-500,Delhi,Email Campaign,Cloud Services,42.0,2026-08-26,Contacted,Contacted,2026-09-19,SR10,,No
L1814,Narmada Payments,FinTech,201-500,Chennai,LinkedIn,DevOps,46.1,2026-08-26,Meeting,Meeting Scheduled,2026-10-01,SR08,,No
L1815,Mosaic Care Systems,Healthcare,51-200,Delhi,LINKEDIN,Digital Transformation,41.9,2026-08-26,New,Follow-up Required,2026-09-26,SR01,,No
L1816,Zephyr Logistics,Logistics,51-200,,LinkedIn,Digital Transformation,56.4,2026-08-26,Contacted,Contacted,2026-10-09,SR04,,No
L1817,Prism Commerce,E-commerce,1-50,Pune,Referral,Software Development,13.2,2026-08-26,Qualified,Follow-up Required,2026-10-01,SR06,,No
L1818,Himalaya Capital Tech,FinTech,201-500,Noida,Website,Cybersecurity,,2026-08-26,New,Follow-up Required,2026-09-30,SR01,,No
L1819,Zenith Softech,E-commerce,501-1000,Ahmedabad,Cold Calling,Software Development,465.9,2026-08-26,New,Follow-up Required,2026-09-07,SR09,,No
L1820,Uday Commerce,E-commerce,51-200,Pune,Google Search,Software Development,,2026-08-26,New,Follow-up Required,2026-09-18,SR06,,No
L1821,Tundra Retail Tech ,E-commerce,1000+,Chennai,Referral,DevOps,1617.0,2026-08-26,Contacted,Waiting for Response,2026-09-28,SR07,,No
L1822,Summit Retail Tech,E-commerce,51-200,Ahmedabad,Referral,DevOps,52.8,2026-08-26,Qualified,Contacted,2026-09-19,SR09,,No
L1823,Cedar Cargo,Logistics,1000+,Mumbai,Cold Calling,Software Development,1453.8,2026-08-26,New,Follow-up Required,2026-10-09,SR02,,No
L1824,Alpine Retail,Retail,501-1000,Delhi,Website,Software Development,367.3,2026-08-26,New,Follow-up Required,2026-10-10,SR01,,No
L1825,Yonder Finserv,FinTech,501-1000,Mumbai,Cold Calling,Digital Transformation,252.4,2026-08-26,Qualified,Follow-up Required,2026-09-24,SR06,,No
L1826,Onyx Pvt Ltd,Retail,1-50,Chennai,Website,Cloud Services,2.3,2026-08-26,New,Follow-up Required,2026-09-03,SR07,,No
L1827,Astra Components,Manufacturing,51-200,Hyderabad,Events,Digital Transformation,28.4,2026-08-27,Contacted,Contacted,2026-09-27,SR08,,No
L1828,Apex Supply Chain,Logistics,1-50,Delhi,Referral,Digital Transformation,4.9,2026-08-27,Contacted,Follow-up Required,2026-10-06,SR01,,No
L1829,Yonder Retail Tech,E-commerce,51-200,Bengaluru,Cold Calling,Cloud Services,13.2,2026-08-27,New,Follow-up Required,2026-09-07,SR08,,No
L1830,Pinnacle Apps,SaaS,51-200,Mumbai,Google Search,Software Development,27.7,2026-08-27,Contacted,Not Interested,,SR02,,No
L1831,Yonder Technologies,Healthcare,501-1000,Jaipur,LinkedIn,Digital Transformation,562.2,2026-08-27,Contacted,Not Interested,,SR03,,No
L1832,Wisp Retail Tech,E-commerce,501-1000,Delhi,LinkedIn,Software Development,256.0,2026-08-28,New,Follow-up Required,2026-09-25,SR01,,No
L1833,Aryan Wealth Tech,FinTech,51-200,Delhi,LinkedIn,Cloud Services,27.0,2026-08-28,New,Follow-up Required,2026-10-06,SR05,,No
L1834,Ishaan Components, Manufacturing,51-200,Delhi,Events,Cybersecurity,17.8,2026-08-28,New,Follow-up Required,2026-10-07,SR10,,No
L1835,Glide Components,Manufacturing,201-500,Pune,Email Campaign,DevOps,151.2,2026-08-28,New,Follow-up Required,2026-09-20,SR09,,No
L1836,Pulse Technologies,E-commerce,201-500,,Email Campaign,Cloud Services,161.7,2026-08-28,New,Follow-up Required,2026-10-02,SR08,,No
L1837,Zenith Finserv,FinTech,1-50,Mumbai,Google Search,Cloud Services,14.1,2026-08-28,New,Follow-up Required,2026-09-27,SR02,,No
L1838,Pulse Cloudware,SaaS,1-50,Chennai,Cold Calling,Cloud Services,6.0,2026-08-28,New,Follow-up Required,2026-10-02,SR07,,No
L1839,Paragon Retail,Retail,1000+,Bengaluru,LinkedIn,DevOps,617.1,2026-08-28,Contacted,Waiting for Response,2026-10-09,SR04,,No
L1840,Neptune Industries,E-commerce,51-200,Pune,Website,Software Development,56.6,2026-08-28,New,Follow-up Required,2026-08-30,SR09,,No
L1841,Ion Engineering,Manufacturing,51-200,Ahmedabad,Events,Digital Transformation,57.7,2026-08-28,Contacted,Waiting for Response,2026-09-22,SR02,,No
L1842,Prism Retail Tech,E-commerce,1000+,Delhi,Cold Calling,Cybersecurity,2214.3,2026-08-29,Contacted,Follow-up Required,2026-09-07,SR10,,No
L1843,Zenith Labs,Healthcare,501-1000,Pune ,Referral,Cybersecurity,447.8,2026-08-29,New,Follow-up Required,2026-10-03,SR09,,No
L1844,Zest Pvt Ltd,SaaS,501-1000,Mumbai,Cold Calling,DevOps,560.4,2026-08-29,New,Follow-up Required,2026-10-05,SR06,,No
L1845,Drift Global,SaaS,201-500,Ahmedabad,Google Search,Software Development,113.3,2026-08-29,New,Follow-up Required,2026-10-02,SR06,,No
L1846,Pulse Retail,Retail,51-200,Pune,LinkedIn,Cloud Services,21.3,2026-08-29,New,Follow-up Required,2026-09-20,SR02,,No
L1847,Zenith Care Systems,Healthcare,51-200,Chennai,Email Campaign,Digital Transformation,22.7,2026-08-29,New,Follow-up Required,2026-09-28,SR08,,No
L1848,Pinnacle Manufacturing,Manufacturing,501-1000,Bengaluru,Cold Calling,Cybersecurity,271.4,2026-08-29,New,Follow-up Required,2026-09-23,SR04,,No
L1849,Ekam Systems,Manufacturing,501-1000,Bengaluru,COLD CALLING,Software Development,233.6,2026-08-29,Qualified,Waiting for Response,07/10/2026,SR07,,No
L1850,Bolt Solutions,Healthcare,1-50,Hyderabad ,Google Search,Digital Transformation,7.8,2026-08-29,Contacted,Follow-up Required,2026-09-23,SR07,,No
L1851,Thrive Pvt Ltd ,Healthcare,51-200,Jaipur,Cold Calling,Software Development,59.2,2026-08-30,New,Follow-up Required,2026-09-22,SR03,,No
L1852,Zest Softech,Logistics,1-50,Pune,Referral,Digital Transformation,12.9,2026-08-30,Meeting,Waiting for Response,2026-09-30,SR09,,No
L1853,Willow Wealth Tech,FinTech,1-50,Gurgaon,Email Campaign,Cloud Services,5.3,2026-08-30,Contacted,Contacted,2026-09-14,SR05,,No
L1854,Banyan Online,E-commerce,1-50,Mumbai ,Referral,Cybersecurity,7.4,2026-08-30,New,Follow-up Required,2026-09-22,SR02,,No
L1855,Vista Brands,Retail,51-200,Mumbai,Website,Software Development,22.8,2026-08-31,Contacted,Contacted,2026-09-08,SR06,,No
L1856,Onyx Payments,FinTech,51-200,Mumbai,Cold Calling,Software Development,33.0,2026-08-31,New,Follow-up Required,2026-09-08,SR06,,No
L1857,Relay Brands,Retail,501-1000,Mumbai,Cold Calling,Software Development,452.2,2026-08-31,Contacted,Waiting for Response,2026-09-03,SR06,,No
L1858,Summit Capital Tech,FinTech,201-500,Gurgaon,LinkedIn,Cybersecurity,140.3,2026-08-31,Contacted,Not Interested,,SR01,,No
L1859,Echo Mart,Retail,51-200,Bengaluru,Events,Cloud Services,40.5,2026-08-31,New,Follow-up Required,2026-09-25,SR08,,No
L1860,Vertex Brands,Retail,1-50,Delhi,Email Campaign,Cloud Services,5.1,31/08/2026,New,Follow-up Required,2026-09-22,SR05,,No
L1861,Alpine EdTech,Education,201-500,Hyderabad,LinkedIn,Cybersecurity,70.7,2026-08-31,New,Follow-up Required,2026-09-19,SR08,,No
L1862,Loop Group,Healthcare,1-50,Noida,Email Campaign,Cloud Services,11.8,2026-08-31,Contacted,Not Interested,,SR01,,No
L1863,Pulse Retail Tech,E-commerce,201-500,Jaipur,LINKEDIN,Cloud Services,103.8,2026-08-31,Contacted,Follow-up Required,2026-09-10,SR10,,No
L1864,Garuda Payments ,FinTech,1-50,Bengaluru,LinkedIn,Digital Transformation,3.5,2026-08-31,New,Follow-up Required,2026-09-01,SR08,,No
L1865,Falcon Online,E-commerce,1-50,Bengaluru,Cold Calling,Cloud Services,10.6,2026-09-01,New,Follow-up Required,2026-09-19,SR08,,No
L1866,Orbit Pvt Ltd,E-commerce,51-200,Ahmedabad,LinkedIn,Software Development,55.7,2026-09-01,New,Follow-up Required,2026-10-01,SR09,,No
L1867,Quartz Commerce,E-commerce,1-50,Delhi,LinkedIn,Digital Transformation,3.6,2026-09-01,Contacted,Follow-up Required,29/09/2026,SR01,,No
L1868,Umbra MedTech,Healthcare,501-1000,Ahmedabad,Referral,Cybersecurity,560.5,2026-09-01,Qualified,Follow-up Required,2026-09-30,SR02,,No
L1869,Jolt Industries ,FinTech,51-200,Gurgaon,Website,Cloud Services,23.7,2026-09-01,Qualified,Follow-up Required,2026-10-04,SR03,,No
L1870,Zeal Ventures,Healthcare,1-50,Hyderabad,Email Campaign,Cybersecurity,7.9,2026-09-01,Qualified,Waiting for Response,2026-09-28,SR07,,No
L1871,Wisp Software,SaaS,1-50,Hyderabad,Referral,Digital Transformation,7.7,2026-09-01,New,Follow-up Required,2026-09-26,SR04,,No
L1872,Onyx Marketplace,E-commerce,501-1000,Hyderabad ,Website,Cloud Services,377.5,2026-09-01,New,Follow-up Required,2026-09-24,SR08,,No
L1873,Astra Engineering,Manufacturing,51-200,,LinkedIn,Digital Transformation,14.1,2026-09-01,New,Follow-up Required,2026-09-22,SR09,,No
L1874,Kinetic Software,SaaS,51-200,Mumbai,Email Campaign,Software Development,15.9,2026-09-01,New,Follow-up Required,2026-09-29,SR09,,No
L1875,Chakra Logistics,Logistics,51-200,Pune,Email Campaign,Software Development,25.2,2026-09-01,New,Follow-up Required,2026-09-29,SR06,,No
L1876,Vertex Health,Healthcare,51-200,Bengaluru,Google Search,Cloud Services,54.5,2026-09-02,Contacted,Waiting for Response,2026-10-09,SR08,,No
L1877,Tundra Engineering,Manufacturing,201-500,Pune,LinkedIn,Digital Transformation,75.6,2026-09-02,New,Follow-up Required,2026-09-04,SR09,,No
L1878,Kinetic Apps,SaaS,501-1000,Bengaluru,Cold Calling,Cybersecurity,234.8,2026-09-02,New,Follow-up Required,2026-09-18,SR08,,No
L1879,Ridge Softech,Healthcare,201-500,Jaipur,Email Campaign,Digital Transformation,127.9,2026-09-02,New,Follow-up Required,2026-09-19,SR05,,No
L1880,Optima Commerce ,E-commerce,51-200,Gurgaon,Website,Software Development,48.1,2026-09-02,New,Follow-up Required,2026-10-08,SR10,,No
L1881,Mantra Platforms,SaaS,1-50,Chennai,Events,Software Development,2.7,2026-09-02,New,Follow-up Required,2026-09-24,SR07,,No
L1882,Optima Wealth Tech,FinTech,1000+,Hyderabad,LinkedIn,Cybersecurity,586.6,2026-09-02,Contacted,Not Interested,,SR07,,No
L1883,Gravity Marketplace,E-commerce,501-1000,Delhi,LinkedIn,Cloud Services,575.6,2026-09-02,New,Follow-up Required,2026-09-20,SR10,,No
L1884,Banyan Group,Education,1000+,Pune,Email Campaign,Cybersecurity,2096.2,2026-09-02,New,Follow-up Required,2026-09-14,SR06,,No
L1885,Astra Industrial,Manufacturing,1000+,Jaipur,Email Campaign,Digital Transformation,1564.0,2026-09-02,New,Follow-up Required,2026-09-22,SR10,,No
L1886,Aurora Components,Manufacturing,201-500,Mumbai,Referral,Software Development,153.2,2026-09-02,Contacted,Follow-up Required,2026-09-25,SR02,,No
L1887,Madhav Group,E-commerce,51-200,Noida,Email Campaign,Cloud Services,27.8,2026-09-03,Contacted,Contacted,2026-09-26,SR01,,No
L1888,Uday Cloudware,SaaS,1000+,Pune,Website,DevOps,1767.7,2026-09-03,New,Follow-up Required,2026-09-19,SR09,,No
L1889,Optima Retail Tech,E-COMMERCE,1000+,Bengaluru,Website,Cybersecurity,702.1,2026-09-03,New,Follow-up Required,2026-10-02,SR04,,No
L1890,Aurora Payments,FinTech,1-50,Ahmedabad,LinkedIn,Cybersecurity,3.3,2026-09-03,Qualified,Waiting for Response,2026-10-06,SR06,,No
L1891,Sagar Apps,SaaS ,51-200,Delhi,Email Campaign,Cybersecurity,42.0,2026-09-03,New,Follow-up Required,2026-09-09,SR01,,No
L1892,Zeal Manufacturing,Manufacturing,201-500,Delhi,Website,Software Development,137.8,2026-09-03,New,Follow-up Required,2026-09-27,SR10,,No
L1893,Garuda Software,SaaS,1-50,Bangalore,Referral,DevOps,11.4,2026-09-03,Contacted,Not Interested,,SR07,,No
L1894,Echo Networks,E-commerce,501-1000,Jaipur,Website,Cloud Services,592.7,2026-09-03,Meeting,Follow-up Required,2026-09-19,SR10,,No
L1895,Wavelet Manufacturing,Manufacturing,51-200,Bangalore,Cold Calling,Cybersecurity,35.7,2026-09-03,New,Follow-up Required,2026-09-07,SR07,,No
L1896,Delta Retail Tech,E-commerce,51-200,Mumbai,Cold Calling,Software Development,13.4,2026-09-03,New,Follow-up Required,2026-10-09,SR02,,No
L1897,Jade Care Systems,Healthcare,1-50,Pune,Referral,Cybersecurity,11.3,2026-09-03,Qualified,Follow-up Required,2026-09-29,SR06,,No
L1898,Quest Platforms,SaaS,201-500,Noida,LinkedIn,Software Development,56.5,2026-09-04,Contacted,Contacted,2026-09-10,SR05,,No
L1899,Glide Software,SaaS,501-1000,Noida,Email Campaign,Software Development,535.4,2026-09-04,New,Follow-up Required,2026-09-21,SR10,,No
L1900,Rudra Apps,SaaS,51-200,Noida,Email Campaign,Cloud Services,11.1,2026-09-04,Contacted,Waiting for Response,2026-10-10,SR10,,No
L1901,Pulse Online,E-commerce,201-500,Mumbai,Events,Cybersecurity,,2026-09-04,New,Follow-up Required,2026-09-21,SR02,,No
L1902,Pulse Health,Healthcare,201-500,Delhi,Google Search,DevOps,67.2,2026-09-04,Contacted,Contacted,2026-10-10,SR01,,No
L1903,Himalaya Retail,Retail,51-200,Hyderabad,Email Campaign,Software Development,25.4,2026-09-04,New,Follow-up Required,2026-09-07,SR07,,No
L1904,Flux Software,SaaS,501-1000,Hyderabad,LinkedIn,Software Development,429.5,2026-09-04,Qualified,Follow-up Required,2026-09-26,SR07,,No
L1905,Neptune Pvt Ltd,E-commerce,51-200,Delhi,Website,DevOps,30.9,2026-09-04,New,Follow-up Required,2026-09-23,SR01,,No
L1906,Prana EdTech,Education,201-500,Bengaluru,LinkedIn,Cloud Services,129.1,2026-09-04,Qualified,Waiting for Response,2026-10-09,SR04,,No
L1907,Indus Payments,FinTech,501-1000,Delhi,Google Search,Software Development,252.9,2026-09-05,Contacted,Waiting for Response,2026-09-25,SR05,,No
L1908,Prism Academy Systems,Education,51-200,Mumbai,LinkedIn,Digital Transformation,25.0,2026-09-05,Contacted,Follow-up Required,2026-10-01,SR06,,No
L1909,Chakra Apps,SaaS,51-200,Delhi,Website,Cybersecurity,58.0,2026-09-05,New,Follow-up Required,2026-10-03,SR05,,No
L1910,Nimbus Cargo,Logistics,51-200,Bengaluru,Events,Digital Transformation,57.4,2026-09-05,New,Follow-up Required,2026-09-27,SR07,,No
L1911,Quantum Systems,Logistics,51-200,Mumbai,Website,Cloud Services,37.3,2026-09-05,New,Follow-up Required,2026-10-10,SR02,,No
L1912,Helix Brands,Retail,1-50,Mumbai,Email Campaign,Digital Transformation,12.0,2026-09-05,New,Follow-up Required,2026-09-27,SR09,,No
L1913,Meridian Care Systems,Healthcare,201-500,New Delhi,Events,Cloud Services,60.3,2026-09-05,Contacted,Contacted,2026-09-19,SR10,,No
L1914,Trident Retail Tech,E-commerce,201-500,Mumbai,Cold Calling,Software Development,50.0,2026-09-05,Contacted,Contacted,2026-09-11,SR06,,No
L1915,Zephyr Online,E-commerce,201-500,Gurgaon,LinkedIn,Software Development,66.1,2026-09-05,Qualified,Waiting for Response,2026-09-24,SR01,,No
L1916,Hive Payments,FinTech,1-50,Bengaluru,Cold Calling,Software Development,14.6,2026-09-05,New,Follow-up Required,2026-10-07,SR07,,No
L1917,Ridge Software,SaaS,501-1000,Gurgaon,Email Campaign,Software Development,401.4,2026-09-05,Qualified,Waiting for Response,2026-09-23,SR05,,No
L1918,Optima Platforms,SaaS,201-500,Chennai,Events,DevOps,91.9,2026-09-06,New,Follow-up Required,2026-10-04,SR04,,No
L1919,Orbit Technologies,Manufacturing,51-200,Jaipur,Referral,Digital Transformation,44.8,2026-09-06,New,Follow-up Required,2026-09-24,SR10,,No
L1920,Chakra Components,Manufacturing,1-50,Delhi,Referral,Digital Transformation,9.5,2026-09-06,Contacted,Contacted,2026-10-05,SR01,,No
L1921,Nexora Systems,Healthcare,501-1000,Bengaluru,Email Campaign,Cloud Services,389.3,2026-09-06,New,Follow-up Required,2026-09-17,SR07,,No
L1922,Onyx Stores,Retail,51-200,Bengaluru,Referral,Software Development,14.1,2026-09-06,Contacted,Follow-up Required,2026-09-24,SR04,,No
L1923,Cedar Freight,Logistics,51-200,Pune,Email Campaign,Digital Transformation,34.2,2026-09-06,Contacted,Not Interested,,SR09,,No
L1924,Glide Group,FinTech,201-500,Hyderabad,LinkedIn,Digital Transformation,110.1,2026-09-06,New,Follow-up Required,2026-09-07,SR04,,No
L1925,Quest Pvt Ltd,SaaS,51-200,Gurgaon,LinkedIn,Cloud Services,52.6,2026-09-06,Qualified,Follow-up Required,2026-09-27,SR05,,No
L1926,Mantra Health,Healthcare,51-200,Delhi,Cold Calling,Digital Transformation,29.5,2026-09-06,New,Follow-up Required,2026-09-14,SR10,,No
L1927,Spark Pvt Ltd,Logistics,201-500,Mumbai,Website,Software Development,96.2,2026-09-07,Qualified,Waiting for Response,2026-10-01,SR02,,No
L1928,Narmada Capital Tech,FinTech,51-200,Delhi,Website,DevOps,17.1,2026-09-07,New,Follow-up Required,2026-09-19,SR03,,No
L1929,Tundra Solutions,FinTech,1-50,Delhi,Google Search,Software Development,8.9,2026-09-07,New,Follow-up Required,2026-10-10,SR03,,No
L1930,Quartz Software,SaaS,201-500,Pune,Referral,DevOps,54.5,2026-09-07,Contacted,Not Interested,,SR02,,No
L1931,Bluepeak Platforms,SaaS,1000+,Bengaluru,LinkedIn,Cloud Services,894.8,2026-09-08,New,Follow-up Required,2026-09-28,SR07,,No
L1932,Ember Enterprises,Logistics,201-500,Ahmedabad,Cold Calling,Cloud Services,80.6,2026-09-08,New,Follow-up Required,2026-09-24,SR09,,No
L1933,Drift Apps,SaaS,501-1000,Pune,Website,DevOps,540.7,2026-09-08,Contacted,Waiting for Response,2026-09-17,SR09,,No
L1934,Jade Industries,FinTech,1-50,Delhi,LinkedIn,Cybersecurity,5.6,2026-09-08,New,Follow-up Required,2026-10-05,SR03,,No
L1935,Madhav Global,Manufacturing,501-1000,Gurgaon,Email Campaign,DevOps,462.1,2026-09-08,New,Follow-up Required,2026-10-02,SR03,,No
L1936,Zest Software,SaaS,501-1000,Bengaluru,Website,DevOps,,2026-09-08,New,Follow-up Required,2026-10-01,SR07,,No
L1937,Lumina Marketplace,E-commerce,51-200,Delhi,Website,Software Development,14.5,2026-09-08,New,Follow-up Required,2026-09-21,SR01,,No
L1938,Mosaic Platforms,SaaS,1000+,Delhi,Referral,DevOps,623.2,2026-09-09,Contacted,Not Interested,,SR10,,No
L1939,Meridian Enterprises,FinTech,51-200,Chennai,email campaign,Software Development,,2026-09-09,New,Follow-up Required,2026-09-16,SR04,,No
L1940,Drift Stores,Retail,1000+,Hyderabad,Website,Cloud Services,1865.9,2026-09-09,Qualified,Waiting for Response,2026-09-15,SR04,,No
L1941,Lumina Health,Healthcare,1-50,Delhi,Website,Cloud Services,6.3,2026-09-09,New,Follow-up Required,2026-09-22,SR01,,No
L1942,Narmada Softech,Education,201-500,Delhi,Referral,Digital Transformation,111.9,2026-09-09,Contacted,Waiting for Response,2026-09-15,SR03,,No
L1943,Willow Brands,Retail,1-50,Noida ,Cold Calling,Software Development,3.6,2026-09-09,New,Follow-up Required,2026-09-21,SR10,,No
L1944,Solace Care Systems,Healthcare,201-500,Hyderabad,LINKEDIN,Cybersecurity,99.2,2026-09-09,New,Follow-up Required,2026-09-24,SR07,,No
L1945,Himalaya Brands,Retail,1-50,Chennai ,Email Campaign,Cloud Services,13.5,2026-09-09,New,Follow-up Required,2026-09-17,SR04,,No
L1946,Vista Marketplace ,E-commerce,501-1000,Chennai,Cold Calling,Cloud Services,483.9,2026-09-09,New,Follow-up Required,2026-09-30,SR08,,No
L1947,Xenon Labs,SaaS,1-50,Bengaluru,Email Campaign,Cloud Services,3.6,2026-09-10,Contacted,Waiting for Response,2026-09-16,SR04,,No
L1948,Vanguard Cargo,Logistics,201-500,Mumbai,Referral,Software Development,164.3,2026-09-10,Contacted,Contacted,2026-10-02,SR02,,No
L1949,Quest Industrial,Manufacturing,1000+,Mumbai,Website,Software Development,2315.0,2026-09-10,Contacted,Follow-up Required,2026-09-23,SR02,,No
L1950,Wisp Systems,Healthcare,201-500,Mumbai,Referral,Cybersecurity,44.1,2026-09-10,New,Follow-up Required,2026-10-02,SR09,,No
L1951,Ember Apps,SaaS,1-50,Mumbai,Email Campaign,DevOps,13.9,2026-09-10,New,Follow-up Required,2026-09-26,SR02,,No
L1952,Vista Supply Chain,Logistics,1-50,Delhi,LinkedIn,Software Development,6.4,2026-09-10,Contacted,Follow-up Required,2026-09-21,SR10,,No
L1953,Titan Software,SaaS,51-200,Noida,Google Search,Cybersecurity,39.2,2026-09-10,Contacted,Waiting for Response,2026-10-09,SR03,,No
L1954,Aurora Apps,SaaS,1000+,Delhi,LinkedIn,Cloud Services,1989.5,2026-09-11,New,Follow-up Required,2026-09-28,SR05,,No
L1955,Zeal Wealth Tech,FinTech,51-200,Bengaluru,Referral,Cybersecurity,52.1,2026-09-11,Contacted,Waiting for Response,2026-09-21,SR07,,No
L1956,Urban Finserv,FinTech,51-200,Noida,Email Campaign,Cloud Services,28.7,2026-09-11,New,Follow-up Required,2026-09-20,SR03,,No
L1957,Relay Manufacturing,Manufacturing,1-50,Bengaluru,Website,Digital Transformation,15.0,2026-09-11,New,Follow-up Required,2026-10-03,SR07,,No
L1958,Cedar Marketplace,E-COMMERCE,201-500,Mumbai,Email Campaign,Cybersecurity,137.3,2026-09-11,Contacted,Not Interested,,SR09,,No
L1959,Flux Components,Manufacturing,201-500,Delhi,Cold Calling,Cloud Services,147.9,2026-09-11,New,Follow-up Required,2026-09-29,SR10,,No
L1960,Ion Manufacturing,Manufacturing,51-200,Bengaluru,Google Search,Software Development,39.5,2026-09-11,Qualified,Waiting for Response,2026-10-05,SR04,,No
L1961,Relay Marketplace,E-commerce,1-50,Chennai,email campaign,Software Development,7.5,2026-09-11,Qualified,Contacted,2026-10-09,SR04,,No
L1962,Mosaic Manufacturing,Manufacturing,201-500,Delhi,Referral,Digital Transformation,110.1,2026-09-12,New,Follow-up Required,2026-09-19,SR10,,No
L1963,Banyan Cargo,Logistics,1-50,Mumbai,Referral,Cloud Services,6.4,2026-09-12,New,Follow-up Required,2026-10-05,SR06,,No
L1964,Banyan Engineering,Manufacturing,1-50,Pune,Events,Cybersecurity,7.8,2026-09-12,New,Follow-up Required,2026-09-28,SR02,,No
L1965,Mantra Capital Tech,FinTech,201-500,Mumbai,LinkedIn,DevOps,102.4,2026-09-12,Contacted,Waiting for Response,2026-09-30,SR02,,No
L1966,Prism Global,Logistics,1-50,Delhi,Cold Calling,Digital Transformation,6.6,2026-09-12,New,Follow-up Required,2026-09-26,SR03,,No
L1967,Thrive Marketplace,E-commerce,1-50,Noida,Email Campaign,Software Development,11.6,2026-09-12,New,Follow-up Required,2026-09-19,SR05,,No
L1968,Titan Technologies,fintech,501-1000,Delhi,Google Search,Cybersecurity,551.8,2026-09-12,New,Follow-up Required,2026-09-16,SR01,,No
L1969,Mantra Diagnostics,Healthcare,51-200,Bengaluru,Website,Cybersecurity,30.9,2026-09-12,New,Follow-up Required,2026-09-17,SR04,,No
L1970,Evergreen Logistics,Logistics,201-500,Mumbai,LinkedIn,Software Development,176.4,2026-09-13,Contacted,Waiting for Response,2026-09-18,SR02,,No
L1971,Mosaic Global,Manufacturing,501-1000,Ahmedabad,Email Campaign,Digital Transformation,205.3,2026-09-13,New,Follow-up Required,2026-09-25,SR06,,No
L1972,Paragon Enterprises,SaaS,1-50,Gurgaon,LinkedIn,Digital Transformation,3.9,2026-09-13,New,Follow-up Required,2026-09-17,SR10,,No
L1973,Lakshya Engineering,Manufacturing,1-50,Jaipur,Cold Calling,DevOps,6.2,2026-09-13,New,Follow-up Required,2026-09-18,SR03,,No
L1974,Summit Components,Manufacturing,501-1000,Gurgaon,Cold Calling,Software Development,481.3,2026-09-13,Qualified,Not Interested,,SR05,,No
L1975,Unity Payments,FinTech,201-500,Gurgaon,Cold Calling,Digital Transformation,197.6,2026-09-13,New,Follow-up Required,04/10/2026,SR05,,No
L1976,Orbit Freight,Logistics,51-200,Bengaluru,Email Campaign,Digital Transformation,,2026-09-13,New,Follow-up Required,2026-09-25,SR08,,No
L1977,Quartz Cargo,Logistics,1-50,Hyderabad,Website,Digital Transformation,5.7,2026-09-13,New,Follow-up Required,2026-09-23,SR08,,No
L1978,Bolt Marketplace,E-commerce,1000+,Bengaluru,Cold Calling,DevOps,2477.5,2026-09-13,Qualified,Follow-up Required,2026-10-06,SR07,,No
L1979,Glide Mart,Retail,501-1000,Mumbai,Cold Calling,Cloud Services,348.6,2026-09-13,Contacted,Waiting for Response,2026-10-01,SR06,,No
L1980,Nimbus Cloudware,SaaS,501-1000,Gurgaon,Google Search,Software Development,370.1,2026-09-13,Contacted,Follow-up Required,2026-10-01,SR05,,No
L1981,Cobalt Finserv,FinTech,1000+,Pune,LinkedIn,Cybersecurity,2926.4,2026-09-13,New,Follow-up Required,2026-09-19,SR02,,No
L1982,Unity Marketplace,E-commerce,1000+,Bengaluru,Website,Cloud Services,1647.9,2026-09-13,Contacted,Follow-up Required,2026-09-14,SR04,,No
L1983,Vivid MedTech,Healthcare,51-200,Pune,EMAIL CAMPAIGN,Digital Transformation,15.5,2026-09-14,New,Follow-up Required,2026-09-21,SR06,,No
L1984,Umbra Supply Chain,Logistics,51-200,Mumbai,Cold Calling,Cybersecurity,22.2,2026-09-14,New,Follow-up Required,2026-10-07,SR02,,No
L1985,Hive Stores,Retail,201-500,Ahmedabad,Cold Calling,Software Development,113.5,2026-09-14,New,Follow-up Required,2026-10-10,SR06,,No
L1986,Cedar Platforms,SaaS,201-500,Jaipur,Google Search,Cloud Services,158.9,2026-09-14,Contacted,Follow-up Required,2026-10-04,SR10,,No
L1987,Vista Labs,Retail,51-200,Gurgaon,Referral,DevOps,53.8,2026-09-14,Contacted,Follow-up Required,2026-10-04,SR05,,No
L1988,Zeal Industrial,Manufacturing,51-200,Ahmedabad,Email Campaign,Software Development,45.0,2026-09-14,New,Follow-up Required,2026-09-29,SR02,,No
L1989,Ridge Enterprises,Logistics,1-50,Bengaluru,Referral,Software Development,3.9,2026-09-14,New,Follow-up Required,2026-09-21,SR07,,No
L1990,Sapphire Capital Tech,FinTech,51-200,Bengaluru,LinkedIn,Digital Transformation,,2026-09-14,New,Follow-up Required,2026-10-07,SR07,,No
L1991,Pinnacle Retail,Retail,1000+,Delhi,LinkedIn,Digital Transformation,2061.5,2026-09-14,New,Follow-up Required,2026-10-06,SR01,,No
L1992,Banyan Freight,Logistics,1000+,Bengaluru,Referral,Cloud Services,2042.8,2026-09-15,Meeting,Waiting for Response,2026-09-19,SR04,,No
L1993,Bharat Payments,FinTech,1000+,Pune,Google Search,Software Development,1894.9,2026-09-15,Qualified,Follow-up Required,2026-09-18,SR09,,No
L1994,Gravity Industries,Healthcare,51-200,Chennai,Google Search,Cybersecurity,18.4,2026-09-15,New,Follow-up Required,2026-09-25,SR04,,No
L1995,Yonder Marketplace,E-commerce,201-500,Delhi,Cold Calling,DevOps,98.5,2026-09-15,New,Follow-up Required,2026-09-17,SR05,,No
L1996,Xenon Finserv,FinTech,1-50,Mumbai ,Website,Software Development,8.1,2026-09-15,Contacted,Contacted,2026-09-26,SR09,,No
L1997,Loop Ventures,Healthcare,201-500,Hyderabad,Email Campaign,Digital Transformation,96.6,2026-09-15,New,Follow-up Required,2026-09-27,SR08,,No
L1998,Ridge Cargo,Logistics,201-500,Gurgaon,Email Campaign,Cloud Services,96.6,2026-09-15,Contacted,Waiting for Response,2026-10-09,SR05,,No
L1999,Paragon Networks,SaaS,1000+,Hyderabad,LinkedIn,DevOps,543.5,2026-09-15,New,Follow-up Required,2026-09-19,SR07,,No
L2000,Prana Logistics,Logistics,1000+,Delhi,Website,DevOps,605.9,2026-09-15,New,Follow-up Required,2026-09-22,SR03,,No
L0767,RELAY LABS,FinTech,201-500,Bengaluru,Events,Cybersecurity,70.0,2026-04-19,Qualified,Waiting for Response,2026-09-20,SR07,,No
L0183,Bolt Technologies,Healthcare,1-50,Hyderabad,Cold Calling,Cloud Services,4.3,2026-01-26,Contacted,Waiting for Response,2026-10-08,SR08,,No
L1764,VAYU LEARNING,Education,51-200,Hyderabad,Email Campaign,Digital Transformation,15.2,2026-08-19,New,Follow-up Required,2026-09-23,SR08,,No
L1815,Mosaic Care Systems,Healthcare,51-200,Delhi,LINKEDIN,Digital Transformation,41.9,2026-08-26,New,Follow-up Required,2026-09-26,SR01,,No
L0597,Banyan Softech,Healthcare,201-500,Hyderabad,Email Campaign,Digital Transformation,153.5,2026-03-30,New,Follow-up Required,2026-09-28,SR04,,No
L1411,CEDAR MART,Retail,501-1000,Delhi,Referral,Digital Transformation,174.4,2026-07-11,Qualified,Contacted,2026-09-25,SR10,,No
L1995,YONDER MARKETPLACE,E-commerce,201-500,Delhi,Cold Calling,DevOps,98.5,2026-09-15,New,Follow-up Required,2026-09-17,SR05,,No
L0511,Horizon Ventures,Healthcare,1-50,Pune,Google Search,Cybersecurity,7.7,2026-03-19,Qualified,Waiting for Response,2026-09-01,SR06,,No
L0362,GARUDA ENTERPRISES,E-commerce,1-50,Delhi,Email Campaign,Cloud Services,3.1,2026-02-26,Qualified,Follow-up Required,2026-10-05,SR05,,No
L1564,Bharat Systems,Logistics,51-200,Mumbai,Cold Calling,Digital Transformation,54.0,2026-07-29,New,Follow-up Required,2026-09-19,SR06,,No
L1918,Optima Platforms,SaaS,201-500,Chennai,Events,DevOps,91.9,2026-09-06,New,Follow-up Required,2026-10-04,SR04,,No
L0247,ASTRA ENTERPRISES,E-commerce,201-500,Hyderabad,LinkedIn,Software Development,137.9,2026-02-06,Proposal,Not Interested,,SR07,1125000.0,No
L0372,Madhav Systems,E-COMMERCE,51-200,,Email Campaign,Digital Transformation,15.4,2026-02-27,Qualified,Follow-up Required,2026-09-04,SR10,,No
L1955,ZEAL WEALTH TECH,FinTech,51-200,Bengaluru,Referral,Cybersecurity,52.1,2026-09-11,Contacted,Waiting for Response,2026-09-21,SR07,,No
L1315,CREST PVT LTD ,Retail,1-50,Chennai,Google Search,Software Development,3.7,2026-06-30,Contacted,Follow-up Required,2026-09-24,SR08,,No
L1478,NIMBUS RETAIL TECH,E-commerce,201-500,Noida,Events,Cloud Services,75.0,2026-07-18,Proposal,Closed,,SR01,1325000.0,No
L1621,Chakra Solutions,retail,501-1000,Mumbai,Website,Cloud Services,229.3,2026-08-05,New,Follow-up Required,2026-09-04,SR02,,No
L1640,Trident Payments,FinTech,51-200,Bengaluru,Cold Calling,Cybersecurity,40.4,2026-08-07,New,Follow-up Required,2026-09-20,SR04,,No
L1575,SAGAR SOFTECH,SaaS,201-500,Mumbai,Cold Calling,Cybersecurity,158.3,2026-07-30,Contacted,Contacted,2026-10-02,SR06,,No
L0885,COBALT SOLUTIONS,SaaS,1-50,Bengaluru,Email Campaign,Cybersecurity,4.3,2026-05-06,Meeting,Not Interested,,SR04,,No
L1134,MADHAV PLATFORMS,SaaS,51-200,Mumbai,Cold Calling,Software Development,31.0,2026-06-08,Contacted,Follow-up Required,2026-09-30,SR02,,No
L1987,Vista Labs,Retail,51-200,Gurgaon,Referral,DevOps,53.8,2026-09-14,Contacted,Follow-up Required,2026-10-04,SR05,,No
L1119,PINNACLE SOFTECH,SaaS,201-500,Gurgaon,Email Campaign,Digital Transformation,41.9,2026-06-06,Meeting,Waiting for Response,2026-09-24,SR03,,No
L1493,UDAY SUPPLY CHAIN,Logistics,51-200,Mumbai,Website,Software Development,10.4,2026-07-20,Contacted,Follow-up Required,2026-08-30,SR06,,No
L0318,KINETIC SOFTECH,FinTech,201-500,Chennai,Website,Cybersecurity,95.9,2026-02-19,Qualified,Contacted,2026-10-03,SR07,,No
L0634,NIMBUS GROUP ,E-commerce,51-200,Mumbai,Cold Calling,Digital Transformation,49.0,2026-04-04,Contacted,Waiting for Response,2026-09-19,SR09,,No
L0496,NARMADA NETWORKS,E-commerce,501-1000,Mumbai,Website,Cloud Services,282.5,2026-03-16,New,Follow-up Required,2026-09-29,SR06,,No
L0773,Willow Softech,FinTech,1-50,Bengaluru,Referral,Digital Transformation,5.7,2026-04-19,Qualified,Waiting for Response,2026-09-23,SR08,,No
L1121,Xenon Marketplace,E-COMMERCE,1-50,Bengaluru,Website,Cloud Services,8.6,2026-06-07,New,Follow-up Required,2026-10-06,SR04,,No
L0428,WAVELET COMMERCE,E-commerce,1-50,Mumbai,Email Campaign,Cloud Services,9.8,2026-03-05,Contacted,Waiting for Response,2026-09-29,SR02,,No
L1109,ISHAAN APPS,SaaS,201-500,Noida ,Google Search,Cloud Services,198.1,2026-06-05,New,Follow-up Required,2026-09-28,SR05,,No
L0005,LOOP SYSTEMS,SaaS,201-500,Gurugram,Referral,Cloud Services,169.0,2026-01-01,Qualified,Waiting for Response,2026-09-12,SR01,,No
L0574,KESTREL FINSERV,fintech,201-500,Noida,Cold Calling,Cloud Services,194.3,2026-03-27,Proposal,Waiting for Response,24/09/2026,SR05,820000.0,No
L1449,Sagar MedTech,Healthcare,51-200,Mumbai,Google Search,Software Development,37.3,2026-07-16,New,Follow-up Required,2026-10-07,SR06,,No
L0505,Wavelet Labs,Education,501-1000,Noida,Cold Calling,Software Development,165.0,2026-03-18,Contacted,Follow-up Required,2026-10-05,SR05,,No
L1312,Orbit Systems,Healthcare,1000+,Delhi,Events,Cloud Services,1334.3,2026-06-30,Meeting,Meeting Scheduled,2026-10-01,SR05,,No
L1161,APEX ENGINEERING,Manufacturing,51-200,Bengaluru,Email Campaign,Digital Transformation,10.4,2026-06-11,New,Follow-up Required,2026-10-07,SR07,,No
L0766,Ekam Finserv,FinTech,1-50,Bengaluru,Cold Calling,Cybersecurity,4.9,2026-04-19,Contacted,Waiting for Response,2026-09-19,SR04,,No
L0214,QUEST GROUP,E-commerce,1000+,Delhi,Website,Cloud Services,2153.3,2026-01-31,New,Follow-up Required,2026-09-30,SR01,,No
L1232,QUARTZ VENTURES,Retail,1-50,Gurgaon,LinkedIn,Cybersecurity,4.6,2026-06-21,New,Follow-up Required,2026-10-09,SR01,,No
L1213,MANTRA SOFTWARE,SaaS,201-500,Mumbai,LinkedIn,DevOps,78.1,2026-06-17,New,Follow-up Required,2026-09-19,SR09,,No
L1733,ION PLATFORMS,SaaS,1-50,Noida,Email Campaign,Cybersecurity,7.0,2026-08-16,Qualified,Waiting for Response,2026-09-25,SR05,,No
L0424,CHAKRA PVT LTD,E-commerce,1000+,Pune,LinkedIn,Cloud Services,1409.7,2026-03-05,Contacted,Follow-up Required,2026-10-05,SR09,,No
L1009,Vanguard Payments,FinTech,1-50,Chennai,Cold Calling,Cybersecurity,8.0,2026-05-23,Qualified,Meeting Scheduled,2026-09-26,SR04,,No
L1188,Umbra Apps,SaaS,1-50,Delhi,Google Search,DevOps,7.3,2026-06-15,Contacted,Follow-up Required,2026-09-29,SR10,,No
L1916,Hive Payments,FinTech,1-50,Bengaluru,Cold Calling,Software Development,14.6,2026-09-05,New,Follow-up Required,2026-10-07,SR07,,No
L1649,SAPPHIRE FINSERV,FinTech,1-50,Mumbai,LinkedIn,Cloud Services,3.9,2026-08-08,Qualified,Follow-up Required,2026-09-25,SR09,,No
L1039,Zest Industries,Healthcare,51-200,Pune,Events,Software Development,34.5,2026-05-27,Proposal,Not Interested,,SR06,535000.0,No
L0593,Pulse Networks,Retail,1-50,Mumbai,LinkedIn,Software Development,10.5,2026-03-29,Contacted,Follow-up Required,2026-10-01,SR02,,No
L1983,VIVID MEDTECH,Healthcare,51-200,Pune,EMAIL CAMPAIGN,Digital Transformation,15.5,2026-09-14,New,Follow-up Required,2026-09-21,SR06,,No
L1806,Bharat Cloudware,SaaS,51-200,Delhi,Google Search,Software Development,14.6,2026-08-24,New,Follow-up Required,2026-09-20,SR03,,No
L1104,CHAKRA LABS,SaaS,51-200,Noida,LinkedIn,Cloud Services,40.1,2026-06-04,Contacted,Waiting for Response,2026-09-19,SR10,,No
L1029,XENON GROUP,SaaS,1000+,Hyderabad,Cold Calling,Cloud Services,1520.6,2026-05-26,New,Follow-up Required,2026-10-09,SR04,,No
L1049,HIMALAYA VENTURES,Education,51-200,Mumbai,LinkedIn,Cybersecurity,19.9,2026-05-28,New,Follow-up Required,2026-09-22,SR09,,No
L0386,LAKSHYA SYSTEMS,Healthcare,51-200,Gurgaon,Referral,Cybersecurity,25.8,2026-03-01,Won,Closed,,SR10,525000.0,Yes
L1387,KESTREL ONLINE,E-commerce,501-1000,Hyderabad,Cold Calling,DevOps,472.8,2026-07-09,Contacted,Not Interested,,SR04,,No
L1686,YONDER PLATFORMS,SaaS,201-500,Noida,Referral,Cloud Services,80.6,2026-08-12,Qualified,Contacted,2026-09-23,SR10,,No
L0808,PRANA INDUSTRIES,Manufacturing,51-200,Delhi,Google Search,Digital Transformation,51.4,2026-04-25,Contacted,Waiting for Response,2026-10-01,SR01,,No
L0246,Drift Pvt Ltd,Education,1-50,Bengaluru,LinkedIn,Cloud Services,14.6,2026-02-06,New,Follow-up Required,2026-09-19,SR08,,No
L0047,Kestrel Pvt Ltd,Retail,51-200,Mumbai,Cold Calling,Software Development,15.1,2026-01-07,New,Follow-up Required,2026-09-13,SR06,,No
