Activity_ID,Lead_ID,Activity_Type,Activity_Date,Outcome
A00001,L0008,Website Visit,2026-01-03,Pricing Page
A00002,L0010,Meeting,2026-01-05,Completed
A00003,L0025,Email,2026-01-05,Opened
A00004,L0012,Website Visit,2026-01-07,Blog
A00005,L0037,Email,2026-01-07,Opened
A00006,L0008,Meeting,2026-01-08,Completed
A00007,L0010,Call,2026-01-08,No Answer
A00008,L0029,Call,2026-01-08,Voicemail
A00009,L0031,Call,2026-01-08,Connected
A00010,L0044,Email,2026-01-08,Replied
A00011,L0020,Website Visit,2026-01-09,Services Page
A00012,L0025,Website Visit,2026-01-09,Case Study
A00013,L0005,Call,2026-01-10,No Answer
A00014,L0006,Website Visit,2026-01-10,Services Page
A00015,L0059,Email,2026-01-10,Bounced
A00016,L0060,Call,2026-01-10,Connected
A00017,L0066,Website Visit,2026-01-10,Pricing Page
A00018,L0012,Call,2026-01-11,No Answer
A00019,L0017,Call,2026-01-11,Callback Requested
A00020,L0033,Website Visit,2026-01-11,Pricing Page
A00021,L0015,Call,2026-01-12,Callback Requested
A00022,L0030,Website Visit,2026-01-12,Case Study
A00023,L0031,Email,2026-01-12,Replied
A00024,L0066,Meeting,2026-01-12,Completed
A00025,L0072,Call,2026-01-12,Connected
A00026,L0078,Website Visit,2026-01-12,Contact Page
A00027,L0008,Call,2026-01-13,Voicemail
A00028,L0019,Email,2026-01-13,Opened
A00029,L0039,Website Visit,2026-01-13,Blog
A00030,L0082,Website Visit,2026-01-13,Blog
A00031,L0015,Website Visit,2026-01-14,Services Page
A00032,L0016,Call,2026-01-14,No Answer
A00033,L0041,Call,2026-01-14,Callback Requested
A00034,L0061,Email,2026-01-14,Opened
A00035,L0079,Email,2026-01-14,Replied
A00036,L0023,Call,2026-01-15,Connected
A00037,L0029,Email,2026-01-15,Replied
A00038,L0032,Call,2026-01-15,No Answer
A00039,L0044,Email,2026-01-15,No Response
A00040,L0050,Call,2026-01-15,Connected
A00041,L0050,Email,2026-01-15,Opened
A00042,L0046,Meeting,2026-01-16,Completed
A00043,L0061,Call,2026-01-16,Callback Requested
A00044,L0067,Website Visit,2026-01-16,Case Study
A00045,L0094,Email,2026-01-16,No Response
A00046,L0111,Website Visit,2026-01-16,Blog
A00047,L0008,Call,2026-01-17,Callback Requested
A00048,L0023,Call,2026-01-17,Voicemail
A00049,L0056,Call,2026-01-17,Callback Requested
A00050,L0078,Website Visit,2026-01-17,Services Page
A00051,L0081,Call,2026-01-17,Connected
A00052,L0082,Call,2026-01-17,No Answer
A00053,L0106,Website Visit,2026-01-17,Case Study
A00054,L0008,Email,2026-01-18,No Response
A00055,L0015,Meeting,2026-01-18,No Show
A00056,L0033,Call,2026-01-18,Connected
A00057,L0070,Meeting,2026-01-18,Completed
A00058,L0079,Call,2026-01-18,Callback Requested
A00059,L0083,Call,2026-01-18,Callback Requested
A00060,L0094,Call,2026-01-18,Callback Requested
A00061,L0024,Call,2026-01-19,Callback Requested
A00062,L0026,Website Visit,2026-01-19,Pricing Page
A00063,L0033,Call,2026-01-19,No Answer
A00064,L0059,Call,2026-01-19,Callback Requested
A00065,L0105,Website Visit,2026-01-19,Services Page
A00066,L0113,Email,2026-01-19,Replied
A00067,L0004,Call,2026-01-20,No Answer
A00068,L0009,Website Visit,2026-01-20,Blog
A00069,L0015,Email,2026-01-20,No Response
A00070,L0049,Call,2026-01-20,Callback Requested
A00071,L0049,Email,2026-01-20,No Response
A00072,L0050,Website Visit,2026-01-20,Services Page
A00073,L0083,Website Visit,2026-01-20,Pricing Page
A00074,L0086,Website Visit,2026-01-20,Services Page
A00075,L0092,Email,2026-01-20,Opened
A00076,L0100,Call,2026-01-20,No Answer
A00077,L0112,Email,2026-01-20,Replied
A00078,L0118,Call,2026-01-20,Callback Requested
A00079,L0033,Website Visit,2026-01-21,Blog
A00080,L0046,Website Visit,2026-01-21,Services Page
A00081,L0059,Email,2026-01-21,Opened
A00082,L0079,Meeting,2026-01-21,No Show
A00083,L0086,Website Visit,2026-01-21,Pricing Page
A00084,L0088,Website Visit,2026-01-21,Blog
A00085,L0098,Call,2026-01-21,Callback Requested
A00086,L0116,Call,2026-01-21,Voicemail
A00087,L0116,Email,2026-01-21,Opened
A00088,L0002,Call,2026-01-22,Connected
A00089,L0008,Website Visit,2026-01-22,Pricing Page
A00090,L0022,Website Visit,2026-01-22,Blog
A00091,L0029,Website Visit,2026-01-22,Case Study
A00092,L0032,Email,2026-01-22,No Response
A00093,L0036,Email,2026-01-22,Opened
A00094,L0057,Call,2026-01-22,No Answer
A00095,L0058,Call,2026-01-22,Callback Requested
A00096,L0058,Email,2026-01-22,Opened
A00097,L0063,Call,2026-01-22,Voicemail
A00098,L0083,Call,2026-01-22,Connected
A00099,L0084,Website Visit,2026-01-22,Contact Page
A00100,L0086,Email,2026-01-22,Opened
A00101,L0112,Meeting,2026-01-22,Completed
A00102,L0116,Call,2026-01-22,No Answer
A00103,L0119,Call,2026-01-22,Voicemail
A00104,L0122,Website Visit,2026-01-22,Blog
A00105,L0139,Call,2026-01-22,Callback Requested
A00106,L0143,Meeting,2026-01-22,Rescheduled
A00107,L0143,Website Visit,2026-01-22,Pricing Page
A00108,L0010,Meeting,2026-01-23,Completed
A00109,L0016,Call,2026-01-23,Connected
A00110,L0020,Website Visit,2026-01-23,Pricing Page
A00111,L0049,Meeting,2026-01-23,No Show
A00112,L0051,Website Visit,2026-01-23,Pricing Page
A00113,L0055,Website Visit,2026-01-23,Case Study
A00114,L0067,Call,2026-01-23,No Answer
A00115,L0084,Website Visit,2026-01-23,Services Page
A00116,L0090,Email,2026-01-23,No Response
A00117,L0093,Website Visit,2026-01-23,Case Study
A00118,L0095,Call,2026-01-23,Callback Requested
A00119,L0129,Meeting,2026-01-23,Rescheduled
A00120,L0153,Call,2026-01-23,Connected
A00121,L0036,Call,2026-01-24,No Answer
A00122,L0046,Call,2026-01-24,Callback Requested
A00123,L0057,Meeting,2026-01-24,Completed
A00124,L0062,Call,2026-01-24,No Answer
A00125,L0067,Call,2026-01-24,No Answer
A00126,L0070,Meeting,2026-01-24,Rescheduled
A00127,L0086,Meeting,2026-01-24,Completed
A00128,L0102,Call,2026-01-24,Connected
A00129,L0102,Website Visit,2026-01-24,Pricing Page
A00130,L0138,Call,2026-01-24,No Answer
A00131,L0147,Email,2026-01-24,Opened
A00132,L0161,Website Visit,2026-01-24,Services Page
A00133,L0079,Email,2026-01-25,No Response
A00134,L0091,Email,2026-01-25,Opened
A00135,L0104,Email,2026-01-25,Replied
A00136,L0122,Website Visit,2026-01-25,Case Study
A00137,L0123,Website Visit,2026-01-25,Case Study
A00138,L0135,Website Visit,2026-01-25,Services Page
A00139,L0139,Email,2026-01-25,No Response
A00140,L0143,Website Visit,2026-01-25,Contact Page
A00141,L0166,Website Visit,2026-01-25,Contact Page
A00142,L0167,Meeting,2026-01-25,Rescheduled
A00143,L0005,Email,2026-01-26,Bounced
A00144,L0018,Email,2026-01-26,Replied
A00145,L0055,Website Visit,2026-01-26,Blog
A00146,L0075,Website Visit,2026-01-26,Services Page
A00147,L0078,Call,2026-01-26,Voicemail
A00148,L0091,Email,2026-01-26,No Response
A00149,L0094,Call,2026-01-26,Callback Requested
A00150,L0102,Website Visit,2026-01-26,Pricing Page
A00151,L0125,Website Visit,2026-01-26,Pricing Page
A00152,L0146,Email,2026-01-26,Bounced
A00153,L0153,Email,2026-01-26,Opened
A00154,L0155,Email,2026-01-26,No Response
A00155,L0181,Call,2026-01-26,No Answer
A00156,L0002,Website Visit,2026-01-27,Services Page
A00157,L0008,Meeting,2026-01-27,Rescheduled
A00158,L0018,Website Visit,2026-01-27,Services Page
A00159,L0046,Meeting,2026-01-27,Rescheduled
A00160,L0060,Call,2026-01-27,Connected
A00161,L0084,Meeting,2026-01-27,Rescheduled
A00162,L0104,Email,2026-01-27,No Response
A00163,L0110,Website Visit,2026-01-27,Pricing Page
A00164,L0138,Website Visit,2026-01-27,Blog
A00165,L0005,Website Visit,2026-01-28,Blog
A00166,L0006,Call,2026-01-28,Connected
A00167,L0020,Email,2026-01-28,No Response
A00168,L0021,Call,2026-01-28,No Answer
A00169,L0044,Website Visit,2026-01-28,Pricing Page
A00170,L0053,Call,2026-01-28,Callback Requested
A00171,L0062,Meeting,2026-01-28,Completed
A00172,L0112,Website Visit,2026-01-28,Pricing Page
A00173,L0115,Email,2026-01-28,Replied
A00174,L0125,Call,2026-01-28,Connected
A00175,L0136,Email,2026-01-28,Replied
A00176,L0137,Website Visit,2026-01-28,Pricing Page
A00177,L0168,Call,2026-01-28,No Answer
A00178,L0184,Website Visit,2026-01-28,Case Study
A00179,L0019,Meeting,2026-01-29,Completed
A00180,L0044,Email,2026-01-29,No Response
A00181,L0045,Call,2026-01-29,Connected
A00182,L0051,Call,2026-01-29,Callback Requested
A00183,L0082,Website Visit,2026-01-29,Case Study
A00184,L0159,Call,2026-01-29,No Answer
A00185,L0160,Website Visit,2026-01-29,Pricing Page
A00186,L0167,Meeting,2026-01-29,Completed
A00187,L0191,Website Visit,2026-01-29,Case Study
A00188,L0005,Call,2026-01-30,No Answer
A00189,L0010,Website Visit,2026-01-30,Services Page
A00190,L0046,Email,2026-01-30,Replied
A00191,L0049,Call,2026-01-30,Callback Requested
A00192,L0049,Website Visit,2026-01-30,Pricing Page
A00193,L0057,Call,2026-01-30,No Answer
A00194,L0066,Call,2026-01-30,Callback Requested
A00195,L0089,Call,2026-01-30,Connected
A00196,L0113,Website Visit,2026-01-30,Services Page
A00197,L0115,Call,2026-01-30,Callback Requested
A00198,L0115,Website Visit,2026-01-30,Services Page
A00199,L0135,Website Visit,2026-01-30,Services Page
A00200,L0136,Website Visit,2026-01-30,Services Page
A00201,L0143,Call,2026-01-30,Voicemail
A00202,L0144,Email,2026-01-30,Opened
A00203,L0171,Call,2026-01-30,Callback Requested
A00204,L0171,Website Visit,2026-01-30,Services Page
A00205,L0174,Call,2026-01-30,No Answer
A00206,L0011,Email,2026-01-31,Opened
A00207,L0084,Email,2026-01-31,Replied
A00208,L0086,Call,2026-01-31,Callback Requested
A00209,L0113,Call,2026-01-31,Connected
A00210,L0132,Email,2026-01-31,Opened
A00211,L0149,Call,2026-01-31,Connected
A00212,L0198,Meeting,2026-01-31,Completed
A00213,L0010,Call,2026-02-01,No Answer
A00214,L0014,Website Visit,2026-02-01,Contact Page
A00215,L0074,Website Visit,2026-02-01,Case Study
A00216,L0075,Call,2026-02-01,Callback Requested
A00217,L0079,Email,2026-02-01,Opened
A00218,L0081,Website Visit,2026-02-01,Services Page
A00219,L0090,Call,2026-02-01,Connected
A00220,L0094,Email,2026-02-01,Replied
A00221,L0120,Website Visit,2026-02-01,Pricing Page
A00222,L0121,Website Visit,2026-02-01,Contact Page
A00223,L0148,Call,2026-02-01,Connected
A00224,L0172,Call,2026-02-01,Not Interested
A00225,L0193,Website Visit,2026-02-01,Services Page
A00226,L0010,Call,2026-02-02,Callback Requested
A00227,L0044,Email,2026-02-02,No Response
A00228,L0050,Website Visit,2026-02-02,Blog
A00229,L0055,Meeting,2026-02-02,No Show
A00230,L0057,Call,2026-02-02,No Answer
A00231,L0067,Email,2026-02-02,Opened
A00232,L0069,Call,2026-02-02,No Answer
A00233,L0070,Website Visit,2026-02-02,Contact Page
A00234,L0078,Call,2026-02-02,Callback Requested
A00235,L0104,Email,2026-02-02,Replied
A00236,L0123,Call,2026-02-02,Connected
A00237,L0125,Email,2026-02-02,No Response
A00238,L0127,Email,2026-02-02,No Response
A00239,L0129,Call,2026-02-02,Connected
A00240,L0168,Email,2026-02-02,Replied
A00241,L0204,Website Visit,2026-02-02,Pricing Page
A00242,L0216,Call,2026-02-02,Callback Requested
A00243,L0221,Call,2026-02-02,Connected
A00244,L0041,Email,2026-02-03,No Response
A00245,L0057,Website Visit,2026-02-03,Pricing Page
A00246,L0108,Email,2026-02-03,Replied
A00247,L0143,Website Visit,2026-02-03,Case Study
A00248,L0148,Email,2026-02-03,No Response
A00249,L0153,Website Visit,2026-02-03,Services Page
A00250,L0165,Website Visit,2026-02-03,Pricing Page
A00251,L0201,Meeting,2026-02-03,Completed
A00252,L0206,Call,2026-02-03,No Answer
A00253,L0221,Call,2026-02-03,Not Interested
A00254,L0027,Call,2026-02-04,Connected
A00255,L0037,Website Visit,2026-02-04,Services Page
A00256,L0051,Call,2026-02-04,Connected
A00257,L0094,Email,2026-02-04,Replied
A00258,L0103,Website Visit,2026-02-04,Case Study
A00259,L0127,Call,2026-02-04,Voicemail
A00260,L0172,Email,2026-02-04,No Response
A00261,L0186,Website Visit,2026-02-04,Case Study
A00262,L0227,Call,2026-02-04,No Answer
A00263,L0014,Email,2026-02-05,Opened
A00264,L0034,Website Visit,2026-02-05,Pricing Page
A00265,L0105,Call,2026-02-05,Callback Requested
A00266,L0125,Meeting,2026-02-05,Completed
A00267,L0129,Call,2026-02-05,No Answer
A00268,L0230,Email,2026-02-05,No Response
A00269,L0233,Call,2026-02-05,Callback Requested
A00270,L0004,Website Visit,2026-02-06,Services Page
A00271,L0014,Email,2026-02-06,Opened
A00272,L0070,Email,2026-02-06,Opened
A00273,L0082,Email,2026-02-06,Opened
A00274,L0092,Call,2026-02-06,Callback Requested
A00275,L0167,Call,2026-02-06,Callback Requested
A00276,L0170,Call,2026-02-06,Connected
A00277,L0189,Website Visit,2026-02-06,Blog
A00278,L0218,Website Visit,2026-02-06,Contact Page
A00279,L0229,Call,2026-02-06,Connected
A00280,L0238,Email,2026-02-06,No Response
A00281,L0009,Call,2026-02-07,Voicemail
A00282,L0031,Call,2026-02-07,Connected
A00283,L0079,Call,2026-02-07,Callback Requested
A00284,L0088,Call,2026-02-07,Connected
A00285,L0109,Email,2026-02-07,No Response
A00286,L0115,Call,2026-02-07,Connected
A00287,L0128,Call,2026-02-07,Callback Requested
A00288,L0136,Website Visit,2026-02-07,Case Study
A00289,L0152,Call,2026-02-07,Connected
A00290,L0157,Call,2026-02-07,Callback Requested
A00291,L0168,Website Visit,2026-02-07,Blog
A00292,L0176,Call,2026-02-07,Connected
A00293,L0177,Website Visit,2026-02-07,Blog
A00294,L0197,Call,2026-02-07,Connected
A00295,L0198,Meeting,2026-02-07,Completed
A00296,L0238,Call,2026-02-07,Connected
A00297,L0015,Call,2026-02-08,Connected
A00298,L0019,Call,2026-02-08,Connected
A00299,L0033,Meeting,2026-02-08,Rescheduled
A00300,L0046,Website Visit,2026-02-08,Services Page
A00301,L0054,Email,2026-02-08,No Response
A00302,L0057,Website Visit,2026-02-08,Services Page
A00303,L0061,Email,2026-02-08,Opened
A00304,L0090,Email,2026-02-08,Opened
A00305,L0165,Website Visit,2026-02-08,Pricing Page
A00306,L0217,Call,2026-02-08,Not Interested
A00307,L0223,Call,2026-02-08,Connected
A00308,L0228,Meeting,2026-02-08,Completed
A00309,L0245,Website Visit,2026-02-08,Services Page
A00310,L0045,Email,2026-02-09,No Response
A00311,L0067,Website Visit,2026-02-09,Blog
A00312,L0127,Website Visit,2026-02-09,Blog
A00313,L0152,Website Visit,2026-02-09,Pricing Page
A00314,L0161,Website Visit,2026-02-09,Blog
A00315,L0174,Meeting,2026-02-09,Rescheduled
A00316,L0215,Website Visit,2026-02-09,Contact Page
A00317,L0237,Call,2026-02-09,No Answer
A00318,L0237,Email,2026-02-09,No Response
A00319,L0016,Meeting,2026-02-10,Completed
A00320,L0018,Website Visit,2026-02-10,Case Study
A00321,L0067,Email,2026-02-10,No Response
A00322,L0067,Website Visit,2026-02-10,Services Page
A00323,L0079,Website Visit,2026-02-10,Case Study
A00324,L0106,Call,2026-02-10,Not Interested
A00325,L0110,Email,2026-02-10,Replied
A00326,L0136,Email,2026-02-10,Opened
A00327,L0192,Website Visit,2026-02-10,Pricing Page
A00328,L0196,Email,2026-02-10,No Response
A00329,L0252,Website Visit,2026-02-10,Blog
A00330,L0261,Call,2026-02-10,Connected
A00331,L0016,Email,2026-02-11,No Response
A00332,L0037,Call,2026-02-11,Callback Requested
A00333,L0089,Email,2026-02-11,Bounced
A00334,L0123,Email,2026-02-11,Replied
A00335,L0140,Website Visit,2026-02-11,Case Study
A00336,L0201,Meeting,2026-02-11,Completed
A00337,L0220,Call,2026-02-11,Connected
A00338,L0034,Website Visit,2026-02-12,Case Study
A00339,L0046,Email,2026-02-12,Replied
A00340,L0057,Email,2026-02-12,No Response
A00341,L0062,Call,2026-02-12,Connected
A00342,L0066,Website Visit,2026-02-12,Services Page
A00343,L0070,Call,2026-02-12,No Answer
A00344,L0110,Call,2026-02-12,Callback Requested
A00345,L0112,Website Visit,2026-02-12,Blog
A00346,L0112,Website Visit,2026-02-12,Contact Page
A00347,L0115,Email,2026-02-12,Replied
A00348,L0127,Call,2026-02-12,Connected
A00349,L0168,Call,2026-02-12,No Answer
A00350,L0172,Call,2026-02-12,Connected
A00351,L0174,Email,2026-02-12,No Response
A00352,L0189,Meeting,2026-02-12,Completed
A00353,L0211,Call,2026-02-12,No Answer
A00354,L0222,Website Visit,2026-02-12,Blog
A00355,L0251,Email,2026-02-12,Opened
A00356,L0258,Email,2026-02-12,Replied
A00357,L0265,Call,2026-02-12,Not Interested
A00358,L0272,Call,2026-02-12,Connected
A00359,L0002,Call,2026-02-13,No Answer
A00360,L0026,Call,2026-02-13,No Answer
A00361,L0070,Website Visit,2026-02-13,Services Page
A00362,L0083,Email,2026-02-13,No Response
A00363,L0086,Call,2026-02-13,Connected
A00364,L0098,Call,2026-02-13,Connected
A00365,L0136,Call,2026-02-13,Not Interested
A00366,L0144,Website Visit,2026-02-13,Case Study
A00367,L0178,Website Visit,2026-02-13,Services Page
A00368,L0185,Website Visit,2026-02-13,Services Page
A00369,L0197,Email,2026-02-13,Replied
A00370,L0225,Call,2026-02-13,Not Interested
A00371,L0236,Website Visit,2026-02-13,Services Page
A00372,L0238,Website Visit,2026-02-13,Blog
A00373,L0241,Email,2026-02-13,No Response
A00374,L0242,Website Visit,2026-02-13,Pricing Page
A00375,L0257,Email,2026-02-13,No Response
A00376,L0032,Website Visit,2026-02-14,Case Study
A00377,L0053,Call,2026-02-14,Connected
A00378,L0055,Website Visit,2026-02-14,Blog
A00379,L0066,Call,2026-02-14,Connected
A00380,L0070,Email,2026-02-14,Replied
A00381,L0106,Meeting,2026-02-14,Completed
A00382,L0113,Call,2026-02-14,Callback Requested
A00383,L0168,Call,2026-02-14,No Answer
A00384,L0193,Website Visit,2026-02-14,Services Page
A00385,L0199,Website Visit,2026-02-14,Blog
A00386,L0214,Website Visit,2026-02-14,Blog
A00387,L0215,Website Visit,2026-02-14,Services Page
A00388,L0216,Call,2026-02-14,Connected
A00389,L0224,Website Visit,2026-02-14,Pricing Page
A00390,L0231,Meeting,2026-02-14,Completed
A00391,L0242,Call,2026-02-14,Callback Requested
A00392,L0030,Website Visit,2026-02-15,Contact Page
A00393,L0045,Email,2026-02-15,No Response
A00394,L0060,Website Visit,2026-02-15,Services Page
A00395,L0067,Email,2026-02-15,No Response
A00396,L0070,Website Visit,2026-02-15,Blog
A00397,L0086,Email,2026-02-15,Opened
A00398,L0125,Email,2026-02-15,No Response
A00399,L0167,Email,2026-02-15,No Response
A00400,L0176,Email,2026-02-15,Replied
A00401,L0181,Email,2026-02-15,Replied
A00402,L0184,Website Visit,2026-02-15,Case Study
A00403,L0206,Website Visit,2026-02-15,Pricing Page
A00404,L0218,Email,2026-02-15,Bounced
A00405,L0223,Call,2026-02-15,No Answer
A00406,L0236,Website Visit,2026-02-15,Services Page
A00407,L0258,Call,2026-02-15,Voicemail
A00408,L0008,Email,2026-02-16,Replied
A00409,L0017,Call,2026-02-16,Connected
A00410,L0025,Website Visit,2026-02-16,Blog
A00411,L0036,Website Visit,2026-02-16,Blog
A00412,L0062,Meeting,2026-02-16,Completed
A00413,L0084,Meeting,2026-02-16,Completed
A00414,L0106,Email,2026-02-16,Replied
A00415,L0109,Call,2026-02-16,No Answer
A00416,L0110,Website Visit,2026-02-16,Blog
A00417,L0128,Call,2026-02-16,Connected
A00418,L0129,Call,2026-02-16,Connected
A00419,L0139,Call,2026-02-16,Connected
A00420,L0145,Email,2026-02-16,Opened
A00421,L0165,Call,2026-02-16,Voicemail
A00422,L0170,Meeting,2026-02-16,Completed
A00423,L0194,Website Visit,2026-02-16,Blog
A00424,L0207,Email,2026-02-16,Replied
A00425,L0250,Meeting,2026-02-16,No Show
A00426,L0257,Call,2026-02-16,Callback Requested
A00427,L0272,Call,2026-02-16,Connected
A00428,L0293,Website Visit,2026-02-16,Contact Page
A00429,L0015,Email,2026-02-17,Opened
A00430,L0020,Call,2026-02-17,Connected
A00431,L0020,Website Visit,2026-02-17,Services Page
A00432,L0025,Email,2026-02-17,Replied
A00433,L0025,Meeting,2026-02-17,Completed
A00434,L0030,Call,2026-02-17,Connected
A00435,L0070,Website Visit,2026-02-17,Blog
A00436,L0079,Call,2026-02-17,Connected
A00437,L0094,Website Visit,2026-02-17,Pricing Page
A00438,L0112,Call,2026-02-17,Connected
A00439,L0118,Email,2026-02-17,Replied
A00440,L0124,Website Visit,2026-02-17,Blog
A00441,L0125,Call,2026-02-17,No Answer
A00442,L0143,Call,2026-02-17,Connected
A00443,L0173,Call,2026-02-17,Voicemail
A00444,L0178,Call,2026-02-17,Voicemail
A00445,L0186,Website Visit,2026-02-17,Pricing Page
A00446,L0207,Website Visit,2026-02-17,Blog
A00447,L0275,Website Visit,2026-02-17,Blog
A00448,L0285,Call,2026-02-17,Callback Requested
A00449,L0008,Meeting,2026-02-18,Completed
A00450,L0024,Website Visit,2026-02-18,Contact Page
A00451,L0033,Website Visit,2026-02-18,Pricing Page
A00452,L0067,Website Visit,2026-02-18,Services Page
A00453,L0084,Call,2026-02-18,Connected
A00454,L0110,Call,2026-02-18,No Answer
A00455,L0112,Email,2026-02-18,Opened
A00456,L0115,Meeting,2026-02-18,Completed
A00457,L0147,Website Visit,2026-02-18,Contact Page
A00458,L0151,Call,2026-02-18,Connected
A00459,L0163,Email,2026-02-18,No Response
A00460,L0170,Call,2026-02-18,Callback Requested
A00461,L0173,Website Visit,2026-02-18,Case Study
A00462,L0175,Call,2026-02-18,No Answer
A00463,L0177,Website Visit,2026-02-18,Case Study
A00464,L0193,Call,2026-02-18,No Answer
A00465,L0202,Call,2026-02-18,No Answer
A00466,L0205,Call,2026-02-18,Callback Requested
A00467,L0229,Website Visit,2026-02-18,Pricing Page
A00468,L0247,Email,2026-02-18,Opened
A00469,L0261,Email,2026-02-18,Opened
A00470,L0280,Website Visit,2026-02-18,Pricing Page
A00471,L0015,Call,2026-02-19,Connected
A00472,L0030,Email,2026-02-19,Replied
A00473,L0038,Website Visit,2026-02-19,Blog
A00474,L0044,Meeting,2026-02-19,Completed
A00475,L0070,Call,2026-02-19,Connected
A00476,L0086,Call,2026-02-19,Connected
A00477,L0094,Call,2026-02-19,No Answer
A00478,L0096,Call,2026-02-19,Voicemail
A00479,L0105,Website Visit,2026-02-19,Blog
A00480,L0167,Call,2026-02-19,Connected
A00481,L0167,Email,2026-02-19,No Response
A00482,L0176,Website Visit,2026-02-19,Case Study
A00483,L0203,Call,2026-02-19,Voicemail
A00484,L0224,Email,2026-02-19,No Response
A00485,L0232,Call,2026-02-19,Connected
A00486,L0253,Website Visit,2026-02-19,Pricing Page
A00487,L0272,Website Visit,2026-02-19,Pricing Page
A00488,L0284,Call,2026-02-19,Callback Requested
A00489,L0293,Email,2026-02-19,No Response
A00490,L0002,Website Visit,2026-02-20,Services Page
A00491,L0008,Email,2026-02-20,Replied
A00492,L0008,Website Visit,2026-02-20,Pricing Page
A00493,L0054,Call,2026-02-20,Connected
A00494,L0096,Email,2026-02-20,Replied
A00495,L0104,Website Visit,2026-02-20,Blog
A00496,L0109,Call,2026-02-20,Connected
A00497,L0121,Call,2026-02-20,No Answer
A00498,L0145,Call,2026-02-20,No Answer
A00499,L0149,Website Visit,2026-02-20,Blog
A00500,L0156,Call,2026-02-20,No Answer
A00501,L0162,Website Visit,2026-02-20,Blog
A00502,L0165,Website Visit,2026-02-20,Pricing Page
A00503,L0175,Website Visit,2026-02-20,Blog
A00504,L0195,Website Visit,2026-02-20,Services Page
A00505,L0198,Email,2026-02-20,Opened
A00506,L0221,Email,2026-02-20,Opened
A00507,L0249,Website Visit,2026-02-20,Pricing Page
A00508,L0267,Email,2026-02-20,Opened
A00509,L0279,Meeting,2026-02-20,Completed
A00510,L0294,Email,2026-02-20,Replied
A00511,L0300,Website Visit,2026-02-20,Blog
A00512,L0320,Email,2026-02-20,Bounced
A00513,L0321,Email,2026-02-20,Replied
A00514,L0327,Email,2026-02-20,No Response
A00515,L0015,Website Visit,2026-02-21,Pricing Page
A00516,L0029,Call,2026-02-21,Connected
A00517,L0060,Email,2026-02-21,Opened
A00518,L0070,Call,2026-02-21,No Answer
A00519,L0110,Meeting,2026-02-21,Completed
A00520,L0118,Call,2026-02-21,Callback Requested
A00521,L0129,Website Visit,2026-02-21,Case Study
A00522,L0137,Website Visit,2026-02-21,Services Page
A00523,L0166,Call,2026-02-21,Connected
A00524,L0167,Email,2026-02-21,Replied
A00525,L0168,Website Visit,2026-02-21,Services Page
A00526,L0173,Website Visit,2026-02-21,Case Study
A00527,L0201,Call,2026-02-21,Callback Requested
A00528,L0230,Website Visit,2026-02-21,Contact Page
A00529,L0266,Call,2026-02-21,Not Interested
A00530,L0286,Website Visit,2026-02-21,Case Study
A00531,L0025,Call,2026-02-22,No Answer
A00532,L0025,Website Visit,2026-02-22,Pricing Page
A00533,L0045,Call,2026-02-22,No Answer
A00534,L0055,Email,2026-02-22,No Response
A00535,L0078,Website Visit,2026-02-22,Services Page
A00536,L0079,Meeting,2026-02-22,Completed
A00537,L0082,Email,2026-02-22,Replied
A00538,L0089,Call,2026-02-22,Connected
A00539,L0100,Email,2026-02-22,Opened
A00540,L0126,Website Visit,2026-02-22,Services Page
A00541,L0128,Website Visit,2026-02-22,Pricing Page
A00542,L0151,Website Visit,2026-02-22,Contact Page
A00543,L0156,Email,2026-02-22,No Response
A00544,L0172,Email,2026-02-22,Opened
A00545,L0195,Email,2026-02-22,Replied
A00546,L0203,Call,2026-02-22,Connected
A00547,L0231,Call,2026-02-22,Connected
A00548,L0234,Website Visit,2026-02-22,Case Study
A00549,L0240,Call,2026-02-22,Connected
A00550,L0245,Website Visit,2026-02-22,Pricing Page
A00551,L0247,Meeting,2026-02-22,Completed
A00552,L0252,Email,2026-02-22,Opened
A00553,L0290,Call,2026-02-22,Connected
A00554,L0314,Call,2026-02-22,Connected
A00555,L0320,Website Visit,2026-02-22,Pricing Page
A00556,L0324,Email,2026-02-22,Opened
A00557,L0025,Email,2026-02-23,Replied
A00558,L0026,Website Visit,2026-02-23,Contact Page
A00559,L0043,Website Visit,2026-02-23,Pricing Page
A00560,L0067,Call,2026-02-23,Callback Requested
A00561,L0069,Website Visit,2026-02-23,Pricing Page
A00562,L0100,Call,2026-02-23,Connected
A00563,L0112,Email,2026-02-23,No Response
A00564,L0129,Meeting,2026-02-23,Completed
A00565,L0133,Website Visit,2026-02-23,Blog
A00566,L0155,Email,2026-02-23,No Response
A00567,L0167,Email,2026-02-23,Opened
A00568,L0183,Website Visit,2026-02-23,Blog
A00569,L0187,Email,2026-02-23,Opened
A00570,L0190,Website Visit,2026-02-23,Blog
A00571,L0200,Website Visit,2026-02-23,Contact Page
A00572,L0206,Email,2026-02-23,Replied
A00573,L0214,Website Visit,2026-02-23,Contact Page
A00574,L0236,Meeting,2026-02-23,Completed
A00575,L0238,Meeting,2026-02-23,Completed
A00576,L0241,Meeting,2026-02-23,Completed
A00577,L0247,Email,2026-02-23,Opened
A00578,L0265,Website Visit,2026-02-23,Blog
A00579,L0285,Website Visit,2026-02-23,Services Page
A00580,L0315,Meeting,2026-02-23,Completed
A00581,L0345,Email,2026-02-23,Replied
A00582,L0013,Call,2026-02-24,Connected
A00583,L0020,Call,2026-02-24,No Answer
A00584,L0039,Call,2026-02-24,Connected
A00585,L0049,Email,2026-02-24,Replied
A00586,L0067,Meeting,2026-02-24,Completed
A00587,L0082,Call,2026-02-24,Callback Requested
A00588,L0100,Website Visit,2026-02-24,Contact Page
A00589,L0115,Meeting,2026-02-24,Rescheduled
A00590,L0123,Call,2026-02-24,Callback Requested
A00591,L0168,Email,2026-02-24,Opened
A00592,L0193,Call,2026-02-24,Callback Requested
A00593,L0217,Call,2026-02-24,Connected
A00594,L0233,Call,2026-02-24,No Answer
A00595,L0250,Call,2026-02-24,No Answer
A00596,L0267,Website Visit,2026-02-24,Case Study
A00597,L0274,Call,2026-02-24,Connected
A00598,L0283,Call,2026-02-24,No Answer
A00599,L0289,Meeting,2026-02-24,Rescheduled
A00600,L0316,Meeting,2026-02-24,Rescheduled
A00601,L0337,Call,2026-02-24,Connected
A00602,L0010,Email,2026-02-25,Replied
A00603,L0016,Website Visit,2026-02-25,Blog
A00604,L0028,Call,2026-02-25,Callback Requested
A00605,L0045,Website Visit,2026-02-25,Case Study
A00606,L0073,Email,2026-02-25,No Response
A00607,L0088,Call,2026-02-25,Connected
A00608,L0104,Website Visit,2026-02-25,Services Page
A00609,L0116,Email,2026-02-25,No Response
A00610,L0159,Website Visit,2026-02-25,Services Page
A00611,L0204,Call,2026-02-25,Connected
A00612,L0250,Call,2026-02-25,Connected
A00613,L0250,Email,2026-02-25,Replied
A00614,L0257,Website Visit,2026-02-25,Contact Page
A00615,L0258,Website Visit,2026-02-25,Services Page
A00616,L0262,Website Visit,2026-02-25,Blog
A00617,L0297,Website Visit,2026-02-25,Services Page
A00618,L0320,Meeting,2026-02-25,Completed
A00619,L0320,Website Visit,2026-02-25,Case Study
A00620,L0325,Email,2026-02-25,No Response
A00621,L0336,Call,2026-02-25,Connected
A00622,L0356,Website Visit,2026-02-25,Blog
A00623,L0024,Website Visit,2026-02-26,Case Study
A00624,L0071,Website Visit,2026-02-26,Contact Page
A00625,L0094,Website Visit,2026-02-26,Blog
A00626,L0114,Call,2026-02-26,Connected
A00627,L0120,Call,2026-02-26,Connected
A00628,L0125,Meeting,2026-02-26,Rescheduled
A00629,L0131,Website Visit,2026-02-26,Blog
A00630,L0153,Call,2026-02-26,No Answer
A00631,L0157,Call,2026-02-26,Connected
A00632,L0160,Website Visit,2026-02-26,Contact Page
A00633,L0186,Call,2026-02-26,Voicemail
A00634,L0198,Email,2026-02-26,No Response
A00635,L0235,Website Visit,2026-02-26,Services Page
A00636,L0237,Website Visit,2026-02-26,Services Page
A00637,L0285,Call,2026-02-26,Connected
A00638,L0302,Email,2026-02-26,Opened
A00639,L0318,Website Visit,2026-02-26,Pricing Page
A00640,L0075,Website Visit,2026-02-27,Case Study
A00641,L0113,Meeting,2026-02-27,Completed
A00642,L0144,Call,2026-02-27,Connected
A00643,L0176,Email,2026-02-27,No Response
A00644,L0197,Website Visit,2026-02-27,Services Page
A00645,L0200,Call,2026-02-27,No Answer
A00646,L0212,Call,2026-02-27,No Answer
A00647,L0229,Email,2026-02-27,Opened
A00648,L0236,Website Visit,2026-02-27,Case Study
A00649,L0292,Meeting,2026-02-27,Completed
A00650,L0317,Email,2026-02-27,Bounced
A00651,L0044,Call,2026-02-28,No Answer
A00652,L0044,Email,2026-02-28,Replied
A00653,L0046,Website Visit,2026-02-28,Services Page
A00654,L0049,Website Visit,2026-02-28,Pricing Page
A00655,L0105,Call,2026-02-28,No Answer
A00656,L0138,Call,2026-02-28,No Answer
A00657,L0141,Website Visit,2026-02-28,Case Study
A00658,L0204,Website Visit,2026-02-28,Blog
A00659,L0226,Call,2026-02-28,Connected
A00660,L0279,Meeting,2026-02-28,No Show
A00661,L0309,Email,2026-02-28,Opened
A00662,L0321,Email,2026-02-28,No Response
A00663,L0328,Meeting,2026-02-28,Completed
A00664,L0334,Email,2026-02-28,No Response
A00665,L0340,Website Visit,2026-02-28,Contact Page
A00666,L0341,Website Visit,2026-02-28,Case Study
A00667,L0357,Website Visit,2026-02-28,Services Page
A00668,L0371,Website Visit,2026-02-28,Case Study
A00669,L0015,Email,2026-03-01,Opened
A00670,L0036,Website Visit,2026-03-01,Case Study
A00671,L0050,Website Visit,2026-03-01,Contact Page
A00672,L0086,Meeting,2026-03-01,Completed
A00673,L0088,Meeting,2026-03-01,Completed
A00674,L0097,Call,2026-03-01,No Answer
A00675,L0097,Email,2026-03-01,No Response
A00676,L0120,Email,2026-03-01,No Response
A00677,L0125,Website Visit,2026-03-01,Blog
A00678,L0129,Website Visit,2026-03-01,Blog
A00679,L0167,Call,2026-03-01,No Answer
A00680,L0231,Website Visit,2026-03-01,Services Page
A00681,L0237,Call,2026-03-01,Connected
A00682,L0242,Website Visit,2026-03-01,Contact Page
A00683,L0257,Website Visit,2026-03-01,Case Study
A00684,L0318,Website Visit,2026-03-01,Blog
A00685,L0336,Website Visit,2026-03-01,Blog
A00686,L0357,Email,2026-03-01,Replied
A00687,L0375,Website Visit,2026-03-01,Case Study
A00688,L0382,Email,2026-03-01,No Response
A00689,L0011,Call,2026-03-02,Callback Requested
A00690,L0032,Call,2026-03-02,No Answer
A00691,L0067,Meeting,2026-03-02,Completed
A00692,L0078,Email,2026-03-02,Replied
A00693,L0111,Email,2026-03-02,Replied
A00694,L0142,Website Visit,2026-03-02,Contact Page
A00695,L0176,Call,2026-03-02,Callback Requested
A00696,L0207,Call,2026-03-02,Voicemail
A00697,L0231,Meeting,2026-03-02,Completed
A00698,L0233,Website Visit,2026-03-02,Contact Page
A00699,L0234,Website Visit,2026-03-02,Case Study
A00700,L0236,Website Visit,2026-03-02,Pricing Page
A00701,L0247,Call,2026-03-02,Callback Requested
A00702,L0247,Website Visit,2026-03-02,Contact Page
A00703,L0279,Call,2026-03-02,Connected
A00704,L0325,Website Visit,2026-03-02,Pricing Page
A00705,L0326,Call,2026-03-02,Voicemail
A00706,L0373,Website Visit,2026-03-02,Blog
A00707,L0381,Email,2026-03-02,Replied
A00708,L0386,Meeting,2026-03-02,Completed
A00709,L0008,Call,2026-03-03,Connected
A00710,L0009,Call,2026-03-03,Connected
A00711,L0024,Call,2026-03-03,No Answer
A00712,L0025,Email,2026-03-03,No Response
A00713,L0089,Website Visit,2026-03-03,Services Page
A00714,L0113,Meeting,2026-03-03,Completed
A00715,L0123,Website Visit,2026-03-03,Case Study
A00716,L0163,Website Visit,2026-03-03,Blog
A00717,L0176,Website Visit,2026-03-03,Case Study
A00718,L0198,Call,2026-03-03,Connected
A00719,L0277,Email,2026-03-03,Opened
A00720,L0328,Email,2026-03-03,No Response
A00721,L0370,Call,2026-03-03,Connected
A00722,L0381,Email,2026-03-03,Opened
A00723,L0397,Email,2026-03-03,Opened
A00724,L0401,Website Visit,2026-03-03,Pricing Page
A00725,L0406,Call,2026-03-03,Connected
A00726,L0004,Email,2026-03-04,No Response
A00727,L0012,Call,2026-03-04,Connected
A00728,L0049,Website Visit,2026-03-04,Pricing Page
A00729,L0055,Website Visit,2026-03-04,Contact Page
A00730,L0086,Email,2026-03-04,Opened
A00731,L0089,Call,2026-03-04,Connected
A00732,L0100,Email,2026-03-04,No Response
A00733,L0113,Email,2026-03-04,Opened
A00734,L0115,Call,2026-03-04,Connected
A00735,L0146,Call,2026-03-04,Connected
A00736,L0146,Website Visit,2026-03-04,Pricing Page
A00737,L0156,Call,2026-03-04,Connected
A00738,L0168,Meeting,2026-03-04,Completed
A00739,L0171,Call,2026-03-04,No Answer
A00740,L0187,Email,2026-03-04,Opened
A00741,L0203,Website Visit,2026-03-04,Contact Page
A00742,L0264,Call,2026-03-04,Not Interested
A00743,L0320,Call,2026-03-04,Callback Requested
A00744,L0321,Website Visit,2026-03-04,Pricing Page
A00745,L0340,Call,2026-03-04,Connected
A00746,L0343,Email,2026-03-04,Replied
A00747,L0357,Website Visit,2026-03-04,Pricing Page
A00748,L0363,Website Visit,2026-03-04,Pricing Page
A00749,L0365,Website Visit,2026-03-04,Contact Page
A00750,L0386,Email,2026-03-04,Opened
A00751,L0036,Call,2026-03-05,Connected
A00752,L0085,Website Visit,2026-03-05,Pricing Page
A00753,L0093,Email,2026-03-05,Replied
A00754,L0106,Email,2026-03-05,Opened
A00755,L0108,Website Visit,2026-03-05,Case Study
A00756,L0131,Website Visit,2026-03-05,Blog
A00757,L0132,Call,2026-03-05,Connected
A00758,L0134,Call,2026-03-05,Not Interested
A00759,L0164,Website Visit,2026-03-05,Pricing Page
A00760,L0176,Meeting,2026-03-05,Completed
A00761,L0183,Call,2026-03-05,Connected
A00762,L0189,Email,2026-03-05,Bounced
A00763,L0206,Website Visit,2026-03-05,Contact Page
A00764,L0212,Website Visit,2026-03-05,Case Study
A00765,L0212,Website Visit,2026-03-05,Blog
A00766,L0231,Website Visit,2026-03-05,Case Study
A00767,L0236,Call,2026-03-05,Callback Requested
A00768,L0247,Website Visit,2026-03-05,Case Study
A00769,L0252,Website Visit,2026-03-05,Services Page
A00770,L0302,Website Visit,2026-03-05,Pricing Page
A00771,L0319,Call,2026-03-05,Connected
A00772,L0322,Email,2026-03-05,Opened
A00773,L0340,Meeting,2026-03-05,Completed
A00774,L0362,Call,2026-03-05,Connected
A00775,L0365,Website Visit,2026-03-05,Services Page
A00776,L0419,Email,2026-03-05,Opened
A00777,L0026,Email,2026-03-06,No Response
A00778,L0029,Meeting,2026-03-06,Completed
A00779,L0073,Website Visit,2026-03-06,Services Page
A00780,L0086,Email,2026-03-06,Opened
A00781,L0091,Call,2026-03-06,Connected
A00782,L0094,Email,2026-03-06,Opened
A00783,L0104,Call,2026-03-06,Connected
A00784,L0112,Email,2026-03-06,No Response
A00785,L0135,Email,2026-03-06,Opened
A00786,L0138,Email,2026-03-06,Replied
A00787,L0159,Website Visit,2026-03-06,Contact Page
A00788,L0165,Email,2026-03-06,No Response
A00789,L0172,Website Visit,2026-03-06,Case Study
A00790,L0197,Call,2026-03-06,Connected
A00791,L0201,Email,2026-03-06,Bounced
A00792,L0227,Website Visit,2026-03-06,Services Page
A00793,L0237,Website Visit,2026-03-06,Pricing Page
A00794,L0251,Website Visit,2026-03-06,Services Page
A00795,L0304,Website Visit,2026-03-06,Services Page
A00796,L0315,Meeting,2026-03-06,Completed
A00797,L0320,Website Visit,2026-03-06,Contact Page
A00798,L0431,Call,2026-03-06,No Answer
A00799,L0005,Website Visit,2026-03-07,Blog
A00800,L0008,Email,2026-03-07,Replied
A00801,L0025,Meeting,2026-03-07,Completed
A00802,L0057,Email,2026-03-07,Replied
A00803,L0102,Email,2026-03-07,Opened
A00804,L0110,Website Visit,2026-03-07,Pricing Page
A00805,L0115,Email,2026-03-07,Opened
A00806,L0132,Call,2026-03-07,Connected
A00807,L0134,Email,2026-03-07,Replied
A00808,L0161,Call,2026-03-07,Connected
A00809,L0203,Email,2026-03-07,Opened
A00810,L0203,Meeting,2026-03-07,Completed
A00811,L0216,Website Visit,2026-03-07,Services Page
A00812,L0228,Call,2026-03-07,Connected
A00813,L0258,Call,2026-03-07,No Answer
A00814,L0272,Email,2026-03-07,Replied
A00815,L0272,Website Visit,2026-03-07,Case Study
A00816,L0276,Website Visit,2026-03-07,Contact Page
A00817,L0316,Call,2026-03-07,Voicemail
A00818,L0320,Email,2026-03-07,Replied
A00819,L0340,Email,2026-03-07,Opened
A00820,L0345,Website Visit,2026-03-07,Blog
A00821,L0371,Call,2026-03-07,No Answer
A00822,L0390,Website Visit,2026-03-07,Services Page
A00823,L0400,Email,2026-03-07,Opened
A00824,L0008,Website Visit,2026-03-08,Contact Page
A00825,L0073,Website Visit,2026-03-08,Case Study
A00826,L0086,Meeting,2026-03-08,Completed
A00827,L0112,Email,2026-03-08,Opened
A00828,L0125,Website Visit,2026-03-08,Contact Page
A00829,L0127,Call,2026-03-08,Callback Requested
A00830,L0129,Website Visit,2026-03-08,Services Page
A00831,L0147,Website Visit,2026-03-08,Pricing Page
A00832,L0167,Meeting,2026-03-08,Completed
A00833,L0196,Website Visit,2026-03-08,Pricing Page
A00834,L0199,Call,2026-03-08,Voicemail
A00835,L0206,Call,2026-03-08,No Answer
A00836,L0206,Website Visit,2026-03-08,Services Page
A00837,L0237,Email,2026-03-08,No Response
A00838,L0265,Email,2026-03-08,Replied
A00839,L0272,Meeting,2026-03-08,Completed
A00840,L0291,Call,2026-03-08,No Answer
A00841,L0303,Meeting,2026-03-08,Rescheduled
A00842,L0310,Call,2026-03-08,Not Interested
A00843,L0365,Website Visit,2026-03-08,Case Study
A00844,L0366,Website Visit,2026-03-08,Pricing Page
A00845,L0372,Call,2026-03-08,No Answer
A00846,L0376,Email,2026-03-08,No Response
A00847,L0410,Email,2026-03-08,No Response
A00848,L0443,Website Visit,2026-03-08,Blog
A00849,L0446,Website Visit,2026-03-08,Case Study
A00850,L0057,Email,2026-03-09,Replied
A00851,L0086,Call,2026-03-09,Callback Requested
A00852,L0099,Website Visit,2026-03-09,Case Study
A00853,L0113,Call,2026-03-09,Voicemail
A00854,L0156,Website Visit,2026-03-09,Case Study
A00855,L0163,Email,2026-03-09,Replied
A00856,L0187,Call,2026-03-09,No Answer
A00857,L0198,Call,2026-03-09,Connected
A00858,L0292,Call,2026-03-09,No Answer
A00859,L0322,Website Visit,2026-03-09,Case Study
A00860,L0359,Meeting,2026-03-09,Completed
A00861,L0365,Email,2026-03-09,No Response
A00862,L0383,Call,2026-03-09,Connected
A00863,L0408,Meeting,2026-03-09,Rescheduled
A00864,L0429,Call,2026-03-09,No Answer
A00865,L0431,Call,2026-03-09,Callback Requested
A00866,L0032,Call,2026-03-10,No Answer
A00867,L0044,Call,2026-03-10,Callback Requested
A00868,L0055,Email,2026-03-10,Opened
A00869,L0060,Website Visit,2026-03-10,Services Page
A00870,L0066,Email,2026-03-10,No Response
A00871,L0066,Email,2026-03-10,Opened
A00872,L0079,Meeting,2026-03-10,No Show
A00873,L0084,Email,2026-03-10,Bounced
A00874,L0092,Email,2026-03-10,Replied
A00875,L0125,Call,2026-03-10,Connected
A00876,L0136,Call,2026-03-10,Callback Requested
A00877,L0143,Website Visit,2026-03-10,Pricing Page
A00878,L0172,Website Visit,2026-03-10,Case Study
A00879,L0174,Email,2026-03-10,No Response
A00880,L0198,Call,2026-03-10,Connected
A00881,L0210,Call,2026-03-10,Connected
A00882,L0236,Meeting,2026-03-10,No Show
A00883,L0238,Call,2026-03-10,Connected
A00884,L0257,Call,2026-03-10,No Answer
A00885,L0292,Call,2026-03-10,Connected
A00886,L0303,Website Visit,2026-03-10,Case Study
A00887,L0325,Website Visit,2026-03-10,Blog
A00888,L0325,Website Visit,2026-03-10,Pricing Page
A00889,L0349,Call,2026-03-10,Connected
A00890,L0351,Website Visit,2026-03-10,Case Study
A00891,L0365,Email,2026-03-10,No Response
A00892,L0377,Website Visit,2026-03-10,Services Page
A00893,L0386,Website Visit,2026-03-10,Contact Page
A00894,L0404,Email,2026-03-10,Opened
A00895,L0421,Email,2026-03-10,No Response
A00896,L0422,Website Visit,2026-03-10,Contact Page
A00897,L0448,Call,2026-03-10,No Answer
A00898,L0451,Website Visit,2026-03-10,Case Study
A00899,L0014,Call,2026-03-11,Callback Requested
A00900,L0057,Call,2026-03-11,Connected
A00901,L0115,Website Visit,2026-03-11,Contact Page
A00902,L0127,Email,2026-03-11,Opened
A00903,L0132,Website Visit,2026-03-11,Pricing Page
A00904,L0134,Website Visit,2026-03-11,Services Page
A00905,L0146,Website Visit,2026-03-11,Pricing Page
A00906,L0166,Email,2026-03-11,Replied
A00907,L0166,Meeting,2026-03-11,Completed
A00908,L0175,Call,2026-03-11,No Answer
A00909,L0206,Email,2026-03-11,Opened
A00910,L0277,Website Visit,2026-03-11,Case Study
A00911,L0278,Website Visit,2026-03-11,Services Page
A00912,L0291,Call,2026-03-11,Callback Requested
A00913,L0303,Email,2026-03-11,No Response
A00914,L0310,Website Visit,2026-03-11,Services Page
A00915,L0311,Website Visit,2026-03-11,Pricing Page
A00916,L0355,Website Visit,2026-03-11,Contact Page
A00917,L0364,Website Visit,2026-03-11,Services Page
A00918,L0381,Email,2026-03-11,No Response
A00919,L0420,Website Visit,2026-03-11,Blog
A00920,L0426,Website Visit,2026-03-11,Services Page
A00921,L0437,Website Visit,2026-03-11,Contact Page
A00922,L0464,Call,2026-03-11,Connected
A00923,L0465,Email,2026-03-11,Replied
A00924,L0015,Meeting,2026-03-12,Completed
A00925,L0015,Website Visit,2026-03-12,Services Page
A00926,L0016,Email,2026-03-12,Replied
A00927,L0022,Website Visit,2026-03-12,Services Page
A00928,L0029,Website Visit,2026-03-12,Contact Page
A00929,L0056,Call,2026-03-12,Connected
A00930,L0110,Email,2026-03-12,Opened
A00931,L0112,Call,2026-03-12,Connected
A00932,L0151,Call,2026-03-12,Voicemail
A00933,L0218,Email,2026-03-12,No Response
A00934,L0228,Website Visit,2026-03-12,Pricing Page
A00935,L0251,Call,2026-03-12,Callback Requested
A00936,L0282,Call,2026-03-12,Voicemail
A00937,L0289,Website Visit,2026-03-12,Services Page
A00938,L0292,Meeting,2026-03-12,Completed
A00939,L0312,Meeting,2026-03-12,Completed
A00940,L0340,Website Visit,2026-03-12,Blog
A00941,L0371,Email,2026-03-12,Replied
A00942,L0412,Website Visit,2026-03-12,Pricing Page
A00943,L0418,Website Visit,2026-03-12,Case Study
A00944,L0432,Call,2026-03-12,Callback Requested
A00945,L0465,Website Visit,2026-03-12,Case Study
A00946,L0478,Website Visit,2026-03-12,Contact Page
A00947,L0025,Call,2026-03-13,Callback Requested
A00948,L0028,Call,2026-03-13,No Answer
A00949,L0037,Call,2026-03-13,Connected
A00950,L0037,Call,2026-03-13,No Answer
A00951,L0062,Website Visit,2026-03-13,Case Study
A00952,L0073,Call,2026-03-13,Connected
A00953,L0078,Website Visit,2026-03-13,Services Page
A00954,L0093,Call,2026-03-13,Voicemail
A00955,L0132,Website Visit,2026-03-13,Pricing Page
A00956,L0138,Email,2026-03-13,Replied
A00957,L0143,Meeting,2026-03-13,Completed
A00958,L0173,Call,2026-03-13,No Answer
A00959,L0225,Email,2026-03-13,No Response
A00960,L0269,Call,2026-03-13,Not Interested
A00961,L0279,Call,2026-03-13,Callback Requested
A00962,L0289,Call,2026-03-13,No Answer
A00963,L0292,Email,2026-03-13,No Response
A00964,L0293,Website Visit,2026-03-13,Services Page
A00965,L0294,Website Visit,2026-03-13,Contact Page
A00966,L0295,Call,2026-03-13,No Answer
A00967,L0342,Call,2026-03-13,Connected
A00968,L0352,Call,2026-03-13,Voicemail
A00969,L0391,Website Visit,2026-03-13,Blog
A00970,L0393,Website Visit,2026-03-13,Pricing Page
A00971,L0399,Meeting,2026-03-13,Rescheduled
A00972,L0472,Meeting,2026-03-13,Completed
A00973,L0015,Email,2026-03-14,Replied
A00974,L0027,Call,2026-03-14,No Answer
A00975,L0062,Email,2026-03-14,No Response
A00976,L0107,Website Visit,2026-03-14,Blog
A00977,L0129,Email,2026-03-14,No Response
A00978,L0160,Call,2026-03-14,Connected
A00979,L0218,Call,2026-03-14,Connected
A00980,L0241,Call,2026-03-14,Connected
A00981,L0265,Call,2026-03-14,No Answer
A00982,L0266,Email,2026-03-14,No Response
A00983,L0288,Website Visit,2026-03-14,Case Study
A00984,L0310,Email,2026-03-14,Opened
A00985,L0315,Email,2026-03-14,Opened
A00986,L0340,Meeting,2026-03-14,Completed
A00987,L0363,Meeting,2026-03-14,Completed
A00988,L0365,Meeting,2026-03-14,Completed
A00989,L0414,Email,2026-03-14,No Response
A00990,L0416,Email,2026-03-14,No Response
A00991,L0420,Call,2026-03-14,Connected
A00992,L0421,Call,2026-03-14,Not Interested
A00993,L0432,Email,2026-03-14,Opened
A00994,L0011,Call,2026-03-15,Connected
A00995,L0015,Call,2026-03-15,No Answer
A00996,L0036,Email,2026-03-15,Opened
A00997,L0041,Call,2026-03-15,Connected
A00998,L0066,Website Visit,2026-03-15,Case Study
A00999,L0070,Call,2026-03-15,Callback Requested
A01000,L0079,Website Visit,2026-03-15,Pricing Page
A01001,L0088,Website Visit,2026-03-15,Services Page
A01002,L0138,Call,2026-03-15,No Answer
A01003,L0144,Call,2026-03-15,No Answer
A01004,L0172,Meeting,2026-03-15,Completed
A01005,L0176,Website Visit,2026-03-15,Services Page
A01006,L0204,Website Visit,2026-03-15,Blog
A01007,L0228,Call,2026-03-15,Connected
A01008,L0236,Call,2026-03-15,No Answer
A01009,L0252,Call,2026-03-15,No Answer
A01010,L0255,Call,2026-03-15,No Answer
A01011,L0304,Website Visit,2026-03-15,Pricing Page
A01012,L0312,Call,2026-03-15,Connected
A01013,L0340,Call,2026-03-15,Callback Requested
A01014,L0342,Call,2026-03-15,Connected
A01015,L0359,Call,2026-03-15,Connected
A01016,L0371,Email,2026-03-15,No Response
A01017,L0371,Website Visit,2026-03-15,Services Page
A01018,L0410,Call,2026-03-15,Voicemail
A01019,L0410,Email,2026-03-15,Bounced
A01020,L0412,Website Visit,2026-03-15,Pricing Page
A01021,L0429,Call,2026-03-15,Callback Requested
A01022,L0454,Email,2026-03-15,Opened
A01023,L0487,Meeting,2026-03-15,No Show
A01024,L0013,Website Visit,2026-03-16,Case Study
A01025,L0072,Website Visit,2026-03-16,Contact Page
A01026,L0075,Email,2026-03-16,No Response
A01027,L0086,Website Visit,2026-03-16,Blog
A01028,L0088,Email,2026-03-16,Replied
A01029,L0104,Email,2026-03-16,Opened
A01030,L0115,Call,2026-03-16,Voicemail
A01031,L0136,Call,2026-03-16,Connected
A01032,L0163,Call,2026-03-16,Connected
A01033,L0168,Call,2026-03-16,Voicemail
A01034,L0186,Call,2026-03-16,No Answer
A01035,L0189,Email,2026-03-16,Opened
A01036,L0193,Website Visit,2026-03-16,Blog
A01037,L0198,Meeting,2026-03-16,Completed
A01038,L0223,Website Visit,2026-03-16,Pricing Page
A01039,L0250,Meeting,2026-03-16,Completed
A01040,L0321,Call,2026-03-16,No Answer
A01041,L0340,Email,2026-03-16,Replied
A01042,L0353,Call,2026-03-16,Connected
A01043,L0363,Website Visit,2026-03-16,Services Page
A01044,L0365,Call,2026-03-16,No Answer
A01045,L0375,Website Visit,2026-03-16,Contact Page
A01046,L0376,Call,2026-03-16,No Answer
A01047,L0385,Call,2026-03-16,Connected
A01048,L0406,Website Visit,2026-03-16,Blog
A01049,L0408,Email,2026-03-16,Replied
A01050,L0418,Meeting,2026-03-16,Completed
A01051,L0420,Call,2026-03-16,Connected
A01052,L0421,Call,2026-03-16,Callback Requested
A01053,L0423,Call,2026-03-16,Connected
A01054,L0425,Email,2026-03-16,No Response
A01055,L0455,Call,2026-03-16,Callback Requested
A01056,L0455,Email,2026-03-16,No Response
A01057,L0467,Website Visit,2026-03-16,Pricing Page
A01058,L0487,Meeting,2026-03-16,Completed
A01059,L0497,Website Visit,2026-03-16,Pricing Page
A01060,L0013,Email,2026-03-17,Replied
A01061,L0019,Meeting,2026-03-17,Completed
A01062,L0062,Email,2026-03-17,No Response
A01063,L0079,Website Visit,2026-03-17,Services Page
A01064,L0092,Website Visit,2026-03-17,Blog
A01065,L0095,Email,2026-03-17,Opened
A01066,L0102,Call,2026-03-17,No Answer
A01067,L0113,Email,2026-03-17,Replied
A01068,L0143,Email,2026-03-17,Opened
A01069,L0170,Email,2026-03-17,No Response
A01070,L0170,Website Visit,2026-03-17,Blog
A01071,L0175,Website Visit,2026-03-17,Case Study
A01072,L0287,Call,2026-03-17,No Answer
A01073,L0302,Website Visit,2026-03-17,Blog
A01074,L0306,Call,2026-03-17,Connected
A01075,L0312,Website Visit,2026-03-17,Case Study
A01076,L0316,Website Visit,2026-03-17,Contact Page
A01077,L0361,Call,2026-03-17,Connected
A01078,L0363,Website Visit,2026-03-17,Pricing Page
A01079,L0429,Meeting,2026-03-17,Completed
A01080,L0438,Call,2026-03-17,Connected
A01081,L0450,Email,2026-03-17,Opened
A01082,L0452,Website Visit,2026-03-17,Blog
A01083,L0487,Call,2026-03-17,No Answer
A01084,L0036,Call,2026-03-18,Connected
A01085,L0037,Website Visit,2026-03-18,Case Study
A01086,L0078,Meeting,2026-03-18,Completed
A01087,L0090,Website Visit,2026-03-18,Services Page
A01088,L0092,Meeting,2026-03-18,Completed
A01089,L0096,Website Visit,2026-03-18,Case Study
A01090,L0099,Email,2026-03-18,No Response
A01091,L0115,Email,2026-03-18,Replied
A01092,L0116,Call,2026-03-18,Connected
A01093,L0156,Website Visit,2026-03-18,Services Page
A01094,L0165,Email,2026-03-18,No Response
A01095,L0166,Website Visit,2026-03-18,Blog
A01096,L0167,Website Visit,2026-03-18,Contact Page
A01097,L0189,Email,2026-03-18,No Response
A01098,L0248,Website Visit,2026-03-18,Pricing Page
A01099,L0274,Email,2026-03-18,Opened
A01100,L0289,Call,2026-03-18,No Answer
A01101,L0310,Website Visit,2026-03-18,Case Study
A01102,L0320,Website Visit,2026-03-18,Pricing Page
A01103,L0321,Call,2026-03-18,No Answer
A01104,L0342,Email,2026-03-18,No Response
A01105,L0363,Email,2026-03-18,No Response
A01106,L0373,Meeting,2026-03-18,Completed
A01107,L0375,Meeting,2026-03-18,Completed
A01108,L0382,Email,2026-03-18,No Response
A01109,L0386,Call,2026-03-18,Callback Requested
A01110,L0401,Email,2026-03-18,Opened
A01111,L0406,Website Visit,2026-03-18,Pricing Page
A01112,L0418,Call,2026-03-18,Connected
A01113,L0443,Website Visit,2026-03-18,Contact Page
A01114,L0445,Website Visit,2026-03-18,Blog
A01115,L0479,Meeting,2026-03-18,Completed
A01116,L0487,Call,2026-03-18,Connected
A01117,L0505,Website Visit,2026-03-18,Pricing Page
A01118,L0025,Meeting,2026-03-19,Completed
A01119,L0037,Call,2026-03-19,Connected
A01120,L0044,Call,2026-03-19,Callback Requested
A01121,L0063,Email,2026-03-19,Opened
A01122,L0066,Call,2026-03-19,No Answer
A01123,L0067,Call,2026-03-19,Connected
A01124,L0129,Website Visit,2026-03-19,Case Study
A01125,L0142,Call,2026-03-19,Connected
A01126,L0142,Email,2026-03-19,Replied
A01127,L0161,Email,2026-03-19,No Response
A01128,L0167,Website Visit,2026-03-19,Pricing Page
A01129,L0237,Website Visit,2026-03-19,Pricing Page
A01130,L0263,Website Visit,2026-03-19,Pricing Page
A01131,L0265,Email,2026-03-19,No Response
A01132,L0281,Website Visit,2026-03-19,Pricing Page
A01133,L0339,Call,2026-03-19,No Answer
A01134,L0346,Website Visit,2026-03-19,Case Study
A01135,L0354,Email,2026-03-19,Opened
A01136,L0366,Website Visit,2026-03-19,Pricing Page
A01137,L0382,Website Visit,2026-03-19,Case Study
A01138,L0390,Email,2026-03-19,Opened
A01139,L0393,Call,2026-03-19,Callback Requested
A01140,L0404,Website Visit,2026-03-19,Services Page
A01141,L0404,Website Visit,2026-03-19,Services Page
A01142,L0418,Meeting,2026-03-19,Completed
A01143,L0418,Website Visit,2026-03-19,Services Page
A01144,L0458,Website Visit,2026-03-19,Contact Page
A01145,L0474,Website Visit,2026-03-19,Contact Page
A01146,L0478,Call,2026-03-19,Voicemail
A01147,L0480,Email,2026-03-19,Opened
A01148,L0514,Call,2026-03-19,No Answer
A01149,L0008,Call,2026-03-20,No Answer
A01150,L0021,Call,2026-03-20,Voicemail
A01151,L0025,Website Visit,2026-03-20,Blog
A01152,L0037,Email,2026-03-20,Replied
A01153,L0044,Website Visit,2026-03-20,Pricing Page
A01154,L0055,Email,2026-03-20,Opened
A01155,L0058,Website Visit,2026-03-20,Contact Page
A01156,L0062,Website Visit,2026-03-20,Case Study
A01157,L0113,Website Visit,2026-03-20,Blog
A01158,L0144,Meeting,2026-03-20,Completed
A01159,L0159,Call,2026-03-20,Not Interested
A01160,L0180,Email,2026-03-20,Replied
A01161,L0189,Call,2026-03-20,Callback Requested
A01162,L0201,Website Visit,2026-03-20,Contact Page
A01163,L0283,Email,2026-03-20,No Response
A01164,L0310,Call,2026-03-20,Callback Requested
A01165,L0317,Email,2026-03-20,No Response
A01166,L0327,Call,2026-03-20,Connected
A01167,L0327,Email,2026-03-20,Opened
A01168,L0330,Email,2026-03-20,No Response
A01169,L0346,Email,2026-03-20,Replied
A01170,L0351,Call,2026-03-20,Connected
A01171,L0383,Call,2026-03-20,Connected
A01172,L0386,Email,2026-03-20,Opened
A01173,L0418,Website Visit,2026-03-20,Services Page
A01174,L0429,Email,2026-03-20,No Response
A01175,L0447,Call,2026-03-20,No Answer
A01176,L0448,Website Visit,2026-03-20,Services Page
A01177,L0455,Meeting,2026-03-20,Rescheduled
A01178,L0497,Call,2026-03-20,Connected
A01179,L0497,Email,2026-03-20,Replied
A01180,L0498,Email,2026-03-20,Bounced
A01181,L0018,Call,2026-03-21,Not Interested
A01182,L0019,Email,2026-03-21,Opened
A01183,L0030,Email,2026-03-21,Replied
A01184,L0044,Call,2026-03-21,Connected
A01185,L0044,Website Visit,2026-03-21,Services Page
A01186,L0057,Website Visit,2026-03-21,Services Page
A01187,L0058,Email,2026-03-21,Opened
A01188,L0073,Meeting,2026-03-21,Completed
A01189,L0090,Call,2026-03-21,Voicemail
A01190,L0091,Website Visit,2026-03-21,Pricing Page
A01191,L0092,Call,2026-03-21,Connected
A01192,L0098,Website Visit,2026-03-21,Blog
A01193,L0129,Call,2026-03-21,Not Interested
A01194,L0152,Website Visit,2026-03-21,Services Page
A01195,L0170,Website Visit,2026-03-21,Case Study
A01196,L0181,Call,2026-03-21,No Answer
A01197,L0203,Website Visit,2026-03-21,Services Page
A01198,L0229,Meeting,2026-03-21,Completed
A01199,L0236,Website Visit,2026-03-21,Case Study
A01200,L0280,Email,2026-03-21,Replied
A01201,L0304,Call,2026-03-21,Connected
A01202,L0304,Email,2026-03-21,No Response
A01203,L0306,Email,2026-03-21,No Response
A01204,L0330,Call,2026-03-21,Voicemail
A01205,L0381,Meeting,2026-03-21,Completed
A01206,L0408,Call,2026-03-21,Connected
A01207,L0455,Website Visit,2026-03-21,Pricing Page
A01208,L0465,Call,2026-03-21,Voicemail
A01209,L0465,Meeting,2026-03-21,Completed
A01210,L0478,Email,2026-03-21,Replied
A01211,L0483,Email,2026-03-21,No Response
A01212,L0525,Website Visit,2026-03-21,Blog
A01213,L0015,Website Visit,2026-03-22,Case Study
A01214,L0019,Call,2026-03-22,Not Interested
A01215,L0033,Email,2026-03-22,Replied
A01216,L0073,Meeting,2026-03-22,Completed
A01217,L0129,Call,2026-03-22,No Answer
A01218,L0149,Email,2026-03-22,Opened
A01219,L0176,Meeting,2026-03-22,Completed
A01220,L0189,Call,2026-03-22,Connected
A01221,L0197,Email,2026-03-22,Opened
A01222,L0227,Call,2026-03-22,Callback Requested
A01223,L0231,Call,2026-03-22,No Answer
A01224,L0306,Call,2026-03-22,No Answer
A01225,L0335,Call,2026-03-22,Voicemail
A01226,L0344,Website Visit,2026-03-22,Services Page
A01227,L0372,Email,2026-03-22,No Response
A01228,L0374,Call,2026-03-22,Connected
A01229,L0399,Email,2026-03-22,Opened
A01230,L0408,Email,2026-03-22,Opened
A01231,L0444,Website Visit,2026-03-22,Services Page
A01232,L0450,Call,2026-03-22,No Answer
A01233,L0454,Website Visit,2026-03-22,Services Page
A01234,L0457,Email,2026-03-22,No Response
A01235,L0467,Call,2026-03-22,Callback Requested
A01236,L0472,Call,2026-03-22,No Answer
A01237,L0493,Email,2026-03-22,No Response
A01238,L0529,Call,2026-03-22,Callback Requested
A01239,L0532,Call,2026-03-22,No Answer
A01240,L0031,Call,2026-03-23,Callback Requested
A01241,L0032,Website Visit,2026-03-23,Pricing Page
A01242,L0035,Website Visit,2026-03-23,Services Page
A01243,L0037,Meeting,2026-03-23,Completed
A01244,L0037,Meeting,2026-03-23,Completed
A01245,L0062,Website Visit,2026-03-23,Pricing Page
A01246,L0084,Meeting,2026-03-23,Completed
A01247,L0091,Call,2026-03-23,Callback Requested
A01248,L0108,Call,2026-03-23,No Answer
A01249,L0131,Email,2026-03-23,Opened
A01250,L0174,Meeting,2026-03-23,Rescheduled
A01251,L0193,Call,2026-03-23,No Answer
A01252,L0203,Meeting,2026-03-23,Completed
A01253,L0250,Email,2026-03-23,Opened
A01254,L0251,Website Visit,2026-03-23,Pricing Page
A01255,L0278,Call,2026-03-23,No Answer
A01256,L0289,Call,2026-03-23,Callback Requested
A01257,L0297,Call,2026-03-23,Connected
A01258,L0335,Call,2026-03-23,Connected
A01259,L0371,Website Visit,2026-03-23,Case Study
A01260,L0405,Call,2026-03-23,Callback Requested
A01261,L0424,Call,2026-03-23,Callback Requested
A01262,L0432,Email,2026-03-23,Replied
A01263,L0450,Call,2026-03-23,No Answer
A01264,L0450,Website Visit,2026-03-23,Pricing Page
A01265,L0455,Meeting,2026-03-23,Completed
A01266,L0471,Email,2026-03-23,Opened
A01267,L0001,Website Visit,2026-03-24,Case Study
A01268,L0031,Email,2026-03-24,No Response
A01269,L0044,Meeting,2026-03-24,No Show
A01270,L0044,Website Visit,2026-03-24,Blog
A01271,L0079,Email,2026-03-24,No Response
A01272,L0113,Website Visit,2026-03-24,Blog
A01273,L0127,Website Visit,2026-03-24,Services Page
A01274,L0127,Website Visit,2026-03-24,Case Study
A01275,L0167,Call,2026-03-24,No Answer
A01276,L0168,Email,2026-03-24,No Response
A01277,L0177,Website Visit,2026-03-24,Pricing Page
A01278,L0180,Call,2026-03-24,No Answer
A01279,L0183,Website Visit,2026-03-24,Services Page
A01280,L0242,Call,2026-03-24,No Answer
A01281,L0251,Call,2026-03-24,Callback Requested
A01282,L0258,Website Visit,2026-03-24,Case Study
A01283,L0258,Website Visit,2026-03-24,Case Study
A01284,L0275,Call,2026-03-24,No Answer
A01285,L0293,Website Visit,2026-03-24,Blog
A01286,L0352,Website Visit,2026-03-24,Case Study
A01287,L0375,Email,2026-03-24,Replied
A01288,L0414,Meeting,2026-03-24,Completed
A01289,L0414,Website Visit,2026-03-24,Services Page
A01290,L0464,Call,2026-03-24,Connected
A01291,L0464,Website Visit,2026-03-24,Pricing Page
A01292,L0487,Call,2026-03-24,No Answer
A01293,L0501,Email,2026-03-24,Replied
A01294,L0521,Website Visit,2026-03-24,Contact Page
A01295,L0523,Website Visit,2026-03-24,Services Page
A01296,L0529,Email,2026-03-24,Opened
A01297,L0530,Website Visit,2026-03-24,Case Study
A01298,L0534,Email,2026-03-24,Opened
A01299,L0020,Call,2026-03-25,Voicemail
A01300,L0061,Call,2026-03-25,Connected
A01301,L0108,Call,2026-03-25,No Answer
A01302,L0115,Email,2026-03-25,Opened
A01303,L0138,Website Visit,2026-03-25,Contact Page
A01304,L0151,Email,2026-03-25,Replied
A01305,L0151,Website Visit,2026-03-25,Case Study
A01306,L0168,Website Visit,2026-03-25,Services Page
A01307,L0169,Website Visit,2026-03-25,Blog
A01308,L0176,Website Visit,2026-03-25,Services Page
A01309,L0178,Email,2026-03-25,Opened
A01310,L0196,Call,2026-03-25,Callback Requested
A01311,L0218,Website Visit,2026-03-25,Pricing Page
A01312,L0236,Email,2026-03-25,Opened
A01313,L0241,Call,2026-03-25,No Answer
A01314,L0242,Email,2026-03-25,Opened
A01315,L0242,Website Visit,2026-03-25,Services Page
A01316,L0277,Call,2026-03-25,No Answer
A01317,L0279,Call,2026-03-25,No Answer
A01318,L0342,Meeting,2026-03-25,Completed
A01319,L0371,Call,2026-03-25,No Answer
A01320,L0372,Email,2026-03-25,No Response
A01321,L0381,Call,2026-03-25,No Answer
A01322,L0393,Email,2026-03-25,Opened
A01323,L0472,Meeting,2026-03-25,Completed
A01324,L0480,Call,2026-03-25,No Answer
A01325,L0486,Website Visit,2026-03-25,Services Page
A01326,L0494,Email,2026-03-25,No Response
A01327,L0511,Email,2026-03-25,No Response
A01328,L0531,Website Visit,2026-03-25,Contact Page
A01329,L0548,Website Visit,2026-03-25,Case Study
A01330,L0558,Call,2026-03-25,No Answer
A01331,L0559,Website Visit,2026-03-25,Services Page
A01332,L0015,Call,2026-03-26,No Answer
A01333,L0034,Call,2026-03-26,Connected
A01334,L0037,Website Visit,2026-03-26,Contact Page
A01335,L0067,Call,2026-03-26,Callback Requested
A01336,L0102,Website Visit,2026-03-26,Services Page
A01337,L0106,Email,2026-03-26,Opened
A01338,L0113,Website Visit,2026-03-26,Services Page
A01339,L0123,Website Visit,2026-03-26,Contact Page
A01340,L0128,Email,2026-03-26,Replied
A01341,L0135,Website Visit,2026-03-26,Contact Page
A01342,L0139,Website Visit,2026-03-26,Pricing Page
A01343,L0141,Website Visit,2026-03-26,Services Page
A01344,L0178,Call,2026-03-26,Callback Requested
A01345,L0212,Call,2026-03-26,Connected
A01346,L0235,Email,2026-03-26,Opened
A01347,L0236,Email,2026-03-26,Opened
A01348,L0245,Call,2026-03-26,Connected
A01349,L0246,Website Visit,2026-03-26,Pricing Page
A01350,L0288,Email,2026-03-26,Replied
A01351,L0310,Call,2026-03-26,No Answer
A01352,L0315,Call,2026-03-26,No Answer
A01353,L0342,Meeting,2026-03-26,Completed
A01354,L0416,Call,2026-03-26,Callback Requested
A01355,L0437,Email,2026-03-26,No Response
A01356,L0454,Website Visit,2026-03-26,Case Study
A01357,L0470,Call,2026-03-26,No Answer
A01358,L0495,Email,2026-03-26,Opened
A01359,L0503,Meeting,2026-03-26,No Show
A01360,L0564,Email,2026-03-26,Replied
A01361,L0021,Website Visit,2026-03-27,Services Page
A01362,L0040,Website Visit,2026-03-27,Blog
A01363,L0088,Website Visit,2026-03-27,Services Page
A01364,L0108,Meeting,2026-03-27,Completed
A01365,L0110,Call,2026-03-27,Connected
A01366,L0131,Call,2026-03-27,Connected
A01367,L0145,Email,2026-03-27,Replied
A01368,L0171,Email,2026-03-27,No Response
A01369,L0181,Call,2026-03-27,No Answer
A01370,L0181,Email,2026-03-27,No Response
A01371,L0229,Website Visit,2026-03-27,Case Study
A01372,L0247,Website Visit,2026-03-27,Case Study
A01373,L0280,Meeting,2026-03-27,Completed
A01374,L0292,Email,2026-03-27,No Response
A01375,L0315,Website Visit,2026-03-27,Services Page
A01376,L0316,Website Visit,2026-03-27,Pricing Page
A01377,L0345,Call,2026-03-27,Not Interested
A01378,L0363,Website Visit,2026-03-27,Contact Page
A01379,L0382,Email,2026-03-27,No Response
A01380,L0384,Website Visit,2026-03-27,Blog
A01381,L0385,Website Visit,2026-03-27,Blog
A01382,L0391,Email,2026-03-27,Opened
A01383,L0426,Email,2026-03-27,Opened
A01384,L0432,Email,2026-03-27,Replied
A01385,L0472,Call,2026-03-27,Connected
A01386,L0480,Email,2026-03-27,Replied
A01387,L0492,Website Visit,2026-03-27,Contact Page
A01388,L0503,Call,2026-03-27,Connected
A01389,L0514,Website Visit,2026-03-27,Pricing Page
A01390,L0534,Email,2026-03-27,No Response
A01391,L0535,Call,2026-03-27,Connected
A01392,L0025,Call,2026-03-28,No Answer
A01393,L0044,Meeting,2026-03-28,Completed
A01394,L0050,Email,2026-03-28,Opened
A01395,L0055,Call,2026-03-28,Not Interested
A01396,L0057,Email,2026-03-28,No Response
A01397,L0066,Website Visit,2026-03-28,Blog
A01398,L0067,Email,2026-03-28,Opened
A01399,L0070,Email,2026-03-28,No Response
A01400,L0107,Website Visit,2026-03-28,Blog
A01401,L0197,Email,2026-03-28,Replied
A01402,L0197,Meeting,2026-03-28,Completed
A01403,L0200,Website Visit,2026-03-28,Services Page
A01404,L0216,Email,2026-03-28,No Response
A01405,L0225,Call,2026-03-28,No Answer
A01406,L0228,Email,2026-03-28,Opened
A01407,L0236,Call,2026-03-28,Connected
A01408,L0240,Email,2026-03-28,Opened
A01409,L0274,Email,2026-03-28,Opened
A01410,L0309,Website Visit,2026-03-28,Pricing Page
A01411,L0310,Website Visit,2026-03-28,Pricing Page
A01412,L0323,Call,2026-03-28,Connected
A01413,L0335,Website Visit,2026-03-28,Case Study
A01414,L0349,Email,2026-03-28,Replied
A01415,L0359,Website Visit,2026-03-28,Pricing Page
A01416,L0389,Call,2026-03-28,Connected
A01417,L0391,Email,2026-03-28,Replied
A01418,L0399,Website Visit,2026-03-28,Contact Page
A01419,L0416,Call,2026-03-28,Connected
A01420,L0422,Website Visit,2026-03-28,Pricing Page
A01421,L0483,Meeting,2026-03-28,Completed
A01422,L0494,Email,2026-03-28,Bounced
A01423,L0499,Call,2026-03-28,Connected
A01424,L0532,Email,2026-03-28,Opened
A01425,L0539,Email,2026-03-28,No Response
A01426,L0540,Call,2026-03-28,Not Interested
A01427,L0559,Email,2026-03-28,Opened
A01428,L0562,Website Visit,2026-03-28,Pricing Page
A01429,L0584,Website Visit,2026-03-28,Pricing Page
A01430,L0025,Email,2026-03-29,Opened
A01431,L0029,Website Visit,2026-03-29,Case Study
A01432,L0070,Meeting,2026-03-29,Completed
A01433,L0073,Website Visit,2026-03-29,Services Page
A01434,L0078,Email,2026-03-29,No Response
A01435,L0094,Meeting,2026-03-29,Completed
A01436,L0106,Meeting,2026-03-29,No Show
A01437,L0108,Call,2026-03-29,Voicemail
A01438,L0115,Website Visit,2026-03-29,Pricing Page
A01439,L0203,Call,2026-03-29,No Answer
A01440,L0238,Website Visit,2026-03-29,Blog
A01441,L0303,Call,2026-03-29,Connected
A01442,L0306,Website Visit,2026-03-29,Services Page
A01443,L0316,Email,2026-03-29,No Response
A01444,L0317,Call,2026-03-29,No Answer
A01445,L0348,Call,2026-03-29,Voicemail
A01446,L0420,Website Visit,2026-03-29,Blog
A01447,L0455,Website Visit,2026-03-29,Blog
A01448,L0479,Call,2026-03-29,Connected
A01449,L0479,Website Visit,2026-03-29,Services Page
A01450,L0487,Website Visit,2026-03-29,Pricing Page
A01451,L0495,Website Visit,2026-03-29,Contact Page
A01452,L0495,Website Visit,2026-03-29,Case Study
A01453,L0557,Call,2026-03-29,Connected
A01454,L0037,Email,2026-03-30,No Response
A01455,L0044,Website Visit,2026-03-30,Pricing Page
A01456,L0071,Website Visit,2026-03-30,Contact Page
A01457,L0084,Email,2026-03-30,No Response
A01458,L0084,Website Visit,2026-03-30,Case Study
A01459,L0094,Website Visit,2026-03-30,Pricing Page
A01460,L0144,Website Visit,2026-03-30,Services Page
A01461,L0173,Email,2026-03-30,No Response
A01462,L0174,Website Visit,2026-03-30,Case Study
A01463,L0177,Email,2026-03-30,No Response
A01464,L0182,Website Visit,2026-03-30,Contact Page
A01465,L0198,Call,2026-03-30,Connected
A01466,L0228,Website Visit,2026-03-30,Services Page
A01467,L0247,Website Visit,2026-03-30,Blog
A01468,L0277,Call,2026-03-30,Connected
A01469,L0294,Call,2026-03-30,Connected
A01470,L0297,Website Visit,2026-03-30,Blog
A01471,L0310,Meeting,2026-03-30,Completed
A01472,L0316,Call,2026-03-30,Callback Requested
A01473,L0330,Call,2026-03-30,No Answer
A01474,L0354,Call,2026-03-30,Connected
A01475,L0365,Website Visit,2026-03-30,Services Page
A01476,L0377,Call,2026-03-30,Connected
A01477,L0405,Call,2026-03-30,No Answer
A01478,L0411,Email,2026-03-30,No Response
A01479,L0411,Website Visit,2026-03-30,Blog
A01480,L0488,Website Visit,2026-03-30,Blog
A01481,L0580,Call,2026-03-30,Connected
A01482,L0595,Call,2026-03-30,No Answer
A01483,L0026,Email,2026-03-31,Opened
A01484,L0049,Email,2026-03-31,No Response
A01485,L0054,Call,2026-03-31,Connected
A01486,L0054,Website Visit,2026-03-31,Services Page
A01487,L0062,Website Visit,2026-03-31,Services Page
A01488,L0094,Meeting,2026-03-31,Completed
A01489,L0097,Website Visit,2026-03-31,Blog
A01490,L0125,Call,2026-03-31,Connected
A01491,L0133,Call,2026-03-31,Callback Requested
A01492,L0156,Meeting,2026-03-31,Completed
A01493,L0163,Call,2026-03-31,Connected
A01494,L0166,Website Visit,2026-03-31,Contact Page
A01495,L0198,Email,2026-03-31,Replied
A01496,L0204,Email,2026-03-31,Opened
A01497,L0232,Email,2026-03-31,No Response
A01498,L0244,Call,2026-03-31,Connected
A01499,L0279,Email,2026-03-31,Opened
A01500,L0343,Email,2026-03-31,No Response
A01501,L0343,Website Visit,2026-03-31,Case Study
A01502,L0345,Call,2026-03-31,Callback Requested
A01503,L0348,Call,2026-03-31,Connected
A01504,L0368,Call,2026-03-31,No Answer
A01505,L0402,Call,2026-03-31,Connected
A01506,L0404,Call,2026-03-31,Connected
A01507,L0441,Email,2026-03-31,No Response
A01508,L0454,Call,2026-03-31,Connected
A01509,L0467,Website Visit,2026-03-31,Case Study
A01510,L0473,Call,2026-03-31,Callback Requested
A01511,L0483,Call,2026-03-31,No Answer
A01512,L0515,Email,2026-03-31,No Response
A01513,L0534,Meeting,2026-03-31,Rescheduled
A01514,L0539,Meeting,2026-03-31,No Show
A01515,L0540,Call,2026-03-31,Connected
A01516,L0547,Email,2026-03-31,No Response
A01517,L0567,Website Visit,2026-03-31,Blog
A01518,L0574,Call,2026-03-31,No Answer
A01519,L0015,Website Visit,2026-04-01,Pricing Page
A01520,L0019,Website Visit,2026-04-01,Services Page
A01521,L0043,Website Visit,2026-04-01,Contact Page
A01522,L0055,Call,2026-04-01,Connected
A01523,L0073,Email,2026-04-01,Opened
A01524,L0077,Website Visit,2026-04-01,Contact Page
A01525,L0103,Website Visit,2026-04-01,Services Page
A01526,L0104,Meeting,2026-04-01,Completed
A01527,L0110,Meeting,2026-04-01,Completed
A01528,L0140,Website Visit,2026-04-01,Contact Page
A01529,L0166,Call,2026-04-01,Callback Requested
A01530,L0223,Email,2026-04-01,Opened
A01531,L0236,Call,2026-04-01,Not Interested
A01532,L0238,Email,2026-04-01,Opened
A01533,L0243,Website Visit,2026-04-01,Blog
A01534,L0247,Call,2026-04-01,Not Interested
A01535,L0264,Call,2026-04-01,No Answer
A01536,L0296,Website Visit,2026-04-01,Blog
A01537,L0326,Website Visit,2026-04-01,Pricing Page
A01538,L0340,Website Visit,2026-04-01,Blog
A01539,L0346,Call,2026-04-01,No Answer
A01540,L0353,Website Visit,2026-04-01,Services Page
A01541,L0365,Website Visit,2026-04-01,Services Page
A01542,L0376,Website Visit,2026-04-01,Services Page
A01543,L0384,Website Visit,2026-04-01,Case Study
A01544,L0399,Meeting,2026-04-01,Completed
A01545,L0416,Meeting,2026-04-01,Completed
A01546,L0431,Website Visit,2026-04-01,Blog
A01547,L0434,Call,2026-04-01,Callback Requested
A01548,L0458,Meeting,2026-04-01,Rescheduled
A01549,L0465,Email,2026-04-01,No Response
A01550,L0465,Email,2026-04-01,Opened
A01551,L0479,Website Visit,2026-04-01,Services Page
A01552,L0502,Email,2026-04-01,Replied
A01553,L0546,Call,2026-04-01,Connected
A01554,L0557,Email,2026-04-01,No Response
A01555,L0557,Email,2026-04-01,Replied
A01556,L0562,Call,2026-04-01,No Answer
A01557,L0568,Email,2026-04-01,No Response
A01558,L0574,Website Visit,2026-04-01,Services Page
A01559,L0577,Call,2026-04-01,Voicemail
A01560,L0595,Call,2026-04-01,No Answer
A01561,L0609,Meeting,2026-04-01,Completed
A01562,L0026,Website Visit,2026-04-02,Case Study
A01563,L0058,Call,2026-04-02,Connected
A01564,L0094,Email,2026-04-02,Bounced
A01565,L0118,Call,2026-04-02,Voicemail
A01566,L0155,Website Visit,2026-04-02,Pricing Page
A01567,L0166,Email,2026-04-02,Opened
A01568,L0168,Website Visit,2026-04-02,Contact Page
A01569,L0197,Website Visit,2026-04-02,Case Study
A01570,L0204,Call,2026-04-02,Not Interested
A01571,L0216,Email,2026-04-02,No Response
A01572,L0237,Call,2026-04-02,No Answer
A01573,L0266,Website Visit,2026-04-02,Services Page
A01574,L0267,Call,2026-04-02,Connected
A01575,L0269,Email,2026-04-02,No Response
A01576,L0307,Website Visit,2026-04-02,Contact Page
A01577,L0321,Website Visit,2026-04-02,Case Study
A01578,L0336,Call,2026-04-02,Voicemail
A01579,L0338,Website Visit,2026-04-02,Blog
A01580,L0338,Website Visit,2026-04-02,Services Page
A01581,L0344,Website Visit,2026-04-02,Pricing Page
A01582,L0351,Website Visit,2026-04-02,Contact Page
A01583,L0359,Email,2026-04-02,Replied
A01584,L0365,Call,2026-04-02,Voicemail
A01585,L0375,Call,2026-04-02,Connected
A01586,L0426,Website Visit,2026-04-02,Services Page
A01587,L0455,Call,2026-04-02,Connected
A01588,L0472,Email,2026-04-02,Opened
A01589,L0483,Email,2026-04-02,Opened
A01590,L0487,Email,2026-04-02,No Response
A01591,L0522,Website Visit,2026-04-02,Services Page
A01592,L0534,Call,2026-04-02,Voicemail
A01593,L0542,Call,2026-04-02,Connected
A01594,L0605,Call,2026-04-02,Callback Requested
A01595,L0608,Website Visit,2026-04-02,Case Study
A01596,L0612,Email,2026-04-02,Opened
A01597,L0046,Website Visit,2026-04-03,Pricing Page
A01598,L0056,Email,2026-04-03,Replied
A01599,L0079,Call,2026-04-03,No Answer
A01600,L0089,Email,2026-04-03,No Response
A01601,L0104,Call,2026-04-03,Not Interested
A01602,L0115,Meeting,2026-04-03,Completed
A01603,L0125,Email,2026-04-03,Opened
A01604,L0127,Meeting,2026-04-03,Completed
A01605,L0133,Call,2026-04-03,Callback Requested
A01606,L0197,Call,2026-04-03,Connected
A01607,L0198,Call,2026-04-03,Connected
A01608,L0240,Call,2026-04-03,Connected
A01609,L0251,Call,2026-04-03,Callback Requested
A01610,L0258,Call,2026-04-03,Connected
A01611,L0267,Website Visit,2026-04-03,Services Page
A01612,L0290,Call,2026-04-03,Connected
A01613,L0325,Email,2026-04-03,No Response
A01614,L0335,Website Visit,2026-04-03,Case Study
A01615,L0340,Email,2026-04-03,Replied
A01616,L0370,Call,2026-04-03,Callback Requested
A01617,L0386,Call,2026-04-03,Callback Requested
A01618,L0393,Website Visit,2026-04-03,Services Page
A01619,L0404,Call,2026-04-03,No Answer
A01620,L0404,Email,2026-04-03,No Response
A01621,L0428,Website Visit,2026-04-03,Case Study
A01622,L0458,Call,2026-04-03,No Answer
A01623,L0458,Email,2026-04-03,Replied
A01624,L0484,Website Visit,2026-04-03,Blog
A01625,L0497,Email,2026-04-03,Opened
A01626,L0516,Website Visit,2026-04-03,Case Study
A01627,L0537,Call,2026-04-03,Connected
A01628,L0546,Website Visit,2026-04-03,Blog
A01629,L0556,Website Visit,2026-04-03,Services Page
A01630,L0559,Call,2026-04-03,Connected
A01631,L0568,Call,2026-04-03,No Answer
A01632,L0581,Call,2026-04-03,Voicemail
A01633,L0585,Call,2026-04-03,No Answer
A01634,L0589,Call,2026-04-03,Callback Requested
A01635,L0605,Email,2026-04-03,Opened
A01636,L0611,Website Visit,2026-04-03,Pricing Page
A01637,L0067,Email,2026-04-04,No Response
A01638,L0082,Call,2026-04-04,Callback Requested
A01639,L0090,Meeting,2026-04-04,Completed
A01640,L0106,Call,2026-04-04,Connected
A01641,L0109,Call,2026-04-04,No Answer
A01642,L0110,Email,2026-04-04,No Response
A01643,L0113,Call,2026-04-04,Callback Requested
A01644,L0155,Call,2026-04-04,Connected
A01645,L0158,Call,2026-04-04,No Answer
A01646,L0168,Meeting,2026-04-04,Completed
A01647,L0170,Email,2026-04-04,Opened
A01648,L0204,Website Visit,2026-04-04,Services Page
A01649,L0210,Email,2026-04-04,Replied
A01650,L0238,Meeting,2026-04-04,Completed
A01651,L0243,Email,2026-04-04,No Response
A01652,L0294,Website Visit,2026-04-04,Services Page
A01653,L0342,Call,2026-04-04,Connected
A01654,L0342,Meeting,2026-04-04,Rescheduled
A01655,L0375,Email,2026-04-04,Bounced
A01656,L0405,Meeting,2026-04-04,Completed
A01657,L0418,Email,2026-04-04,Replied
A01658,L0429,Website Visit,2026-04-04,Case Study
A01659,L0457,Website Visit,2026-04-04,Services Page
A01660,L0467,Website Visit,2026-04-04,Blog
A01661,L0516,Email,2026-04-04,Opened
A01662,L0520,Call,2026-04-04,Connected
A01663,L0533,Website Visit,2026-04-04,Case Study
A01664,L0537,Call,2026-04-04,Connected
A01665,L0553,Email,2026-04-04,Replied
A01666,L0566,Meeting,2026-04-04,Rescheduled
A01667,L0572,Call,2026-04-04,Connected
A01668,L0574,Call,2026-04-04,Connected
A01669,L0613,Meeting,2026-04-04,Completed
A01670,L0617,Call,2026-04-04,Callback Requested
A01671,L0036,Meeting,2026-04-05,Completed
A01672,L0073,Call,2026-04-05,Voicemail
A01673,L0073,Email,2026-04-05,Opened
A01674,L0079,Call,2026-04-05,No Answer
A01675,L0093,Call,2026-04-05,Callback Requested
A01676,L0104,Meeting,2026-04-05,Completed
A01677,L0106,Call,2026-04-05,Connected
A01678,L0111,Call,2026-04-05,No Answer
A01679,L0112,Meeting,2026-04-05,Completed
A01680,L0143,Email,2026-04-05,Replied
A01681,L0147,Email,2026-04-05,Replied
A01682,L0160,Email,2026-04-05,Replied
A01683,L0174,Call,2026-04-05,Connected
A01684,L0179,Call,2026-04-05,Not Interested
A01685,L0179,Website Visit,2026-04-05,Services Page
A01686,L0199,Website Visit,2026-04-05,Pricing Page
A01687,L0203,Website Visit,2026-04-05,Case Study
A01688,L0227,Email,2026-04-05,Opened
A01689,L0289,Meeting,2026-04-05,Completed
A01690,L0303,Call,2026-04-05,Callback Requested
A01691,L0303,Email,2026-04-05,No Response
A01692,L0316,Call,2026-04-05,No Answer
A01693,L0328,Website Visit,2026-04-05,Blog
A01694,L0328,Website Visit,2026-04-05,Blog
A01695,L0342,Website Visit,2026-04-05,Blog
A01696,L0346,Website Visit,2026-04-05,Services Page
A01697,L0361,Website Visit,2026-04-05,Contact Page
A01698,L0371,Call,2026-04-05,Connected
A01699,L0393,Website Visit,2026-04-05,Services Page
A01700,L0438,Call,2026-04-05,Connected
A01701,L0438,Email,2026-04-05,Replied
A01702,L0487,Meeting,2026-04-05,Completed
A01703,L0494,Call,2026-04-05,Connected
A01704,L0501,Email,2026-04-05,Opened
A01705,L0506,Website Visit,2026-04-05,Case Study
A01706,L0536,Email,2026-04-05,No Response
A01707,L0537,Email,2026-04-05,No Response
A01708,L0545,Website Visit,2026-04-05,Services Page
A01709,L0566,Email,2026-04-05,Opened
A01710,L0602,Email,2026-04-05,Opened
A01711,L0624,Call,2026-04-05,No Answer
A01712,L0640,Call,2026-04-05,Callback Requested
A01713,L0046,Call,2026-04-06,No Answer
A01714,L0076,Website Visit,2026-04-06,Services Page
A01715,L0081,Call,2026-04-06,Connected
A01716,L0083,Website Visit,2026-04-06,Pricing Page
A01717,L0088,Email,2026-04-06,Replied
A01718,L0111,Website Visit,2026-04-06,Services Page
A01719,L0116,Meeting,2026-04-06,Rescheduled
A01720,L0168,Call,2026-04-06,Connected
A01721,L0189,Meeting,2026-04-06,Completed
A01722,L0198,Website Visit,2026-04-06,Case Study
A01723,L0208,Call,2026-04-06,Not Interested
A01724,L0247,Website Visit,2026-04-06,Services Page
A01725,L0277,Email,2026-04-06,Opened
A01726,L0285,Email,2026-04-06,No Response
A01727,L0312,Email,2026-04-06,Replied
A01728,L0324,Call,2026-04-06,Connected
A01729,L0383,Call,2026-04-06,Voicemail
A01730,L0404,Call,2026-04-06,Connected
A01731,L0412,Call,2026-04-06,Callback Requested
A01732,L0430,Call,2026-04-06,No Answer
A01733,L0449,Call,2026-04-06,No Answer
A01734,L0455,Call,2026-04-06,No Answer
A01735,L0478,Meeting,2026-04-06,Rescheduled
A01736,L0535,Website Visit,2026-04-06,Blog
A01737,L0536,Meeting,2026-04-06,Completed
A01738,L0548,Call,2026-04-06,No Answer
A01739,L0570,Call,2026-04-06,Connected
A01740,L0576,Email,2026-04-06,Opened
A01741,L0591,Email,2026-04-06,Opened
A01742,L0638,Call,2026-04-06,Connected
A01743,L0051,Website Visit,2026-04-07,Pricing Page
A01744,L0057,Meeting,2026-04-07,Rescheduled
A01745,L0058,Call,2026-04-07,No Answer
A01746,L0060,Call,2026-04-07,No Answer
A01747,L0068,Website Visit,2026-04-07,Contact Page
A01748,L0078,Meeting,2026-04-07,Completed
A01749,L0082,Website Visit,2026-04-07,Pricing Page
A01750,L0086,Website Visit,2026-04-07,Blog
A01751,L0088,Website Visit,2026-04-07,Contact Page
A01752,L0110,Call,2026-04-07,No Answer
A01753,L0116,Website Visit,2026-04-07,Services Page
A01754,L0118,Email,2026-04-07,No Response
A01755,L0129,Email,2026-04-07,No Response
A01756,L0148,Website Visit,2026-04-07,Contact Page
A01757,L0174,Email,2026-04-07,No Response
A01758,L0176,Call,2026-04-07,No Answer
A01759,L0228,Email,2026-04-07,Opened
A01760,L0336,Website Visit,2026-04-07,Case Study
A01761,L0348,Email,2026-04-07,No Response
A01762,L0379,Website Visit,2026-04-07,Services Page
A01763,L0390,Call,2026-04-07,Connected
A01764,L0391,Website Visit,2026-04-07,Pricing Page
A01765,L0417,Website Visit,2026-04-07,Case Study
A01766,L0443,Call,2026-04-07,Connected
A01767,L0464,Email,2026-04-07,No Response
A01768,L0473,Website Visit,2026-04-07,Services Page
A01769,L0515,Call,2026-04-07,Callback Requested
A01770,L0526,Website Visit,2026-04-07,Blog
A01771,L0538,Website Visit,2026-04-07,Case Study
A01772,L0599,Website Visit,2026-04-07,Case Study
A01773,L0104,Website Visit,2026-04-08,Pricing Page
A01774,L0106,Email,2026-04-08,Replied
A01775,L0108,Email,2026-04-08,Opened
A01776,L0108,Meeting,2026-04-08,Completed
A01777,L0156,Website Visit,2026-04-08,Case Study
A01778,L0179,Call,2026-04-08,Callback Requested
A01779,L0187,Call,2026-04-08,Connected
A01780,L0201,Call,2026-04-08,Connected
A01781,L0216,Website Visit,2026-04-08,Services Page
A01782,L0239,Website Visit,2026-04-08,Services Page
A01783,L0244,Email,2026-04-08,Replied
A01784,L0280,Call,2026-04-08,Callback Requested
A01785,L0292,Website Visit,2026-04-08,Case Study
A01786,L0313,Call,2026-04-08,Not Interested
A01787,L0316,Call,2026-04-08,Connected
A01788,L0319,Website Visit,2026-04-08,Services Page
A01789,L0371,Meeting,2026-04-08,Completed
A01790,L0480,Meeting,2026-04-08,Completed
A01791,L0480,Website Visit,2026-04-08,Services Page
A01792,L0553,Website Visit,2026-04-08,Case Study
A01793,L0553,Website Visit,2026-04-08,Blog
A01794,L0564,Email,2026-04-08,Replied
A01795,L0587,Call,2026-04-08,Not Interested
A01796,L0609,Website Visit,2026-04-08,Services Page
A01797,L0613,Meeting,2026-04-08,Completed
A01798,L0616,Email,2026-04-08,Opened
A01799,L0671,Email,2026-04-08,Opened
A01800,L0069,Call,2026-04-09,No Answer
A01801,L0086,Email,2026-04-09,Opened
A01802,L0106,Website Visit,2026-04-09,Case Study
A01803,L0123,Email,2026-04-09,Opened
A01804,L0168,Email,2026-04-09,Opened
A01805,L0179,Email,2026-04-09,Opened
A01806,L0250,Website Visit,2026-04-09,Pricing Page
A01807,L0253,Website Visit,2026-04-09,Case Study
A01808,L0262,Website Visit,2026-04-09,Services Page
A01809,L0309,Website Visit,2026-04-09,Blog
A01810,L0321,Email,2026-04-09,Replied
A01811,L0328,Email,2026-04-09,Opened
A01812,L0343,Website Visit,2026-04-09,Services Page
A01813,L0354,Call,2026-04-09,No Answer
A01814,L0365,Meeting,2026-04-09,Completed
A01815,L0367,Email,2026-04-09,Opened
A01816,L0369,Website Visit,2026-04-09,Services Page
A01817,L0408,Call,2026-04-09,Connected
A01818,L0408,Website Visit,2026-04-09,Services Page
A01819,L0459,Website Visit,2026-04-09,Services Page
A01820,L0520,Website Visit,2026-04-09,Pricing Page
A01821,L0534,Website Visit,2026-04-09,Pricing Page
A01822,L0539,Call,2026-04-09,No Answer
A01823,L0584,Call,2026-04-09,No Answer
A01824,L0637,Meeting,2026-04-09,Completed
A01825,L0658,Call,2026-04-09,Connected
A01826,L0677,Email,2026-04-09,Opened
A01827,L0078,Website Visit,2026-04-10,Case Study
A01828,L0110,Website Visit,2026-04-10,Pricing Page
A01829,L0147,Call,2026-04-10,Connected
A01830,L0159,Email,2026-04-10,Bounced
A01831,L0198,Website Visit,2026-04-10,Pricing Page
A01832,L0201,Email,2026-04-10,Opened
A01833,L0220,Website Visit,2026-04-10,Pricing Page
A01834,L0229,Call,2026-04-10,No Answer
A01835,L0247,Call,2026-04-10,No Answer
A01836,L0264,Website Visit,2026-04-10,Pricing Page
A01837,L0276,Email,2026-04-10,No Response
A01838,L0281,Website Visit,2026-04-10,Services Page
A01839,L0345,Meeting,2026-04-10,Completed
A01840,L0371,Meeting,2026-04-10,Completed
A01841,L0374,Website Visit,2026-04-10,Services Page
A01842,L0383,Meeting,2026-04-10,Completed
A01843,L0386,Website Visit,2026-04-10,Services Page
A01844,L0389,Call,2026-04-10,No Answer
A01845,L0479,Call,2026-04-10,No Answer
A01846,L0529,Call,2026-04-10,Voicemail
A01847,L0534,Meeting,2026-04-10,Completed
A01848,L0553,Call,2026-04-10,Connected
A01849,L0566,Call,2026-04-10,Not Interested
A01850,L0584,Website Visit,2026-04-10,Pricing Page
A01851,L0589,Email,2026-04-10,Opened
A01852,L0599,Website Visit,2026-04-10,Contact Page
A01853,L0602,Call,2026-04-10,Callback Requested
A01854,L0641,Website Visit,2026-04-10,Pricing Page
A01855,L0647,Website Visit,2026-04-10,Case Study
A01856,L0648,Call,2026-04-10,No Answer
A01857,L0653,Email,2026-04-10,Opened
A01858,L0662,Meeting,2026-04-10,Completed
A01859,L0688,Meeting,2026-04-10,Completed
A01860,L0086,Website Visit,2026-04-11,Contact Page
A01861,L0098,Website Visit,2026-04-11,Pricing Page
A01862,L0112,Meeting,2026-04-11,Completed
A01863,L0121,Call,2026-04-11,Connected
A01864,L0148,Email,2026-04-11,Opened
A01865,L0166,Call,2026-04-11,No Answer
A01866,L0177,Call,2026-04-11,Callback Requested
A01867,L0222,Call,2026-04-11,Connected
A01868,L0223,Website Visit,2026-04-11,Blog
A01869,L0236,Meeting,2026-04-11,Completed
A01870,L0290,Email,2026-04-11,No Response
A01871,L0303,Meeting,2026-04-11,Completed
A01872,L0303,Meeting,2026-04-11,Completed
A01873,L0312,Email,2026-04-11,No Response
A01874,L0318,Email,2026-04-11,Opened
A01875,L0336,Email,2026-04-11,Replied
A01876,L0340,Call,2026-04-11,No Answer
A01877,L0343,Call,2026-04-11,Connected
A01878,L0377,Website Visit,2026-04-11,Services Page
A01879,L0389,Call,2026-04-11,Connected
A01880,L0393,Call,2026-04-11,Callback Requested
A01881,L0422,Call,2026-04-11,Callback Requested
A01882,L0436,Email,2026-04-11,No Response
A01883,L0478,Website Visit,2026-04-11,Services Page
A01884,L0481,Call,2026-04-11,No Answer
A01885,L0489,Website Visit,2026-04-11,Blog
A01886,L0499,Email,2026-04-11,Opened
A01887,L0548,Email,2026-04-11,No Response
A01888,L0564,Meeting,2026-04-11,Completed
A01889,L0637,Website Visit,2026-04-11,Case Study
A01890,L0661,Website Visit,2026-04-11,Services Page
A01891,L0680,Website Visit,2026-04-11,Contact Page
A01892,L0092,Email,2026-04-12,Opened
A01893,L0097,Call,2026-04-12,Voicemail
A01894,L0099,Call,2026-04-12,Voicemail
A01895,L0110,Website Visit,2026-04-12,Contact Page
A01896,L0152,Call,2026-04-12,No Answer
A01897,L0166,Website Visit,2026-04-12,Case Study
A01898,L0167,Website Visit,2026-04-12,Contact Page
A01899,L0176,Call,2026-04-12,Connected
A01900,L0176,Website Visit,2026-04-12,Contact Page
A01901,L0198,Email,2026-04-12,No Response
A01902,L0232,Website Visit,2026-04-12,Pricing Page
A01903,L0271,Call,2026-04-12,Connected
A01904,L0286,Email,2026-04-12,Opened
A01905,L0303,Call,2026-04-12,Connected
A01906,L0312,Call,2026-04-12,Connected
A01907,L0317,Call,2026-04-12,No Answer
A01908,L0464,Call,2026-04-12,Connected
A01909,L0474,Call,2026-04-12,Connected
A01910,L0483,Website Visit,2026-04-12,Pricing Page
A01911,L0556,Meeting,2026-04-12,Rescheduled
A01912,L0589,Call,2026-04-12,No Answer
A01913,L0596,Website Visit,2026-04-12,Blog
A01914,L0598,Website Visit,2026-04-12,Pricing Page
A01915,L0598,Website Visit,2026-04-12,Blog
A01916,L0613,Meeting,2026-04-12,Completed
A01917,L0613,Website Visit,2026-04-12,Services Page
A01918,L0645,Website Visit,2026-04-12,Case Study
A01919,L0647,Meeting,2026-04-12,Rescheduled
A01920,L0682,Meeting,2026-04-12,Completed
A01921,L0688,Call,2026-04-12,No Answer
A01922,L0696,Website Visit,2026-04-12,Pricing Page
A01923,L0084,Call,2026-04-13,Voicemail
A01924,L0104,Call,2026-04-13,Voicemail
A01925,L0115,Call,2026-04-13,Not Interested
A01926,L0177,Email,2026-04-13,Replied
A01927,L0198,Website Visit,2026-04-13,Blog
A01928,L0199,Website Visit,2026-04-13,Case Study
A01929,L0216,Call,2026-04-13,No Answer
A01930,L0236,Email,2026-04-13,Opened
A01931,L0247,Email,2026-04-13,No Response
A01932,L0247,Meeting,2026-04-13,Completed
A01933,L0315,Call,2026-04-13,No Answer
A01934,L0318,Email,2026-04-13,Opened
A01935,L0328,Website Visit,2026-04-13,Case Study
A01936,L0359,Meeting,2026-04-13,No Show
A01937,L0373,Website Visit,2026-04-13,Case Study
A01938,L0408,Meeting,2026-04-13,Completed
A01939,L0418,Email,2026-04-13,No Response
A01940,L0422,Website Visit,2026-04-13,Blog
A01941,L0455,Website Visit,2026-04-13,Contact Page
A01942,L0464,Website Visit,2026-04-13,Services Page
A01943,L0533,Call,2026-04-13,No Answer
A01944,L0548,Call,2026-04-13,Connected
A01945,L0549,Website Visit,2026-04-13,Pricing Page
A01946,L0555,Call,2026-04-13,Callback Requested
A01947,L0570,Website Visit,2026-04-13,Services Page
A01948,L0584,Email,2026-04-13,Replied
A01949,L0591,Meeting,2026-04-13,Completed
A01950,L0599,Meeting,2026-04-13,Completed
A01951,L0616,Call,2026-04-13,Voicemail
A01952,L0659,Website Visit,2026-04-13,Blog
A01953,L0662,Website Visit,2026-04-13,Services Page
A01954,L0691,Call,2026-04-13,Callback Requested
A01955,L0090,Email,2026-04-14,Replied
A01956,L0104,Call,2026-04-14,Connected
A01957,L0106,Call,2026-04-14,Voicemail
A01958,L0106,Website Visit,2026-04-14,Case Study
A01959,L0112,Call,2026-04-14,Voicemail
A01960,L0126,Website Visit,2026-04-14,Blog
A01961,L0201,Call,2026-04-14,Connected
A01962,L0203,Website Visit,2026-04-14,Case Study
A01963,L0241,Website Visit,2026-04-14,Contact Page
A01964,L0250,Email,2026-04-14,No Response
A01965,L0250,Website Visit,2026-04-14,Services Page
A01966,L0312,Website Visit,2026-04-14,Pricing Page
A01967,L0328,Call,2026-04-14,Callback Requested
A01968,L0361,Call,2026-04-14,Voicemail
A01969,L0379,Email,2026-04-14,Opened
A01970,L0386,Call,2026-04-14,Connected
A01971,L0414,Call,2026-04-14,No Answer
A01972,L0437,Website Visit,2026-04-14,Services Page
A01973,L0465,Call,2026-04-14,No Answer
A01974,L0572,Website Visit,2026-04-14,Contact Page
A01975,L0589,Meeting,2026-04-14,Completed
A01976,L0589,Website Visit,2026-04-14,Services Page
A01977,L0594,Call,2026-04-14,No Answer
A01978,L0618,Website Visit,2026-04-14,Pricing Page
A01979,L0625,Website Visit,2026-04-14,Contact Page
A01980,L0637,Call,2026-04-14,Not Interested
A01981,L0637,Email,2026-04-14,Opened
A01982,L0663,Call,2026-04-14,Connected
A01983,L0710,Call,2026-04-14,Callback Requested
A01984,L0715,Call,2026-04-14,No Answer
A01985,L0111,Call,2026-04-15,Connected
A01986,L0129,Website Visit,2026-04-15,Pricing Page
A01987,L0142,Website Visit,2026-04-15,Blog
A01988,L0180,Email,2026-04-15,Opened
A01989,L0195,Call,2026-04-15,Connected
A01990,L0201,Email,2026-04-15,Opened
A01991,L0277,Website Visit,2026-04-15,Services Page
A01992,L0289,Website Visit,2026-04-15,Contact Page
A01993,L0297,Call,2026-04-15,Connected
A01994,L0306,Website Visit,2026-04-15,Services Page
A01995,L0310,Meeting,2026-04-15,Completed
A01996,L0328,Meeting,2026-04-15,Completed
A01997,L0348,Email,2026-04-15,Opened
A01998,L0355,Email,2026-04-15,Replied
A01999,L0357,Website Visit,2026-04-15,Case Study
A02000,L0364,Call,2026-04-15,No Answer
A02001,L0379,Call,2026-04-15,Callback Requested
A02002,L0394,Call,2026-04-15,Voicemail
A02003,L0397,Website Visit,2026-04-15,Blog
A02004,L0446,Website Visit,2026-04-15,Pricing Page
A02005,L0450,Email,2026-04-15,Opened
A02006,L0450,Meeting,2026-04-15,No Show
A02007,L0459,Call,2026-04-15,Connected
A02008,L0462,Website Visit,2026-04-15,Pricing Page
A02009,L0466,Website Visit,2026-04-15,Contact Page
A02010,L0468,Website Visit,2026-04-15,Case Study
A02011,L0480,Website Visit,2026-04-15,Pricing Page
A02012,L0482,Call,2026-04-15,No Answer
A02013,L0483,Call,2026-04-15,Connected
A02014,L0491,Website Visit,2026-04-15,Contact Page
A02015,L0506,Call,2026-04-15,Callback Requested
A02016,L0536,Website Visit,2026-04-15,Blog
A02017,L0539,Website Visit,2026-04-15,Services Page
A02018,L0571,Website Visit,2026-04-15,Blog
A02019,L0625,Website Visit,2026-04-15,Case Study
A02020,L0629,Email,2026-04-15,No Response
A02021,L0653,Call,2026-04-15,Callback Requested
A02022,L0671,Call,2026-04-15,No Answer
A02023,L0673,Website Visit,2026-04-15,Blog
A02024,L0677,Website Visit,2026-04-15,Services Page
A02025,L0698,Website Visit,2026-04-15,Services Page
A02026,L0728,Website Visit,2026-04-15,Services Page
A02027,L0731,Website Visit,2026-04-15,Contact Page
A02028,L0166,Meeting,2026-04-16,Rescheduled
A02029,L0274,Website Visit,2026-04-16,Case Study
A02030,L0277,Website Visit,2026-04-16,Case Study
A02031,L0309,Website Visit,2026-04-16,Blog
A02032,L0315,Website Visit,2026-04-16,Case Study
A02033,L0328,Call,2026-04-16,Callback Requested
A02034,L0328,Website Visit,2026-04-16,Blog
A02035,L0347,Call,2026-04-16,Callback Requested
A02036,L0388,Call,2026-04-16,Connected
A02037,L0393,Meeting,2026-04-16,Completed
A02038,L0415,Meeting,2026-04-16,Completed
A02039,L0423,Email,2026-04-16,Opened
A02040,L0461,Call,2026-04-16,No Answer
A02041,L0479,Website Visit,2026-04-16,Blog
A02042,L0494,Website Visit,2026-04-16,Services Page
A02043,L0516,Call,2026-04-16,No Answer
A02044,L0533,Website Visit,2026-04-16,Services Page
A02045,L0537,Website Visit,2026-04-16,Case Study
A02046,L0588,Call,2026-04-16,Connected
A02047,L0596,Website Visit,2026-04-16,Blog
A02048,L0609,Call,2026-04-16,Connected
A02049,L0640,Email,2026-04-16,Opened
A02050,L0665,Email,2026-04-16,Opened
A02051,L0677,Website Visit,2026-04-16,Blog
A02052,L0688,Email,2026-04-16,Replied
A02053,L0706,Email,2026-04-16,No Response
A02054,L0708,Email,2026-04-16,Replied
A02055,L0726,Call,2026-04-16,Callback Requested
A02056,L0727,Call,2026-04-16,Connected
A02057,L0116,Meeting,2026-04-17,Completed
A02058,L0128,Website Visit,2026-04-17,Pricing Page
A02059,L0147,Website Visit,2026-04-17,Case Study
A02060,L0163,Call,2026-04-17,No Answer
A02061,L0187,Website Visit,2026-04-17,Services Page
A02062,L0193,Email,2026-04-17,Opened
A02063,L0232,Website Visit,2026-04-17,Pricing Page
A02064,L0272,Meeting,2026-04-17,Completed
A02065,L0293,Call,2026-04-17,No Answer
A02066,L0303,Website Visit,2026-04-17,Contact Page
A02067,L0304,Email,2026-04-17,Opened
A02068,L0325,Call,2026-04-17,No Answer
A02069,L0359,Email,2026-04-17,No Response
A02070,L0360,Call,2026-04-17,Callback Requested
A02071,L0364,Meeting,2026-04-17,Completed
A02072,L0373,Call,2026-04-17,Callback Requested
A02073,L0375,Website Visit,2026-04-17,Pricing Page
A02074,L0403,Website Visit,2026-04-17,Case Study
A02075,L0461,Call,2026-04-17,No Answer
A02076,L0465,Website Visit,2026-04-17,Blog
A02077,L0490,Website Visit,2026-04-17,Services Page
A02078,L0494,Email,2026-04-17,No Response
A02079,L0494,Meeting,2026-04-17,Completed
A02080,L0504,Call,2026-04-17,Voicemail
A02081,L0526,Website Visit,2026-04-17,Services Page
A02082,L0552,Website Visit,2026-04-17,Blog
A02083,L0556,Email,2026-04-17,No Response
A02084,L0557,Call,2026-04-17,Connected
A02085,L0596,Website Visit,2026-04-17,Case Study
A02086,L0620,Meeting,2026-04-17,Completed
A02087,L0655,Call,2026-04-17,No Answer
A02088,L0665,Website Visit,2026-04-17,Pricing Page
A02089,L0668,Call,2026-04-17,No Answer
A02090,L0715,Email,2026-04-17,Opened
A02091,L0731,Call,2026-04-17,Connected
A02092,L0135,Call,2026-04-18,Callback Requested
A02093,L0148,Website Visit,2026-04-18,Case Study
A02094,L0178,Call,2026-04-18,No Answer
A02095,L0201,Website Visit,2026-04-18,Pricing Page
A02096,L0205,Website Visit,2026-04-18,Pricing Page
A02097,L0231,Website Visit,2026-04-18,Services Page
A02098,L0267,Website Visit,2026-04-18,Case Study
A02099,L0280,Website Visit,2026-04-18,Case Study
A02100,L0293,Email,2026-04-18,No Response
A02101,L0318,Website Visit,2026-04-18,Case Study
A02102,L0328,Call,2026-04-18,No Answer
A02103,L0328,Website Visit,2026-04-18,Case Study
A02104,L0335,Email,2026-04-18,Replied
A02105,L0358,Website Visit,2026-04-18,Blog
A02106,L0363,Website Visit,2026-04-18,Blog
A02107,L0399,Website Visit,2026-04-18,Contact Page
A02108,L0415,Call,2026-04-18,Connected
A02109,L0474,Website Visit,2026-04-18,Pricing Page
A02110,L0477,Email,2026-04-18,Opened
A02111,L0478,Meeting,2026-04-18,Completed
A02112,L0503,Website Visit,2026-04-18,Pricing Page
A02113,L0532,Email,2026-04-18,No Response
A02114,L0557,Website Visit,2026-04-18,Case Study
A02115,L0566,Email,2026-04-18,Opened
A02116,L0603,Call,2026-04-18,Voicemail
A02117,L0654,Email,2026-04-18,No Response
A02118,L0689,Call,2026-04-18,No Answer
A02119,L0703,Call,2026-04-18,Callback Requested
A02120,L0708,Website Visit,2026-04-18,Services Page
A02121,L0723,Website Visit,2026-04-18,Blog
A02122,L0743,Call,2026-04-18,Voicemail
A02123,L0758,Website Visit,2026-04-18,Blog
A02124,L0129,Email,2026-04-19,No Response
A02125,L0138,Website Visit,2026-04-19,Contact Page
A02126,L0146,Email,2026-04-19,Opened
A02127,L0204,Call,2026-04-19,No Answer
A02128,L0251,Email,2026-04-19,No Response
A02129,L0298,Website Visit,2026-04-19,Case Study
A02130,L0316,Website Visit,2026-04-19,Services Page
A02131,L0347,Call,2026-04-19,Connected
A02132,L0365,Email,2026-04-19,No Response
A02133,L0368,Website Visit,2026-04-19,Services Page
A02134,L0382,Meeting,2026-04-19,Completed
A02135,L0400,Call,2026-04-19,Callback Requested
A02136,L0436,Email,2026-04-19,No Response
A02137,L0450,Call,2026-04-19,Voicemail
A02138,L0464,Email,2026-04-19,Opened
A02139,L0513,Call,2026-04-19,Connected
A02140,L0557,Website Visit,2026-04-19,Case Study
A02141,L0583,Website Visit,2026-04-19,Blog
A02142,L0614,Call,2026-04-19,Callback Requested
A02143,L0702,Meeting,2026-04-19,Completed
A02144,L0762,Call,2026-04-19,Callback Requested
A02145,L0762,Call,2026-04-19,No Answer
A02146,L0156,Website Visit,2026-04-20,Blog
A02147,L0166,Call,2026-04-20,Voicemail
A02148,L0191,Website Visit,2026-04-20,Case Study
A02149,L0199,Call,2026-04-20,No Answer
A02150,L0289,Email,2026-04-20,Opened
A02151,L0324,Call,2026-04-20,Callback Requested
A02152,L0326,Website Visit,2026-04-20,Contact Page
A02153,L0335,Call,2026-04-20,Connected
A02154,L0339,Call,2026-04-20,Callback Requested
A02155,L0359,Website Visit,2026-04-20,Pricing Page
A02156,L0388,Call,2026-04-20,Voicemail
A02157,L0444,Website Visit,2026-04-20,Pricing Page
A02158,L0445,Email,2026-04-20,Bounced
A02159,L0448,Email,2026-04-20,No Response
A02160,L0483,Website Visit,2026-04-20,Pricing Page
A02161,L0501,Meeting,2026-04-20,Completed
A02162,L0501,Website Visit,2026-04-20,Pricing Page
A02163,L0508,Website Visit,2026-04-20,Case Study
A02164,L0509,Website Visit,2026-04-20,Pricing Page
A02165,L0553,Meeting,2026-04-20,No Show
A02166,L0556,Meeting,2026-04-20,Completed
A02167,L0598,Email,2026-04-20,No Response
A02168,L0603,Website Visit,2026-04-20,Pricing Page
A02169,L0616,Email,2026-04-20,No Response
A02170,L0620,Call,2026-04-20,No Answer
A02171,L0647,Email,2026-04-20,Opened
A02172,L0662,Call,2026-04-20,Callback Requested
A02173,L0711,Website Visit,2026-04-20,Case Study
A02174,L0716,Website Visit,2026-04-20,Services Page
A02175,L0728,Website Visit,2026-04-20,Blog
A02176,L0749,Email,2026-04-20,Opened
A02177,L0771,Website Visit,2026-04-20,Contact Page
A02178,L0775,Meeting,2026-04-20,Rescheduled
A02179,L0166,Email,2026-04-21,No Response
A02180,L0176,Meeting,2026-04-21,No Show
A02181,L0186,Email,2026-04-21,Opened
A02182,L0195,Call,2026-04-21,Connected
A02183,L0235,Call,2026-04-21,Connected
A02184,L0239,Website Visit,2026-04-21,Pricing Page
A02185,L0243,Call,2026-04-21,Callback Requested
A02186,L0254,Website Visit,2026-04-21,Services Page
A02187,L0262,Call,2026-04-21,No Answer
A02188,L0310,Email,2026-04-21,Replied
A02189,L0310,Email,2026-04-21,Opened
A02190,L0342,Website Visit,2026-04-21,Contact Page
A02191,L0343,Website Visit,2026-04-21,Blog
A02192,L0351,Website Visit,2026-04-21,Blog
A02193,L0400,Website Visit,2026-04-21,Case Study
A02194,L0410,Call,2026-04-21,Callback Requested
A02195,L0450,Website Visit,2026-04-21,Contact Page
A02196,L0458,Call,2026-04-21,No Answer
A02197,L0458,Email,2026-04-21,Replied
A02198,L0479,Call,2026-04-21,No Answer
A02199,L0532,Meeting,2026-04-21,Completed
A02200,L0539,Website Visit,2026-04-21,Case Study
A02201,L0553,Email,2026-04-21,No Response
A02202,L0566,Website Visit,2026-04-21,Blog
A02203,L0610,Email,2026-04-21,Opened
A02204,L0611,Meeting,2026-04-21,Completed
A02205,L0616,Meeting,2026-04-21,Completed
A02206,L0626,Call,2026-04-21,Connected
A02207,L0641,Call,2026-04-21,Connected
A02208,L0646,Call,2026-04-21,No Answer
A02209,L0648,Email,2026-04-21,No Response
A02210,L0683,Call,2026-04-21,Voicemail
A02211,L0688,Call,2026-04-21,Callback Requested
A02212,L0708,Email,2026-04-21,No Response
A02213,L0721,Website Visit,2026-04-21,Services Page
A02214,L0773,Website Visit,2026-04-21,Contact Page
A02215,L0168,Website Visit,2026-04-22,Blog
A02216,L0172,Call,2026-04-22,Connected
A02217,L0183,Email,2026-04-22,Replied
A02218,L0250,Meeting,2026-04-22,Completed
A02219,L0262,Call,2026-04-22,Connected
A02220,L0344,Call,2026-04-22,Connected
A02221,L0351,Email,2026-04-22,No Response
A02222,L0362,Email,2026-04-22,Replied
A02223,L0384,Call,2026-04-22,Voicemail
A02224,L0404,Meeting,2026-04-22,Rescheduled
A02225,L0432,Website Visit,2026-04-22,Blog
A02226,L0445,Meeting,2026-04-22,Completed
A02227,L0453,Website Visit,2026-04-22,Blog
A02228,L0458,Meeting,2026-04-22,Completed
A02229,L0458,Website Visit,2026-04-22,Case Study
A02230,L0465,Email,2026-04-22,No Response
A02231,L0486,Website Visit,2026-04-22,Blog
A02232,L0495,Meeting,2026-04-22,Completed
A02233,L0497,Call,2026-04-22,Callback Requested
A02234,L0514,Call,2026-04-22,Connected
A02235,L0514,Meeting,2026-04-22,Completed
A02236,L0576,Call,2026-04-22,Connected
A02237,L0579,Website Visit,2026-04-22,Contact Page
A02238,L0585,Call,2026-04-22,Connected
A02239,L0591,Call,2026-04-22,Connected
A02240,L0594,Email,2026-04-22,No Response
A02241,L0611,Call,2026-04-22,Connected
A02242,L0611,Meeting,2026-04-22,No Show
A02243,L0642,Email,2026-04-22,Replied
A02244,L0653,Website Visit,2026-04-22,Contact Page
A02245,L0662,Email,2026-04-22,Replied
A02246,L0662,Website Visit,2026-04-22,Case Study
A02247,L0669,Email,2026-04-22,No Response
A02248,L0698,Website Visit,2026-04-22,Services Page
A02249,L0705,Website Visit,2026-04-22,Services Page
A02250,L0706,Call,2026-04-22,No Answer
A02251,L0735,Website Visit,2026-04-22,Case Study
A02252,L0749,Call,2026-04-22,No Answer
A02253,L0750,Website Visit,2026-04-22,Contact Page
A02254,L0765,Call,2026-04-22,Connected
A02255,L0765,Email,2026-04-22,Replied
A02256,L0782,Call,2026-04-22,Connected
A02257,L0784,Call,2026-04-22,Connected
A02258,L0792,Call,2026-04-22,No Answer
A02259,L0163,Website Visit,2026-04-23,Case Study
A02260,L0176,Email,2026-04-23,No Response
A02261,L0199,Email,2026-04-23,Opened
A02262,L0215,Email,2026-04-23,No Response
A02263,L0224,Call,2026-04-23,Connected
A02264,L0227,Meeting,2026-04-23,Completed
A02265,L0231,Website Visit,2026-04-23,Case Study
A02266,L0241,Call,2026-04-23,No Answer
A02267,L0261,Website Visit,2026-04-23,Pricing Page
A02268,L0295,Email,2026-04-23,Replied
A02269,L0352,Call,2026-04-23,Connected
A02270,L0363,Call,2026-04-23,Connected
A02271,L0363,Meeting,2026-04-23,No Show
A02272,L0371,Email,2026-04-23,Replied
A02273,L0393,Email,2026-04-23,No Response
A02274,L0396,Call,2026-04-23,No Answer
A02275,L0397,Call,2026-04-23,No Answer
A02276,L0429,Call,2026-04-23,Voicemail
A02277,L0438,Call,2026-04-23,Connected
A02278,L0485,Call,2026-04-23,No Answer
A02279,L0487,Email,2026-04-23,Opened
A02280,L0501,Meeting,2026-04-23,Completed
A02281,L0502,Website Visit,2026-04-23,Services Page
A02282,L0573,Call,2026-04-23,No Answer
A02283,L0602,Call,2026-04-23,No Answer
A02284,L0610,Email,2026-04-23,Bounced
A02285,L0641,Email,2026-04-23,No Response
A02286,L0653,Email,2026-04-23,Opened
A02287,L0708,Meeting,2026-04-23,Completed
A02288,L0774,Website Visit,2026-04-23,Pricing Page
A02289,L0778,Website Visit,2026-04-23,Pricing Page
A02290,L0166,Meeting,2026-04-24,Completed
A02291,L0168,Meeting,2026-04-24,Completed
A02292,L0168,Website Visit,2026-04-24,Case Study
A02293,L0215,Call,2026-04-24,No Answer
A02294,L0219,Website Visit,2026-04-24,Case Study
A02295,L0238,Website Visit,2026-04-24,Pricing Page
A02296,L0277,Meeting,2026-04-24,Completed
A02297,L0288,Call,2026-04-24,Connected
A02298,L0311,Website Visit,2026-04-24,Pricing Page
A02299,L0362,Website Visit,2026-04-24,Blog
A02300,L0383,Email,2026-04-24,Opened
A02301,L0414,Website Visit,2026-04-24,Blog
A02302,L0449,Call,2026-04-24,Connected
A02303,L0487,Website Visit,2026-04-24,Contact Page
A02304,L0514,Website Visit,2026-04-24,Case Study
A02305,L0520,Website Visit,2026-04-24,Blog
A02306,L0521,Email,2026-04-24,No Response
A02307,L0532,Call,2026-04-24,No Answer
A02308,L0556,Email,2026-04-24,Replied
A02309,L0557,Meeting,2026-04-24,Completed
A02310,L0574,Website Visit,2026-04-24,Case Study
A02311,L0584,Call,2026-04-24,No Answer
A02312,L0589,Email,2026-04-24,Bounced
A02313,L0622,Meeting,2026-04-24,Completed
A02314,L0628,Website Visit,2026-04-24,Blog
A02315,L0668,Meeting,2026-04-24,Completed
A02316,L0670,Website Visit,2026-04-24,Case Study
A02317,L0682,Website Visit,2026-04-24,Pricing Page
A02318,L0743,Website Visit,2026-04-24,Contact Page
A02319,L0793,Call,2026-04-24,Connected
A02320,L0800,Email,2026-04-24,Bounced
A02321,L0170,Website Visit,2026-04-25,Blog
A02322,L0208,Email,2026-04-25,Opened
A02323,L0275,Call,2026-04-25,Connected
A02324,L0377,Call,2026-04-25,No Answer
A02325,L0415,Website Visit,2026-04-25,Case Study
A02326,L0417,Call,2026-04-25,Connected
A02327,L0419,Call,2026-04-25,Connected
A02328,L0421,Website Visit,2026-04-25,Case Study
A02329,L0447,Website Visit,2026-04-25,Pricing Page
A02330,L0471,Website Visit,2026-04-25,Pricing Page
A02331,L0472,Email,2026-04-25,No Response
A02332,L0503,Email,2026-04-25,Opened
A02333,L0520,Website Visit,2026-04-25,Services Page
A02334,L0533,Email,2026-04-25,No Response
A02335,L0589,Email,2026-04-25,Bounced
A02336,L0589,Website Visit,2026-04-25,Blog
A02337,L0592,Website Visit,2026-04-25,Pricing Page
A02338,L0595,Meeting,2026-04-25,Completed
A02339,L0637,Call,2026-04-25,Callback Requested
A02340,L0671,Email,2026-04-25,No Response
A02341,L0679,Email,2026-04-25,Opened
A02342,L0694,Website Visit,2026-04-25,Pricing Page
A02343,L0695,Website Visit,2026-04-25,Blog
A02344,L0724,Website Visit,2026-04-25,Blog
A02345,L0727,Email,2026-04-25,Replied
A02346,L0727,Website Visit,2026-04-25,Blog
A02347,L0745,Email,2026-04-25,No Response
A02348,L0745,Email,2026-04-25,Opened
A02349,L0762,Email,2026-04-25,Replied
A02350,L0771,Call,2026-04-25,Callback Requested
A02351,L0771,Email,2026-04-25,No Response
A02352,L0773,Call,2026-04-25,Connected
A02353,L0784,Email,2026-04-25,Opened
A02354,L0189,Call,2026-04-26,No Answer
A02355,L0216,Website Visit,2026-04-26,Services Page
A02356,L0242,Call,2026-04-26,Callback Requested
A02357,L0245,Email,2026-04-26,Opened
A02358,L0324,Call,2026-04-26,Voicemail
A02359,L0335,Meeting,2026-04-26,Completed
A02360,L0361,Website Visit,2026-04-26,Blog
A02361,L0364,Website Visit,2026-04-26,Case Study
A02362,L0370,Email,2026-04-26,Bounced
A02363,L0423,Call,2026-04-26,Callback Requested
A02364,L0426,Website Visit,2026-04-26,Services Page
A02365,L0437,Email,2026-04-26,Opened
A02366,L0465,Call,2026-04-26,Connected
A02367,L0472,Call,2026-04-26,No Answer
A02368,L0481,Website Visit,2026-04-26,Services Page
A02369,L0495,Website Visit,2026-04-26,Blog
A02370,L0566,Website Visit,2026-04-26,Pricing Page
A02371,L0637,Website Visit,2026-04-26,Pricing Page
A02372,L0647,Meeting,2026-04-26,Completed
A02373,L0659,Call,2026-04-26,Callback Requested
A02374,L0660,Email,2026-04-26,Opened
A02375,L0715,Meeting,2026-04-26,Completed
A02376,L0723,Call,2026-04-26,No Answer
A02377,L0735,Email,2026-04-26,Opened
A02378,L0744,Call,2026-04-26,No Answer
A02379,L0769,Website Visit,2026-04-26,Services Page
A02380,L0773,Call,2026-04-26,Connected
A02381,L0785,Website Visit,2026-04-26,Pricing Page
A02382,L0815,Email,2026-04-26,Bounced
A02383,L0816,Call,2026-04-26,Not Interested
A02384,L0204,Meeting,2026-04-27,Completed
A02385,L0232,Website Visit,2026-04-27,Contact Page
A02386,L0240,Website Visit,2026-04-27,Services Page
A02387,L0250,Website Visit,2026-04-27,Case Study
A02388,L0269,Website Visit,2026-04-27,Services Page
A02389,L0271,Website Visit,2026-04-27,Contact Page
A02390,L0277,Meeting,2026-04-27,No Show
A02391,L0289,Call,2026-04-27,Connected
A02392,L0293,Meeting,2026-04-27,Completed
A02393,L0298,Website Visit,2026-04-27,Blog
A02394,L0309,Call,2026-04-27,Connected
A02395,L0314,Call,2026-04-27,Not Interested
A02396,L0337,Email,2026-04-27,Bounced
A02397,L0337,Website Visit,2026-04-27,Blog
A02398,L0346,Email,2026-04-27,Opened
A02399,L0355,Call,2026-04-27,Voicemail
A02400,L0382,Call,2026-04-27,Connected
A02401,L0389,Email,2026-04-27,Replied
A02402,L0399,Website Visit,2026-04-27,Services Page
A02403,L0401,Call,2026-04-27,Voicemail
A02404,L0402,Call,2026-04-27,Connected
A02405,L0413,Website Visit,2026-04-27,Contact Page
A02406,L0415,Website Visit,2026-04-27,Blog
A02407,L0467,Website Visit,2026-04-27,Case Study
A02408,L0471,Call,2026-04-27,No Answer
A02409,L0471,Website Visit,2026-04-27,Services Page
A02410,L0483,Website Visit,2026-04-27,Pricing Page
A02411,L0497,Email,2026-04-27,Replied
A02412,L0528,Call,2026-04-27,No Answer
A02413,L0537,Meeting,2026-04-27,No Show
A02414,L0564,Website Visit,2026-04-27,Services Page
A02415,L0568,Website Visit,2026-04-27,Services Page
A02416,L0585,Website Visit,2026-04-27,Case Study
A02417,L0589,Meeting,2026-04-27,No Show
A02418,L0592,Call,2026-04-27,No Answer
A02419,L0623,Call,2026-04-27,Connected
A02420,L0637,Email,2026-04-27,Opened
A02421,L0650,Call,2026-04-27,Connected
A02422,L0651,Call,2026-04-27,Callback Requested
A02423,L0655,Website Visit,2026-04-27,Pricing Page
A02424,L0673,Call,2026-04-27,No Answer
A02425,L0691,Email,2026-04-27,No Response
A02426,L0693,Email,2026-04-27,Opened
A02427,L0696,Email,2026-04-27,Opened
A02428,L0723,Call,2026-04-27,No Answer
A02429,L0739,Email,2026-04-27,Opened
A02430,L0740,Call,2026-04-27,No Answer
A02431,L0769,Email,2026-04-27,Bounced
A02432,L0779,Call,2026-04-27,Connected
A02433,L0780,Website Visit,2026-04-27,Pricing Page
A02434,L0816,Meeting,2026-04-27,Rescheduled
A02435,L0818,Meeting,2026-04-27,Completed
A02436,L0202,Email,2026-04-28,No Response
A02437,L0257,Call,2026-04-28,Connected
A02438,L0275,Website Visit,2026-04-28,Services Page
A02439,L0284,Call,2026-04-28,Callback Requested
A02440,L0301,Email,2026-04-28,Opened
A02441,L0316,Email,2026-04-28,Replied
A02442,L0316,Website Visit,2026-04-28,Blog
A02443,L0337,Website Visit,2026-04-28,Blog
A02444,L0375,Website Visit,2026-04-28,Services Page
A02445,L0376,Website Visit,2026-04-28,Pricing Page
A02446,L0379,Website Visit,2026-04-28,Case Study
A02447,L0436,Call,2026-04-28,Connected
A02448,L0473,Call,2026-04-28,No Answer
A02449,L0505,Email,2026-04-28,No Response
A02450,L0507,Call,2026-04-28,Connected
A02451,L0534,Call,2026-04-28,No Answer
A02452,L0591,Website Visit,2026-04-28,Services Page
A02453,L0607,Email,2026-04-28,No Response
A02454,L0612,Call,2026-04-28,Voicemail
A02455,L0653,Website Visit,2026-04-28,Blog
A02456,L0702,Website Visit,2026-04-28,Case Study
A02457,L0723,Meeting,2026-04-28,Completed
A02458,L0756,Website Visit,2026-04-28,Case Study
A02459,L0782,Website Visit,2026-04-28,Contact Page
A02460,L0785,Website Visit,2026-04-28,Contact Page
A02461,L0204,Email,2026-04-29,Opened
A02462,L0277,Website Visit,2026-04-29,Blog
A02463,L0319,Call,2026-04-29,Connected
A02464,L0330,Call,2026-04-29,Voicemail
A02465,L0337,Website Visit,2026-04-29,Services Page
A02466,L0357,Call,2026-04-29,Connected
A02467,L0395,Call,2026-04-29,Voicemail
A02468,L0441,Call,2026-04-29,Not Interested
A02469,L0465,Call,2026-04-29,Voicemail
A02470,L0465,Email,2026-04-29,Opened
A02471,L0480,Call,2026-04-29,No Answer
A02472,L0482,Website Visit,2026-04-29,Case Study
A02473,L0483,Meeting,2026-04-29,Completed
A02474,L0487,Website Visit,2026-04-29,Contact Page
A02475,L0487,Website Visit,2026-04-29,Blog
A02476,L0501,Email,2026-04-29,No Response
A02477,L0513,Call,2026-04-29,Callback Requested
A02478,L0517,Website Visit,2026-04-29,Blog
A02479,L0518,Website Visit,2026-04-29,Pricing Page
A02480,L0522,Website Visit,2026-04-29,Services Page
A02481,L0523,Email,2026-04-29,No Response
A02482,L0532,Website Visit,2026-04-29,Blog
A02483,L0657,Call,2026-04-29,Not Interested
A02484,L0676,Website Visit,2026-04-29,Pricing Page
A02485,L0679,Call,2026-04-29,Connected
A02486,L0709,Website Visit,2026-04-29,Services Page
A02487,L0711,Email,2026-04-29,No Response
A02488,L0745,Website Visit,2026-04-29,Case Study
A02489,L0775,Website Visit,2026-04-29,Services Page
A02490,L0812,Website Visit,2026-04-29,Services Page
A02491,L0813,Meeting,2026-04-29,Completed
A02492,L0818,Call,2026-04-29,Callback Requested
A02493,L0821,Call,2026-04-29,Callback Requested
A02494,L0826,Meeting,2026-04-29,Completed
A02495,L0832,Website Visit,2026-04-29,Services Page
A02496,L0218,Website Visit,2026-04-30,Services Page
A02497,L0220,Email,2026-04-30,No Response
A02498,L0231,Email,2026-04-30,No Response
A02499,L0233,Website Visit,2026-04-30,Services Page
A02500,L0252,Call,2026-04-30,No Answer
A02501,L0276,Call,2026-04-30,Callback Requested
A02502,L0285,Call,2026-04-30,Callback Requested
A02503,L0302,Call,2026-04-30,Connected
A02504,L0303,Call,2026-04-30,Connected
A02505,L0316,Email,2026-04-30,Replied
A02506,L0320,Email,2026-04-30,Opened
A02507,L0322,Website Visit,2026-04-30,Services Page
A02508,L0349,Call,2026-04-30,Callback Requested
A02509,L0357,Meeting,2026-04-30,Completed
A02510,L0386,Website Visit,2026-04-30,Pricing Page
A02511,L0403,Call,2026-04-30,Callback Requested
A02512,L0406,Call,2026-04-30,No Answer
A02513,L0432,Website Visit,2026-04-30,Blog
A02514,L0442,Website Visit,2026-04-30,Services Page
A02515,L0485,Email,2026-04-30,Replied
A02516,L0487,Email,2026-04-30,Replied
A02517,L0511,Call,2026-04-30,Callback Requested
A02518,L0526,Website Visit,2026-04-30,Services Page
A02519,L0553,Email,2026-04-30,No Response
A02520,L0591,Website Visit,2026-04-30,Pricing Page
A02521,L0602,Website Visit,2026-04-30,Blog
A02522,L0607,Email,2026-04-30,No Response
A02523,L0611,Email,2026-04-30,Replied
A02524,L0631,Call,2026-04-30,Callback Requested
A02525,L0641,Meeting,2026-04-30,Rescheduled
A02526,L0642,Website Visit,2026-04-30,Services Page
A02527,L0661,Call,2026-04-30,Connected
A02528,L0667,Website Visit,2026-04-30,Services Page
A02529,L0698,Website Visit,2026-04-30,Services Page
A02530,L0719,Email,2026-04-30,Opened
A02531,L0723,Email,2026-04-30,No Response
A02532,L0726,Website Visit,2026-04-30,Blog
A02533,L0735,Call,2026-04-30,Connected
A02534,L0774,Call,2026-04-30,Voicemail
A02535,L0792,Call,2026-04-30,Voicemail
A02536,L0801,Email,2026-04-30,Opened
A02537,L0818,Email,2026-04-30,Opened
A02538,L0818,Email,2026-04-30,No Response
A02539,L0825,Website Visit,2026-04-30,Pricing Page
A02540,L0228,Website Visit,2026-05-01,Contact Page
A02541,L0258,Email,2026-05-01,Replied
A02542,L0294,Website Visit,2026-05-01,Services Page
A02543,L0303,Website Visit,2026-05-01,Blog
A02544,L0310,Call,2026-05-01,Connected
A02545,L0310,Meeting,2026-05-01,Completed
A02546,L0317,Call,2026-05-01,No Answer
A02547,L0317,Email,2026-05-01,No Response
A02548,L0317,Meeting,2026-05-01,Completed
A02549,L0320,Call,2026-05-01,No Answer
A02550,L0335,Website Visit,2026-05-01,Contact Page
A02551,L0345,Meeting,2026-05-01,Completed
A02552,L0372,Website Visit,2026-05-01,Blog
A02553,L0383,Website Visit,2026-05-01,Blog
A02554,L0414,Call,2026-05-01,Callback Requested
A02555,L0426,Call,2026-05-01,No Answer
A02556,L0440,Website Visit,2026-05-01,Contact Page
A02557,L0441,Call,2026-05-01,No Answer
A02558,L0458,Meeting,2026-05-01,Completed
A02559,L0495,Email,2026-05-01,Opened
A02560,L0511,Website Visit,2026-05-01,Services Page
A02561,L0521,Call,2026-05-01,Connected
A02562,L0526,Call,2026-05-01,Callback Requested
A02563,L0557,Meeting,2026-05-01,Completed
A02564,L0569,Call,2026-05-01,No Answer
A02565,L0607,Email,2026-05-01,Replied
A02566,L0611,Meeting,2026-05-01,Completed
A02567,L0633,Call,2026-05-01,Connected
A02568,L0653,Meeting,2026-05-01,Completed
A02569,L0659,Email,2026-05-01,Opened
A02570,L0665,Meeting,2026-05-01,Completed
A02571,L0698,Website Visit,2026-05-01,Pricing Page
A02572,L0735,Website Visit,2026-05-01,Case Study
A02573,L0739,Website Visit,2026-05-01,Pricing Page
A02574,L0767,Call,2026-05-01,No Answer
A02575,L0770,Website Visit,2026-05-01,Services Page
A02576,L0785,Website Visit,2026-05-01,Case Study
A02577,L0813,Call,2026-05-01,No Answer
A02578,L0832,Website Visit,2026-05-01,Case Study
A02579,L0839,Email,2026-05-01,Opened
A02580,L0238,Call,2026-05-02,Connected
A02581,L0238,Website Visit,2026-05-02,Pricing Page
A02582,L0244,Email,2026-05-02,Opened
A02583,L0266,Call,2026-05-02,Callback Requested
A02584,L0292,Website Visit,2026-05-02,Services Page
A02585,L0296,Website Visit,2026-05-02,Services Page
A02586,L0301,Website Visit,2026-05-02,Case Study
A02587,L0316,Meeting,2026-05-02,Completed
A02588,L0320,Meeting,2026-05-02,No Show
A02589,L0331,Website Visit,2026-05-02,Blog
A02590,L0333,Call,2026-05-02,Connected
A02591,L0335,Email,2026-05-02,Replied
A02592,L0356,Website Visit,2026-05-02,Services Page
A02593,L0357,Call,2026-05-02,Callback Requested
A02594,L0373,Email,2026-05-02,Opened
A02595,L0382,Meeting,2026-05-02,Completed
A02596,L0386,Email,2026-05-02,Replied
A02597,L0401,Website Visit,2026-05-02,Services Page
A02598,L0413,Meeting,2026-05-02,Completed
A02599,L0431,Call,2026-05-02,Callback Requested
A02600,L0477,Website Visit,2026-05-02,Case Study
A02601,L0483,Call,2026-05-02,No Answer
A02602,L0497,Meeting,2026-05-02,Completed
A02603,L0569,Website Visit,2026-05-02,Pricing Page
A02604,L0574,Call,2026-05-02,Connected
A02605,L0578,Call,2026-05-02,Connected
A02606,L0607,Call,2026-05-02,Connected
A02607,L0612,Website Visit,2026-05-02,Blog
A02608,L0652,Call,2026-05-02,No Answer
A02609,L0653,Website Visit,2026-05-02,Services Page
A02610,L0665,Website Visit,2026-05-02,Case Study
A02611,L0686,Call,2026-05-02,No Answer
A02612,L0686,Email,2026-05-02,No Response
A02613,L0707,Website Visit,2026-05-02,Pricing Page
A02614,L0708,Call,2026-05-02,Connected
A02615,L0715,Website Visit,2026-05-02,Case Study
A02616,L0741,Website Visit,2026-05-02,Services Page
A02617,L0758,Call,2026-05-02,Connected
A02618,L0758,Meeting,2026-05-02,Completed
A02619,L0760,Call,2026-05-02,Connected
A02620,L0769,Email,2026-05-02,No Response
A02621,L0772,Call,2026-05-02,Connected
A02622,L0774,Call,2026-05-02,Connected
A02623,L0778,Call,2026-05-02,Connected
A02624,L0801,Website Visit,2026-05-02,Services Page
A02625,L0818,Meeting,2026-05-02,Rescheduled
A02626,L0858,Email,2026-05-02,No Response
A02627,L0230,Call,2026-05-03,Callback Requested
A02628,L0231,Email,2026-05-03,Replied
A02629,L0256,Call,2026-05-03,Voicemail
A02630,L0279,Website Visit,2026-05-03,Pricing Page
A02631,L0286,Call,2026-05-03,Not Interested
A02632,L0314,Email,2026-05-03,Bounced
A02633,L0352,Email,2026-05-03,Opened
A02634,L0353,Email,2026-05-03,Replied
A02635,L0404,Website Visit,2026-05-03,Contact Page
A02636,L0413,Call,2026-05-03,Connected
A02637,L0414,Email,2026-05-03,No Response
A02638,L0414,Email,2026-05-03,No Response
A02639,L0432,Meeting,2026-05-03,Completed
A02640,L0438,Website Visit,2026-05-03,Case Study
A02641,L0478,Call,2026-05-03,Connected
A02642,L0478,Website Visit,2026-05-03,Services Page
A02643,L0499,Website Visit,2026-05-03,Contact Page
A02644,L0503,Website Visit,2026-05-03,Services Page
A02645,L0506,Call,2026-05-03,Connected
A02646,L0548,Website Visit,2026-05-03,Case Study
A02647,L0570,Call,2026-05-03,Connected
A02648,L0574,Website Visit,2026-05-03,Services Page
A02649,L0577,Website Visit,2026-05-03,Blog
A02650,L0588,Call,2026-05-03,No Answer
A02651,L0671,Website Visit,2026-05-03,Blog
A02652,L0741,Email,2026-05-03,No Response
A02653,L0775,Email,2026-05-03,No Response
A02654,L0780,Website Visit,2026-05-03,Blog
A02655,L0792,Call,2026-05-03,No Answer
A02656,L0799,Website Visit,2026-05-03,Blog
A02657,L0805,Call,2026-05-03,No Answer
A02658,L0812,Email,2026-05-03,Replied
A02659,L0813,Website Visit,2026-05-03,Services Page
A02660,L0850,Email,2026-05-03,Opened
A02661,L0856,Website Visit,2026-05-03,Case Study
A02662,L0865,Call,2026-05-03,Connected
A02663,L0301,Website Visit,2026-05-04,Services Page
A02664,L0304,Email,2026-05-04,Opened
A02665,L0309,Meeting,2026-05-04,Completed
A02666,L0310,Website Visit,2026-05-04,Contact Page
A02667,L0316,Call,2026-05-04,Connected
A02668,L0326,Call,2026-05-04,Voicemail
A02669,L0335,Call,2026-05-04,No Answer
A02670,L0354,Website Visit,2026-05-04,Blog
A02671,L0359,Call,2026-05-04,No Answer
A02672,L0371,Website Visit,2026-05-04,Pricing Page
A02673,L0413,Meeting,2026-05-04,Completed
A02674,L0428,Call,2026-05-04,Voicemail
A02675,L0432,Email,2026-05-04,Replied
A02676,L0455,Call,2026-05-04,Voicemail
A02677,L0487,Website Visit,2026-05-04,Contact Page
A02678,L0491,Email,2026-05-04,Opened
A02679,L0497,Website Visit,2026-05-04,Pricing Page
A02680,L0515,Website Visit,2026-05-04,Case Study
A02681,L0518,Website Visit,2026-05-04,Pricing Page
A02682,L0588,Website Visit,2026-05-04,Blog
A02683,L0595,Meeting,2026-05-04,Completed
A02684,L0598,Call,2026-05-04,Voicemail
A02685,L0610,Meeting,2026-05-04,Completed
A02686,L0634,Call,2026-05-04,No Answer
A02687,L0642,Call,2026-05-04,No Answer
A02688,L0654,Website Visit,2026-05-04,Services Page
A02689,L0659,Website Visit,2026-05-04,Case Study
A02690,L0667,Call,2026-05-04,Callback Requested
A02691,L0671,Call,2026-05-04,No Answer
A02692,L0677,Call,2026-05-04,No Answer
A02693,L0699,Website Visit,2026-05-04,Contact Page
A02694,L0707,Email,2026-05-04,Replied
A02695,L0710,Email,2026-05-04,Bounced
A02696,L0714,Website Visit,2026-05-04,Services Page
A02697,L0749,Website Visit,2026-05-04,Case Study
A02698,L0767,Email,2026-05-04,No Response
A02699,L0768,Call,2026-05-04,No Answer
A02700,L0783,Call,2026-05-04,Callback Requested
A02701,L0826,Email,2026-05-04,No Response
A02702,L0853,Email,2026-05-04,No Response
A02703,L0859,Website Visit,2026-05-04,Blog
A02704,L0861,Website Visit,2026-05-04,Case Study
A02705,L0233,Email,2026-05-05,Replied
A02706,L0280,Call,2026-05-05,Callback Requested
A02707,L0292,Website Visit,2026-05-05,Case Study
A02708,L0303,Call,2026-05-05,Connected
A02709,L0310,Website Visit,2026-05-05,Blog
A02710,L0312,Call,2026-05-05,Voicemail
A02711,L0315,Email,2026-05-05,Opened
A02712,L0315,Website Visit,2026-05-05,Contact Page
A02713,L0320,Website Visit,2026-05-05,Services Page
A02714,L0340,Website Visit,2026-05-05,Case Study
A02715,L0345,Email,2026-05-05,Replied
A02716,L0351,Call,2026-05-05,No Answer
A02717,L0365,Website Visit,2026-05-05,Pricing Page
A02718,L0373,Website Visit,2026-05-05,Case Study
A02719,L0400,Email,2026-05-05,No Response
A02720,L0414,Website Visit,2026-05-05,Contact Page
A02721,L0429,Meeting,2026-05-05,Completed
A02722,L0445,Call,2026-05-05,No Answer
A02723,L0497,Website Visit,2026-05-05,Case Study
A02724,L0505,Website Visit,2026-05-05,Blog
A02725,L0516,Website Visit,2026-05-05,Contact Page
A02726,L0550,Email,2026-05-05,Replied
A02727,L0558,Website Visit,2026-05-05,Services Page
A02728,L0559,Email,2026-05-05,No Response
A02729,L0592,Email,2026-05-05,Opened
A02730,L0594,Website Visit,2026-05-05,Services Page
A02731,L0599,Email,2026-05-05,No Response
A02732,L0607,Call,2026-05-05,Callback Requested
A02733,L0609,Call,2026-05-05,Connected
A02734,L0626,Call,2026-05-05,Callback Requested
A02735,L0668,Email,2026-05-05,Opened
A02736,L0677,Call,2026-05-05,Callback Requested
A02737,L0692,Call,2026-05-05,No Answer
A02738,L0724,Website Visit,2026-05-05,Blog
A02739,L0746,Website Visit,2026-05-05,Blog
A02740,L0768,Website Visit,2026-05-05,Case Study
A02741,L0813,Email,2026-05-05,No Response
A02742,L0821,Email,2026-05-05,Opened
A02743,L0850,Email,2026-05-05,Opened
A02744,L0851,Call,2026-05-05,No Answer
A02745,L0855,Website Visit,2026-05-05,Services Page
A02746,L0861,Website Visit,2026-05-05,Pricing Page
A02747,L0870,Call,2026-05-05,Connected
A02748,L0872,Email,2026-05-05,No Response
A02749,L0244,Call,2026-05-06,Voicemail
A02750,L0346,Website Visit,2026-05-06,Services Page
A02751,L0355,Call,2026-05-06,Callback Requested
A02752,L0368,Website Visit,2026-05-06,Contact Page
A02753,L0371,Website Visit,2026-05-06,Blog
A02754,L0382,Website Visit,2026-05-06,Pricing Page
A02755,L0383,Meeting,2026-05-06,Completed
A02756,L0384,Call,2026-05-06,Connected
A02757,L0386,Meeting,2026-05-06,Completed
A02758,L0403,Call,2026-05-06,Not Interested
A02759,L0431,Email,2026-05-06,No Response
A02760,L0435,Website Visit,2026-05-06,Case Study
A02761,L0454,Email,2026-05-06,No Response
A02762,L0512,Call,2026-05-06,Connected
A02763,L0520,Email,2026-05-06,Replied
A02764,L0530,Website Visit,2026-05-06,Services Page
A02765,L0534,Email,2026-05-06,No Response
A02766,L0534,Website Visit,2026-05-06,Case Study
A02767,L0557,Website Visit,2026-05-06,Case Study
A02768,L0582,Call,2026-05-06,Connected
A02769,L0622,Meeting,2026-05-06,Completed
A02770,L0647,Email,2026-05-06,Opened
A02771,L0653,Website Visit,2026-05-06,Case Study
A02772,L0683,Email,2026-05-06,Bounced
A02773,L0697,Call,2026-05-06,Connected
A02774,L0714,Call,2026-05-06,No Answer
A02775,L0719,Website Visit,2026-05-06,Case Study
A02776,L0726,Email,2026-05-06,No Response
A02777,L0733,Call,2026-05-06,No Answer
A02778,L0736,Website Visit,2026-05-06,Blog
A02779,L0771,Call,2026-05-06,Callback Requested
A02780,L0785,Website Visit,2026-05-06,Case Study
A02781,L0830,Website Visit,2026-05-06,Pricing Page
A02782,L0839,Website Visit,2026-05-06,Pricing Page
A02783,L0869,Email,2026-05-06,No Response
A02784,L0872,Call,2026-05-06,Connected
A02785,L0877,Website Visit,2026-05-06,Blog
A02786,L0247,Email,2026-05-07,No Response
A02787,L0266,Email,2026-05-07,Opened
A02788,L0301,Call,2026-05-07,Connected
A02789,L0316,Email,2026-05-07,Replied
A02790,L0367,Call,2026-05-07,Connected
A02791,L0381,Call,2026-05-07,No Answer
A02792,L0418,Call,2026-05-07,Not Interested
A02793,L0429,Email,2026-05-07,Opened
A02794,L0432,Website Visit,2026-05-07,Contact Page
A02795,L0457,Email,2026-05-07,No Response
A02796,L0473,Website Visit,2026-05-07,Pricing Page
A02797,L0497,Website Visit,2026-05-07,Pricing Page
A02798,L0503,Call,2026-05-07,No Answer
A02799,L0506,Call,2026-05-07,Connected
A02800,L0506,Meeting,2026-05-07,Completed
A02801,L0511,Website Visit,2026-05-07,Services Page
A02802,L0512,Email,2026-05-07,Replied
A02803,L0559,Call,2026-05-07,Voicemail
A02804,L0589,Call,2026-05-07,Connected
A02805,L0589,Email,2026-05-07,No Response
A02806,L0589,Website Visit,2026-05-07,Blog
A02807,L0613,Email,2026-05-07,No Response
A02808,L0662,Website Visit,2026-05-07,Services Page
A02809,L0679,Email,2026-05-07,No Response
A02810,L0690,Website Visit,2026-05-07,Services Page
A02811,L0726,Website Visit,2026-05-07,Contact Page
A02812,L0728,Call,2026-05-07,Connected
A02813,L0732,Call,2026-05-07,Voicemail
A02814,L0768,Call,2026-05-07,Voicemail
A02815,L0782,Call,2026-05-07,No Answer
A02816,L0785,Meeting,2026-05-07,Completed
A02817,L0794,Website Visit,2026-05-07,Services Page
A02818,L0813,Website Visit,2026-05-07,Case Study
A02819,L0828,Website Visit,2026-05-07,Services Page
A02820,L0835,Website Visit,2026-05-07,Services Page
A02821,L0850,Website Visit,2026-05-07,Case Study
A02822,L0856,Website Visit,2026-05-07,Case Study
A02823,L0857,Call,2026-05-07,No Answer
A02824,L0861,Call,2026-05-07,Callback Requested
A02825,L0864,Email,2026-05-07,Replied
A02826,L0894,Email,2026-05-07,Opened
A02827,L0287,Website Visit,2026-05-08,Blog
A02828,L0289,Website Visit,2026-05-08,Services Page
A02829,L0323,Website Visit,2026-05-08,Services Page
A02830,L0383,Website Visit,2026-05-08,Case Study
A02831,L0385,Website Visit,2026-05-08,Services Page
A02832,L0394,Website Visit,2026-05-08,Blog
A02833,L0416,Meeting,2026-05-08,Rescheduled
A02834,L0426,Meeting,2026-05-08,Completed
A02835,L0465,Call,2026-05-08,Voicemail
A02836,L0547,Call,2026-05-08,Connected
A02837,L0550,Call,2026-05-08,Connected
A02838,L0565,Website Visit,2026-05-08,Pricing Page
A02839,L0601,Email,2026-05-08,Replied
A02840,L0610,Website Visit,2026-05-08,Services Page
A02841,L0613,Website Visit,2026-05-08,Case Study
A02842,L0629,Call,2026-05-08,Voicemail
A02843,L0665,Website Visit,2026-05-08,Pricing Page
A02844,L0671,Call,2026-05-08,Connected
A02845,L0682,Website Visit,2026-05-08,Services Page
A02846,L0684,Call,2026-05-08,Callback Requested
A02847,L0687,Call,2026-05-08,Callback Requested
A02848,L0695,Call,2026-05-08,Connected
A02849,L0708,Website Visit,2026-05-08,Pricing Page
A02850,L0709,Call,2026-05-08,Connected
A02851,L0763,Call,2026-05-08,Connected
A02852,L0769,Call,2026-05-08,Connected
A02853,L0773,Email,2026-05-08,Replied
A02854,L0788,Email,2026-05-08,No Response
A02855,L0813,Email,2026-05-08,Opened
A02856,L0851,Website Visit,2026-05-08,Pricing Page
A02857,L0868,Email,2026-05-08,No Response
A02858,L0869,Email,2026-05-08,No Response
A02859,L0884,Call,2026-05-08,No Answer
A02860,L0901,Call,2026-05-08,Connected
A02861,L0266,Call,2026-05-09,Voicemail
A02862,L0310,Email,2026-05-09,No Response
A02863,L0373,Meeting,2026-05-09,Completed
A02864,L0379,Call,2026-05-09,No Answer
A02865,L0379,Email,2026-05-09,Opened
A02866,L0382,Website Visit,2026-05-09,Case Study
A02867,L0399,Email,2026-05-09,No Response
A02868,L0409,Website Visit,2026-05-09,Blog
A02869,L0445,Call,2026-05-09,No Answer
A02870,L0479,Email,2026-05-09,Replied
A02871,L0511,Website Visit,2026-05-09,Pricing Page
A02872,L0525,Website Visit,2026-05-09,Contact Page
A02873,L0538,Call,2026-05-09,Connected
A02874,L0541,Website Visit,2026-05-09,Blog
A02875,L0546,Email,2026-05-09,No Response
A02876,L0550,Website Visit,2026-05-09,Contact Page
A02877,L0569,Website Visit,2026-05-09,Case Study
A02878,L0589,Email,2026-05-09,Opened
A02879,L0607,Email,2026-05-09,No Response
A02880,L0638,Call,2026-05-09,Callback Requested
A02881,L0653,Meeting,2026-05-09,Completed
A02882,L0658,Website Visit,2026-05-09,Services Page
A02883,L0699,Call,2026-05-09,Connected
A02884,L0702,Call,2026-05-09,Callback Requested
A02885,L0712,Call,2026-05-09,Callback Requested
A02886,L0725,Call,2026-05-09,No Answer
A02887,L0727,Email,2026-05-09,Opened
A02888,L0758,Call,2026-05-09,Connected
A02889,L0764,Call,2026-05-09,Voicemail
A02890,L0765,Call,2026-05-09,Connected
A02891,L0784,Website Visit,2026-05-09,Services Page
A02892,L0816,Call,2026-05-09,Connected
A02893,L0831,Website Visit,2026-05-09,Services Page
A02894,L0859,Website Visit,2026-05-09,Blog
A02895,L0868,Meeting,2026-05-09,Completed
A02896,L0912,Website Visit,2026-05-09,Pricing Page
A02897,L0913,Meeting,2026-05-09,Completed
A02898,L0274,Website Visit,2026-05-10,Blog
A02899,L0292,Website Visit,2026-05-10,Contact Page
A02900,L0293,Meeting,2026-05-10,Completed
A02901,L0293,Website Visit,2026-05-10,Blog
A02902,L0304,Meeting,2026-05-10,Completed
A02903,L0309,Call,2026-05-10,Connected
A02904,L0314,Email,2026-05-10,Bounced
A02905,L0354,Website Visit,2026-05-10,Services Page
A02906,L0364,Meeting,2026-05-10,Completed
A02907,L0369,Call,2026-05-10,No Answer
A02908,L0399,Call,2026-05-10,No Answer
A02909,L0415,Website Visit,2026-05-10,Services Page
A02910,L0418,Email,2026-05-10,No Response
A02911,L0429,Website Visit,2026-05-10,Blog
A02912,L0430,Call,2026-05-10,No Answer
A02913,L0477,Website Visit,2026-05-10,Pricing Page
A02914,L0479,Meeting,2026-05-10,Completed
A02915,L0495,Meeting,2026-05-10,Completed
A02916,L0512,Website Visit,2026-05-10,Blog
A02917,L0514,Email,2026-05-10,Replied
A02918,L0534,Meeting,2026-05-10,Completed
A02919,L0536,Website Visit,2026-05-10,Pricing Page
A02920,L0557,Email,2026-05-10,No Response
A02921,L0558,Call,2026-05-10,Connected
A02922,L0564,Call,2026-05-10,No Answer
A02923,L0618,Website Visit,2026-05-10,Services Page
A02924,L0622,Email,2026-05-10,Replied
A02925,L0622,Website Visit,2026-05-10,Pricing Page
A02926,L0626,Call,2026-05-10,Callback Requested
A02927,L0653,Call,2026-05-10,Connected
A02928,L0657,Email,2026-05-10,No Response
A02929,L0673,Call,2026-05-10,No Answer
A02930,L0682,Meeting,2026-05-10,Completed
A02931,L0683,Website Visit,2026-05-10,Pricing Page
A02932,L0692,Call,2026-05-10,Connected
A02933,L0693,Call,2026-05-10,Connected
A02934,L0769,Call,2026-05-10,No Answer
A02935,L0782,Meeting,2026-05-10,Completed
A02936,L0782,Website Visit,2026-05-10,Blog
A02937,L0801,Website Visit,2026-05-10,Services Page
A02938,L0811,Call,2026-05-10,Callback Requested
A02939,L0848,Email,2026-05-10,No Response
A02940,L0864,Call,2026-05-10,Connected
A02941,L0874,Call,2026-05-10,No Answer
A02942,L0874,Email,2026-05-10,Replied
A02943,L0889,Email,2026-05-10,No Response
A02944,L0304,Website Visit,2026-05-11,Blog
A02945,L0308,Call,2026-05-11,No Answer
A02946,L0310,Call,2026-05-11,Connected
A02947,L0319,Email,2026-05-11,No Response
A02948,L0335,Website Visit,2026-05-11,Pricing Page
A02949,L0369,Email,2026-05-11,Opened
A02950,L0382,Email,2026-05-11,Replied
A02951,L0415,Email,2026-05-11,Replied
A02952,L0443,Email,2026-05-11,Opened
A02953,L0533,Email,2026-05-11,Bounced
A02954,L0535,Email,2026-05-11,Opened
A02955,L0544,Website Visit,2026-05-11,Services Page
A02956,L0548,Website Visit,2026-05-11,Case Study
A02957,L0558,Call,2026-05-11,Connected
A02958,L0558,Meeting,2026-05-11,Completed
A02959,L0566,Email,2026-05-11,Opened
A02960,L0570,Call,2026-05-11,Connected
A02961,L0578,Call,2026-05-11,No Answer
A02962,L0582,Call,2026-05-11,No Answer
A02963,L0662,Meeting,2026-05-11,Completed
A02964,L0663,Website Visit,2026-05-11,Case Study
A02965,L0673,Email,2026-05-11,Replied
A02966,L0699,Call,2026-05-11,No Answer
A02967,L0699,Meeting,2026-05-11,Completed
A02968,L0712,Email,2026-05-11,Opened
A02969,L0774,Email,2026-05-11,Replied
A02970,L0777,Call,2026-05-11,No Answer
A02971,L0854,Email,2026-05-11,No Response
A02972,L0894,Website Visit,2026-05-11,Services Page
A02973,L0903,Website Visit,2026-05-11,Contact Page
A02974,L0309,Website Visit,2026-05-12,Services Page
A02975,L0316,Email,2026-05-12,Opened
A02976,L0321,Meeting,2026-05-12,Completed
A02977,L0342,Email,2026-05-12,No Response
A02978,L0349,Email,2026-05-12,Opened
A02979,L0371,Meeting,2026-05-12,No Show
A02980,L0375,Meeting,2026-05-12,Rescheduled
A02981,L0415,Meeting,2026-05-12,Rescheduled
A02982,L0416,Website Visit,2026-05-12,Services Page
A02983,L0465,Meeting,2026-05-12,Completed
A02984,L0466,Call,2026-05-12,Callback Requested
A02985,L0495,Website Visit,2026-05-12,Pricing Page
A02986,L0501,Website Visit,2026-05-12,Contact Page
A02987,L0516,Call,2026-05-12,Connected
A02988,L0518,Call,2026-05-12,No Answer
A02989,L0533,Website Visit,2026-05-12,Services Page
A02990,L0539,Website Visit,2026-05-12,Pricing Page
A02991,L0544,Call,2026-05-12,Callback Requested
A02992,L0548,Meeting,2026-05-12,Completed
A02993,L0556,Email,2026-05-12,Opened
A02994,L0582,Email,2026-05-12,Bounced
A02995,L0601,Email,2026-05-12,Opened
A02996,L0671,Website Visit,2026-05-12,Services Page
A02997,L0702,Email,2026-05-12,No Response
A02998,L0704,Call,2026-05-12,Voicemail
A02999,L0711,Call,2026-05-12,Callback Requested
A03000,L0745,Meeting,2026-05-12,Completed
A03001,L0777,Website Visit,2026-05-12,Services Page
A03002,L0780,Call,2026-05-12,Connected
A03003,L0780,Email,2026-05-12,Opened
A03004,L0799,Call,2026-05-12,Connected
A03005,L0811,Meeting,2026-05-12,Completed
A03006,L0824,Call,2026-05-12,No Answer
A03007,L0848,Website Visit,2026-05-12,Case Study
A03008,L0859,Call,2026-05-12,No Answer
A03009,L0885,Website Visit,2026-05-12,Contact Page
A03010,L0905,Email,2026-05-12,Replied
A03011,L0913,Website Visit,2026-05-12,Services Page
A03012,L0285,Website Visit,2026-05-13,Services Page
A03013,L0293,Call,2026-05-13,Connected
A03014,L0304,Website Visit,2026-05-13,Services Page
A03015,L0312,Email,2026-05-13,No Response
A03016,L0342,Call,2026-05-13,No Answer
A03017,L0349,Website Visit,2026-05-13,Services Page
A03018,L0353,Website Visit,2026-05-13,Contact Page
A03019,L0370,Call,2026-05-13,No Answer
A03020,L0432,Call,2026-05-13,Connected
A03021,L0467,Call,2026-05-13,Not Interested
A03022,L0493,Website Visit,2026-05-13,Case Study
A03023,L0506,Meeting,2026-05-13,Rescheduled
A03024,L0537,Call,2026-05-13,Connected
A03025,L0541,Call,2026-05-13,Connected
A03026,L0577,Website Visit,2026-05-13,Services Page
A03027,L0622,Email,2026-05-13,Replied
A03028,L0626,Meeting,2026-05-13,Completed
A03029,L0647,Website Visit,2026-05-13,Services Page
A03030,L0665,Call,2026-05-13,Connected
A03031,L0667,Email,2026-05-13,Opened
A03032,L0678,Website Visit,2026-05-13,Services Page
A03033,L0688,Email,2026-05-13,Replied
A03034,L0707,Email,2026-05-13,No Response
A03035,L0726,Website Visit,2026-05-13,Contact Page
A03036,L0747,Email,2026-05-13,No Response
A03037,L0748,Call,2026-05-13,No Answer
A03038,L0749,Meeting,2026-05-13,Completed
A03039,L0756,Call,2026-05-13,Connected
A03040,L0778,Email,2026-05-13,Opened
A03041,L0802,Call,2026-05-13,Connected
A03042,L0849,Website Visit,2026-05-13,Services Page
A03043,L0899,Website Visit,2026-05-13,Pricing Page
A03044,L0908,Website Visit,2026-05-13,Contact Page
A03045,L0915,Call,2026-05-13,No Answer
A03046,L0289,Email,2026-05-14,No Response
A03047,L0312,Website Visit,2026-05-14,Blog
A03048,L0315,Email,2026-05-14,Replied
A03049,L0316,Website Visit,2026-05-14,Blog
A03050,L0318,Call,2026-05-14,Callback Requested
A03051,L0340,Email,2026-05-14,No Response
A03052,L0342,Email,2026-05-14,Replied
A03053,L0382,Website Visit,2026-05-14,Blog
A03054,L0386,Call,2026-05-14,Connected
A03055,L0432,Meeting,2026-05-14,Completed
A03056,L0437,Meeting,2026-05-14,Completed
A03057,L0448,Website Visit,2026-05-14,Services Page
A03058,L0450,Call,2026-05-14,Voicemail
A03059,L0480,Call,2026-05-14,Connected
A03060,L0499,Website Visit,2026-05-14,Blog
A03061,L0511,Call,2026-05-14,Connected
A03062,L0532,Email,2026-05-14,Opened
A03063,L0554,Call,2026-05-14,No Answer
A03064,L0585,Email,2026-05-14,Opened
A03065,L0592,Call,2026-05-14,Callback Requested
A03066,L0609,Email,2026-05-14,No Response
A03067,L0665,Email,2026-05-14,Opened
A03068,L0674,Call,2026-05-14,Connected
A03069,L0688,Email,2026-05-14,Replied
A03070,L0690,Website Visit,2026-05-14,Blog
A03071,L0696,Call,2026-05-14,No Answer
A03072,L0698,Website Visit,2026-05-14,Services Page
A03073,L0701,Call,2026-05-14,Connected
A03074,L0778,Call,2026-05-14,Connected
A03075,L0780,Meeting,2026-05-14,No Show
A03076,L0793,Email,2026-05-14,No Response
A03077,L0793,Website Visit,2026-05-14,Blog
A03078,L0813,Email,2026-05-14,Opened
A03079,L0823,Website Visit,2026-05-14,Case Study
A03080,L0843,Website Visit,2026-05-14,Blog
A03081,L0848,Website Visit,2026-05-14,Case Study
A03082,L0860,Call,2026-05-14,No Answer
A03083,L0861,Meeting,2026-05-14,Completed
A03084,L0862,Email,2026-05-14,No Response
A03085,L0885,Website Visit,2026-05-14,Pricing Page
A03086,L0889,Email,2026-05-14,No Response
A03087,L0900,Call,2026-05-14,Connected
A03088,L0901,Email,2026-05-14,Replied
A03089,L0926,Call,2026-05-14,Voicemail
A03090,L0934,Website Visit,2026-05-14,Contact Page
A03091,L0286,Email,2026-05-15,Replied
A03092,L0303,Email,2026-05-15,No Response
A03093,L0312,Meeting,2026-05-15,No Show
A03094,L0316,Meeting,2026-05-15,Completed
A03095,L0316,Website Visit,2026-05-15,Services Page
A03096,L0317,Website Visit,2026-05-15,Blog
A03097,L0319,Website Visit,2026-05-15,Contact Page
A03098,L0328,Email,2026-05-15,Replied
A03099,L0331,Website Visit,2026-05-15,Contact Page
A03100,L0334,Call,2026-05-15,Callback Requested
A03101,L0340,Email,2026-05-15,Replied
A03102,L0375,Call,2026-05-15,No Answer
A03103,L0387,Call,2026-05-15,Connected
A03104,L0399,Website Visit,2026-05-15,Services Page
A03105,L0400,Email,2026-05-15,Replied
A03106,L0437,Meeting,2026-05-15,Completed
A03107,L0459,Email,2026-05-15,Opened
A03108,L0503,Call,2026-05-15,Connected
A03109,L0516,Website Visit,2026-05-15,Blog
A03110,L0553,Website Visit,2026-05-15,Contact Page
A03111,L0562,Website Visit,2026-05-15,Pricing Page
A03112,L0609,Email,2026-05-15,No Response
A03113,L0613,Call,2026-05-15,Voicemail
A03114,L0623,Email,2026-05-15,Replied
A03115,L0641,Email,2026-05-15,No Response
A03116,L0646,Website Visit,2026-05-15,Blog
A03117,L0662,Email,2026-05-15,Opened
A03118,L0683,Email,2026-05-15,No Response
A03119,L0726,Meeting,2026-05-15,Completed
A03120,L0732,Call,2026-05-15,No Answer
A03121,L0741,Call,2026-05-15,Callback Requested
A03122,L0775,Email,2026-05-15,Opened
A03123,L0782,Website Visit,2026-05-15,Case Study
A03124,L0800,Website Visit,2026-05-15,Pricing Page
A03125,L0811,Email,2026-05-15,No Response
A03126,L0852,Call,2026-05-15,No Answer
A03127,L0859,Website Visit,2026-05-15,Case Study
A03128,L0915,Website Visit,2026-05-15,Blog
A03129,L0941,Website Visit,2026-05-15,Blog
A03130,L0942,Call,2026-05-15,Connected
A03131,L0945,Call,2026-05-15,Connected
A03132,L0304,Call,2026-05-16,Callback Requested
A03133,L0320,Website Visit,2026-05-16,Services Page
A03134,L0360,Call,2026-05-16,Callback Requested
A03135,L0368,Email,2026-05-16,Replied
A03136,L0370,Website Visit,2026-05-16,Services Page
A03137,L0375,Website Visit,2026-05-16,Blog
A03138,L0379,Call,2026-05-16,Connected
A03139,L0391,Call,2026-05-16,Callback Requested
A03140,L0412,Call,2026-05-16,No Answer
A03141,L0421,Website Visit,2026-05-16,Pricing Page
A03142,L0436,Website Visit,2026-05-16,Contact Page
A03143,L0460,Email,2026-05-16,Replied
A03144,L0466,Call,2026-05-16,Connected
A03145,L0480,Website Visit,2026-05-16,Pricing Page
A03146,L0498,Call,2026-05-16,Voicemail
A03147,L0511,Email,2026-05-16,Opened
A03148,L0525,Email,2026-05-16,No Response
A03149,L0556,Email,2026-05-16,No Response
A03150,L0566,Email,2026-05-16,Replied
A03151,L0566,Email,2026-05-16,No Response
A03152,L0569,Website Visit,2026-05-16,Blog
A03153,L0574,Meeting,2026-05-16,Completed
A03154,L0577,Meeting,2026-05-16,Completed
A03155,L0590,Website Visit,2026-05-16,Case Study
A03156,L0600,Call,2026-05-16,Callback Requested
A03157,L0628,Website Visit,2026-05-16,Pricing Page
A03158,L0647,Call,2026-05-16,Voicemail
A03159,L0678,Website Visit,2026-05-16,Case Study
A03160,L0691,Call,2026-05-16,Callback Requested
A03161,L0705,Website Visit,2026-05-16,Case Study
A03162,L0709,Meeting,2026-05-16,Completed
A03163,L0716,Email,2026-05-16,Opened
A03164,L0717,Website Visit,2026-05-16,Pricing Page
A03165,L0731,Website Visit,2026-05-16,Case Study
A03166,L0740,Email,2026-05-16,Replied
A03167,L0795,Call,2026-05-16,Connected
A03168,L0799,Email,2026-05-16,Opened
A03169,L0840,Website Visit,2026-05-16,Contact Page
A03170,L0850,Call,2026-05-16,Voicemail
A03171,L0857,Website Visit,2026-05-16,Pricing Page
A03172,L0889,Website Visit,2026-05-16,Pricing Page
A03173,L0901,Call,2026-05-16,Voicemail
A03174,L0928,Call,2026-05-16,No Answer
A03175,L0934,Call,2026-05-16,Connected
A03176,L0937,Website Visit,2026-05-16,Contact Page
A03177,L0965,Email,2026-05-16,Replied
A03178,L0312,Website Visit,2026-05-17,Services Page
A03179,L0314,Call,2026-05-17,Callback Requested
A03180,L0354,Website Visit,2026-05-17,Services Page
A03181,L0362,Call,2026-05-17,No Answer
A03182,L0373,Call,2026-05-17,Connected
A03183,L0373,Email,2026-05-17,Replied
A03184,L0375,Email,2026-05-17,No Response
A03185,L0384,Website Visit,2026-05-17,Contact Page
A03186,L0390,Email,2026-05-17,Opened
A03187,L0401,Email,2026-05-17,No Response
A03188,L0428,Call,2026-05-17,Connected
A03189,L0474,Email,2026-05-17,Opened
A03190,L0477,Call,2026-05-17,Voicemail
A03191,L0480,Email,2026-05-17,No Response
A03192,L0523,Call,2026-05-17,Connected
A03193,L0542,Email,2026-05-17,Bounced
A03194,L0556,Website Visit,2026-05-17,Services Page
A03195,L0566,Call,2026-05-17,No Answer
A03196,L0574,Email,2026-05-17,No Response
A03197,L0593,Call,2026-05-17,No Answer
A03198,L0602,Website Visit,2026-05-17,Services Page
A03199,L0610,Website Visit,2026-05-17,Services Page
A03200,L0616,Meeting,2026-05-17,Completed
A03201,L0626,Website Visit,2026-05-17,Contact Page
A03202,L0641,Email,2026-05-17,Opened
A03203,L0678,Call,2026-05-17,Connected
A03204,L0715,Meeting,2026-05-17,Completed
A03205,L0739,Email,2026-05-17,No Response
A03206,L0745,Call,2026-05-17,Voicemail
A03207,L0745,Call,2026-05-17,No Answer
A03208,L0755,Website Visit,2026-05-17,Blog
A03209,L0814,Meeting,2026-05-17,Completed
A03210,L0818,Website Visit,2026-05-17,Services Page
A03211,L0821,Website Visit,2026-05-17,Case Study
A03212,L0846,Call,2026-05-17,No Answer
A03213,L0871,Meeting,2026-05-17,Completed
A03214,L0880,Call,2026-05-17,Callback Requested
A03215,L0889,Website Visit,2026-05-17,Contact Page
A03216,L0895,Website Visit,2026-05-17,Case Study
A03217,L0919,Call,2026-05-17,No Answer
A03218,L0934,Email,2026-05-17,No Response
A03219,L0954,Meeting,2026-05-17,Completed
A03220,L0301,Email,2026-05-18,Opened
A03221,L0321,Call,2026-05-18,Connected
A03222,L0328,Email,2026-05-18,Opened
A03223,L0335,Meeting,2026-05-18,Completed
A03224,L0341,Website Visit,2026-05-18,Pricing Page
A03225,L0364,Call,2026-05-18,Connected
A03226,L0386,Email,2026-05-18,Replied
A03227,L0413,Email,2026-05-18,No Response
A03228,L0420,Email,2026-05-18,Bounced
A03229,L0433,Call,2026-05-18,No Answer
A03230,L0465,Website Visit,2026-05-18,Contact Page
A03231,L0472,Meeting,2026-05-18,Completed
A03232,L0494,Website Visit,2026-05-18,Pricing Page
A03233,L0513,Website Visit,2026-05-18,Contact Page
A03234,L0536,Call,2026-05-18,No Answer
A03235,L0557,Call,2026-05-18,Connected
A03236,L0565,Website Visit,2026-05-18,Case Study
A03237,L0569,Email,2026-05-18,Opened
A03238,L0611,Call,2026-05-18,Connected
A03239,L0627,Website Visit,2026-05-18,Case Study
A03240,L0654,Website Visit,2026-05-18,Case Study
A03241,L0656,Website Visit,2026-05-18,Services Page
A03242,L0671,Website Visit,2026-05-18,Case Study
A03243,L0673,Call,2026-05-18,Callback Requested
A03244,L0688,Website Visit,2026-05-18,Contact Page
A03245,L0702,Email,2026-05-18,No Response
A03246,L0711,Website Visit,2026-05-18,Blog
A03247,L0732,Call,2026-05-18,Voicemail
A03248,L0752,Email,2026-05-18,Replied
A03249,L0771,Meeting,2026-05-18,Completed
A03250,L0814,Website Visit,2026-05-18,Blog
A03251,L0862,Call,2026-05-18,Connected
A03252,L0889,Email,2026-05-18,No Response
A03253,L0911,Website Visit,2026-05-18,Blog
A03254,L0913,Call,2026-05-18,Connected
A03255,L0923,Email,2026-05-18,Bounced
A03256,L0974,Website Visit,2026-05-18,Blog
A03257,L0312,Email,2026-05-19,Opened
A03258,L0319,Email,2026-05-19,No Response
A03259,L0320,Call,2026-05-19,Voicemail
A03260,L0322,Call,2026-05-19,Callback Requested
A03261,L0349,Call,2026-05-19,Connected
A03262,L0367,Website Visit,2026-05-19,Blog
A03263,L0377,Email,2026-05-19,Opened
A03264,L0382,Call,2026-05-19,Voicemail
A03265,L0393,Website Visit,2026-05-19,Services Page
A03266,L0428,Email,2026-05-19,Opened
A03267,L0459,Call,2026-05-19,No Answer
A03268,L0544,Website Visit,2026-05-19,Case Study
A03269,L0576,Email,2026-05-19,Opened
A03270,L0590,Website Visit,2026-05-19,Services Page
A03271,L0610,Website Visit,2026-05-19,Contact Page
A03272,L0611,Call,2026-05-19,Callback Requested
A03273,L0611,Email,2026-05-19,Replied
A03274,L0637,Call,2026-05-19,Not Interested
A03275,L0695,Call,2026-05-19,Connected
A03276,L0742,Website Visit,2026-05-19,Case Study
A03277,L0765,Meeting,2026-05-19,Completed
A03278,L0846,Website Visit,2026-05-19,Case Study
A03279,L0858,Call,2026-05-19,No Answer
A03280,L0860,Website Visit,2026-05-19,Services Page
A03281,L0861,Email,2026-05-19,Opened
A03282,L0902,Meeting,2026-05-19,Completed
A03283,L0954,Email,2026-05-19,Bounced
A03284,L0955,Email,2026-05-19,No Response
A03285,L0988,Website Visit,2026-05-19,Contact Page
A03286,L0323,Email,2026-05-20,Replied
A03287,L0373,Email,2026-05-20,Opened
A03288,L0384,Email,2026-05-20,Replied
A03289,L0394,Email,2026-05-20,Opened
A03290,L0399,Website Visit,2026-05-20,Blog
A03291,L0405,Website Visit,2026-05-20,Blog
A03292,L0414,Website Visit,2026-05-20,Pricing Page
A03293,L0443,Call,2026-05-20,Callback Requested
A03294,L0453,Email,2026-05-20,Replied
A03295,L0473,Email,2026-05-20,No Response
A03296,L0477,Call,2026-05-20,Connected
A03297,L0478,Call,2026-05-20,Connected
A03298,L0483,Website Visit,2026-05-20,Services Page
A03299,L0497,Call,2026-05-20,Connected
A03300,L0520,Call,2026-05-20,Not Interested
A03301,L0543,Website Visit,2026-05-20,Case Study
A03302,L0556,Call,2026-05-20,Voicemail
A03303,L0557,Email,2026-05-20,No Response
A03304,L0557,Meeting,2026-05-20,Completed
A03305,L0561,Website Visit,2026-05-20,Blog
A03306,L0570,Email,2026-05-20,No Response
A03307,L0574,Meeting,2026-05-20,Completed
A03308,L0609,Call,2026-05-20,No Answer
A03309,L0616,Website Visit,2026-05-20,Blog
A03310,L0619,Website Visit,2026-05-20,Pricing Page
A03311,L0647,Call,2026-05-20,Connected
A03312,L0654,Meeting,2026-05-20,Completed
A03313,L0658,Email,2026-05-20,No Response
A03314,L0715,Call,2026-05-20,Callback Requested
A03315,L0719,Call,2026-05-20,No Answer
A03316,L0725,Call,2026-05-20,Callback Requested
A03317,L0727,Website Visit,2026-05-20,Pricing Page
A03318,L0739,Website Visit,2026-05-20,Services Page
A03319,L0763,Website Visit,2026-05-20,Services Page
A03320,L0826,Email,2026-05-20,Opened
A03321,L0846,Call,2026-05-20,Callback Requested
A03322,L0851,Call,2026-05-20,No Answer
A03323,L0860,Meeting,2026-05-20,Completed
A03324,L0885,Call,2026-05-20,Connected
A03325,L0894,Website Visit,2026-05-20,Case Study
A03326,L0923,Email,2026-05-20,No Response
A03327,L0962,Website Visit,2026-05-20,Services Page
A03328,L0983,Email,2026-05-20,Replied
A03329,L0342,Website Visit,2026-05-21,Services Page
A03330,L0363,Email,2026-05-21,Replied
A03331,L0364,Email,2026-05-21,Opened
A03332,L0400,Call,2026-05-21,No Answer
A03333,L0404,Website Visit,2026-05-21,Blog
A03334,L0409,Call,2026-05-21,Connected
A03335,L0426,Call,2026-05-21,Voicemail
A03336,L0449,Website Visit,2026-05-21,Pricing Page
A03337,L0501,Email,2026-05-21,No Response
A03338,L0517,Email,2026-05-21,Replied
A03339,L0544,Email,2026-05-21,Opened
A03340,L0557,Email,2026-05-21,No Response
A03341,L0559,Email,2026-05-21,Bounced
A03342,L0560,Call,2026-05-21,Not Interested
A03343,L0598,Call,2026-05-21,Callback Requested
A03344,L0626,Email,2026-05-21,Opened
A03345,L0681,Call,2026-05-21,Callback Requested
A03346,L0683,Website Visit,2026-05-21,Pricing Page
A03347,L0692,Email,2026-05-21,Opened
A03348,L0704,Call,2026-05-21,Not Interested
A03349,L0730,Website Visit,2026-05-21,Services Page
A03350,L0771,Meeting,2026-05-21,Rescheduled
A03351,L0811,Website Visit,2026-05-21,Contact Page
A03352,L0831,Website Visit,2026-05-21,Contact Page
A03353,L0854,Website Visit,2026-05-21,Case Study
A03354,L0859,Email,2026-05-21,No Response
A03355,L0868,Email,2026-05-21,No Response
A03356,L0873,Website Visit,2026-05-21,Blog
A03357,L0884,Call,2026-05-21,Connected
A03358,L0889,Email,2026-05-21,Replied
A03359,L0913,Email,2026-05-21,Replied
A03360,L0942,Meeting,2026-05-21,Completed
A03361,L0965,Call,2026-05-21,Voicemail
A03362,L0965,Call,2026-05-21,Connected
A03363,L0996,Website Visit,2026-05-21,Services Page
A03364,L0389,Email,2026-05-22,Replied
A03365,L0390,Call,2026-05-22,Connected
A03366,L0400,Website Visit,2026-05-22,Services Page
A03367,L0415,Email,2026-05-22,Opened
A03368,L0425,Call,2026-05-22,Callback Requested
A03369,L0433,Website Visit,2026-05-22,Services Page
A03370,L0450,Meeting,2026-05-22,Completed
A03371,L0453,Call,2026-05-22,Connected
A03372,L0509,Website Visit,2026-05-22,Services Page
A03373,L0514,Meeting,2026-05-22,Completed
A03374,L0525,Website Visit,2026-05-22,Contact Page
A03375,L0527,Website Visit,2026-05-22,Contact Page
A03376,L0541,Call,2026-05-22,No Answer
A03377,L0577,Call,2026-05-22,No Answer
A03378,L0599,Website Visit,2026-05-22,Services Page
A03379,L0607,Meeting,2026-05-22,Completed
A03380,L0616,Email,2026-05-22,No Response
A03381,L0620,Call,2026-05-22,Voicemail
A03382,L0671,Meeting,2026-05-22,Rescheduled
A03383,L0717,Website Visit,2026-05-22,Case Study
A03384,L0749,Website Visit,2026-05-22,Blog
A03385,L0750,Email,2026-05-22,Opened
A03386,L0751,Website Visit,2026-05-22,Contact Page
A03387,L0775,Website Visit,2026-05-22,Services Page
A03388,L0782,Meeting,2026-05-22,Completed
A03389,L0785,Call,2026-05-22,Connected
A03390,L0788,Call,2026-05-22,Voicemail
A03391,L0792,Website Visit,2026-05-22,Services Page
A03392,L0796,Call,2026-05-22,No Answer
A03393,L0797,Call,2026-05-22,Voicemail
A03394,L0825,Website Visit,2026-05-22,Pricing Page
A03395,L0836,Email,2026-05-22,Opened
A03396,L0848,Call,2026-05-22,Connected
A03397,L0848,Email,2026-05-22,Bounced
A03398,L0854,Meeting,2026-05-22,Completed
A03399,L0860,Email,2026-05-22,No Response
A03400,L0862,Website Visit,2026-05-22,Contact Page
A03401,L0868,Website Visit,2026-05-22,Pricing Page
A03402,L0883,Call,2026-05-22,Connected
A03403,L0890,Email,2026-05-22,Opened
A03404,L0902,Website Visit,2026-05-22,Blog
A03405,L0934,Website Visit,2026-05-22,Blog
A03406,L0951,Website Visit,2026-05-22,Blog
A03407,L0989,Email,2026-05-22,Replied
A03408,L1003,Website Visit,2026-05-22,Contact Page
A03409,L0335,Email,2026-05-23,Opened
A03410,L0353,Website Visit,2026-05-23,Pricing Page
A03411,L0354,Call,2026-05-23,Connected
A03412,L0361,Email,2026-05-23,No Response
A03413,L0384,Call,2026-05-23,Connected
A03414,L0422,Email,2026-05-23,Opened
A03415,L0437,Call,2026-05-23,No Answer
A03416,L0437,Meeting,2026-05-23,Completed
A03417,L0445,Meeting,2026-05-23,Completed
A03418,L0472,Website Visit,2026-05-23,Case Study
A03419,L0480,Website Visit,2026-05-23,Contact Page
A03420,L0497,Meeting,2026-05-23,Completed
A03421,L0498,Meeting,2026-05-23,Rescheduled
A03422,L0510,Call,2026-05-23,Connected
A03423,L0558,Email,2026-05-23,Replied
A03424,L0566,Meeting,2026-05-23,Completed
A03425,L0574,Email,2026-05-23,Opened
A03426,L0574,Meeting,2026-05-23,Completed
A03427,L0600,Call,2026-05-23,No Answer
A03428,L0613,Call,2026-05-23,Connected
A03429,L0620,Meeting,2026-05-23,Completed
A03430,L0630,Website Visit,2026-05-23,Pricing Page
A03431,L0631,Email,2026-05-23,Bounced
A03432,L0636,Call,2026-05-23,Connected
A03433,L0646,Meeting,2026-05-23,Completed
A03434,L0657,Call,2026-05-23,No Answer
A03435,L0664,Call,2026-05-23,Connected
A03436,L0677,Meeting,2026-05-23,Completed
A03437,L0683,Email,2026-05-23,Replied
A03438,L0707,Website Visit,2026-05-23,Pricing Page
A03439,L0712,Website Visit,2026-05-23,Pricing Page
A03440,L0726,Call,2026-05-23,Connected
A03441,L0746,Email,2026-05-23,Replied
A03442,L0780,Meeting,2026-05-23,Completed
A03443,L0782,Call,2026-05-23,No Answer
A03444,L0791,Call,2026-05-23,Voicemail
A03445,L0826,Call,2026-05-23,Voicemail
A03446,L0826,Website Visit,2026-05-23,Blog
A03447,L0854,Website Visit,2026-05-23,Pricing Page
A03448,L0859,Email,2026-05-23,Replied
A03449,L0874,Call,2026-05-23,Not Interested
A03450,L0937,Meeting,2026-05-23,Completed
A03451,L0945,Email,2026-05-23,No Response
A03452,L0945,Meeting,2026-05-23,Completed
A03453,L0965,Website Visit,2026-05-23,Services Page
A03454,L0966,Call,2026-05-23,Callback Requested
A03455,L0992,Call,2026-05-23,Connected
A03456,L1009,Call,2026-05-23,No Answer
A03457,L1011,Meeting,2026-05-23,Rescheduled
A03458,L0340,Meeting,2026-05-24,Completed
A03459,L0351,Email,2026-05-24,No Response
A03460,L0363,Call,2026-05-24,Voicemail
A03461,L0365,Call,2026-05-24,Callback Requested
A03462,L0370,Email,2026-05-24,Opened
A03463,L0383,Email,2026-05-24,No Response
A03464,L0423,Website Visit,2026-05-24,Pricing Page
A03465,L0447,Website Visit,2026-05-24,Services Page
A03466,L0448,Website Visit,2026-05-24,Blog
A03467,L0460,Website Visit,2026-05-24,Case Study
A03468,L0501,Call,2026-05-24,Connected
A03469,L0569,Website Visit,2026-05-24,Blog
A03470,L0613,Website Visit,2026-05-24,Pricing Page
A03471,L0638,Website Visit,2026-05-24,Case Study
A03472,L0653,Email,2026-05-24,Opened
A03473,L0661,Call,2026-05-24,Callback Requested
A03474,L0664,Website Visit,2026-05-24,Services Page
A03475,L0665,Call,2026-05-24,No Answer
A03476,L0671,Website Visit,2026-05-24,Services Page
A03477,L0709,Call,2026-05-24,No Answer
A03478,L0714,Email,2026-05-24,Opened
A03479,L0723,Website Visit,2026-05-24,Blog
A03480,L0762,Website Visit,2026-05-24,Blog
A03481,L0773,Website Visit,2026-05-24,Blog
A03482,L0781,Call,2026-05-24,Voicemail
A03483,L0783,Email,2026-05-24,No Response
A03484,L0855,Call,2026-05-24,Voicemail
A03485,L0858,Website Visit,2026-05-24,Blog
A03486,L0872,Call,2026-05-24,Connected
A03487,L0902,Website Visit,2026-05-24,Blog
A03488,L0907,Website Visit,2026-05-24,Pricing Page
A03489,L0949,Website Visit,2026-05-24,Case Study
A03490,L0968,Call,2026-05-24,Voicemail
A03491,L0371,Website Visit,2026-05-25,Pricing Page
A03492,L0381,Website Visit,2026-05-25,Services Page
A03493,L0383,Website Visit,2026-05-25,Services Page
A03494,L0386,Website Visit,2026-05-25,Services Page
A03495,L0391,Website Visit,2026-05-25,Blog
A03496,L0393,Email,2026-05-25,No Response
A03497,L0396,Website Visit,2026-05-25,Contact Page
A03498,L0401,Website Visit,2026-05-25,Services Page
A03499,L0411,Call,2026-05-25,Connected
A03500,L0418,Meeting,2026-05-25,No Show
A03501,L0435,Website Visit,2026-05-25,Blog
A03502,L0478,Email,2026-05-25,Opened
A03503,L0494,Call,2026-05-25,No Answer
A03504,L0559,Meeting,2026-05-25,Rescheduled
A03505,L0564,Website Visit,2026-05-25,Services Page
A03506,L0596,Email,2026-05-25,No Response
A03507,L0610,Call,2026-05-25,Voicemail
A03508,L0634,Call,2026-05-25,Connected
A03509,L0638,Email,2026-05-25,No Response
A03510,L0653,Email,2026-05-25,Replied
A03511,L0654,Meeting,2026-05-25,Completed
A03512,L0690,Call,2026-05-25,Connected
A03513,L0702,Email,2026-05-25,No Response
A03514,L0702,Website Visit,2026-05-25,Services Page
A03515,L0706,Website Visit,2026-05-25,Services Page
A03516,L0707,Email,2026-05-25,Opened
A03517,L0720,Website Visit,2026-05-25,Services Page
A03518,L0738,Website Visit,2026-05-25,Case Study
A03519,L0749,Call,2026-05-25,No Answer
A03520,L0750,Meeting,2026-05-25,Completed
A03521,L0768,Website Visit,2026-05-25,Services Page
A03522,L0775,Website Visit,2026-05-25,Services Page
A03523,L0779,Call,2026-05-25,Connected
A03524,L0779,Email,2026-05-25,Replied
A03525,L0779,Email,2026-05-25,Opened
A03526,L0783,Email,2026-05-25,Replied
A03527,L0787,Call,2026-05-25,Connected
A03528,L0800,Call,2026-05-25,Connected
A03529,L0848,Call,2026-05-25,No Answer
A03530,L0873,Website Visit,2026-05-25,Contact Page
A03531,L0893,Email,2026-05-25,No Response
A03532,L0900,Email,2026-05-25,Opened
A03533,L1003,Call,2026-05-25,Connected
A03534,L0377,Website Visit,2026-05-26,Pricing Page
A03535,L0413,Call,2026-05-26,Callback Requested
A03536,L0455,Website Visit,2026-05-26,Blog
A03537,L0471,Call,2026-05-26,Connected
A03538,L0477,Email,2026-05-26,No Response
A03539,L0481,Call,2026-05-26,No Answer
A03540,L0497,Call,2026-05-26,No Answer
A03541,L0553,Call,2026-05-26,No Answer
A03542,L0591,Email,2026-05-26,Replied
A03543,L0599,Call,2026-05-26,Callback Requested
A03544,L0603,Call,2026-05-26,Connected
A03545,L0607,Website Visit,2026-05-26,Services Page
A03546,L0612,Email,2026-05-26,No Response
A03547,L0638,Website Visit,2026-05-26,Contact Page
A03548,L0688,Meeting,2026-05-26,Completed
A03549,L0688,Website Visit,2026-05-26,Case Study
A03550,L0702,Website Visit,2026-05-26,Services Page
A03551,L0743,Website Visit,2026-05-26,Pricing Page
A03552,L0762,Website Visit,2026-05-26,Services Page
A03553,L0768,Meeting,2026-05-26,Completed
A03554,L0787,Email,2026-05-26,Replied
A03555,L0794,Website Visit,2026-05-26,Case Study
A03556,L0807,Website Visit,2026-05-26,Contact Page
A03557,L0828,Call,2026-05-26,Connected
A03558,L0840,Website Visit,2026-05-26,Pricing Page
A03559,L0856,Call,2026-05-26,No Answer
A03560,L0873,Email,2026-05-26,Opened
A03561,L0889,Email,2026-05-26,Opened
A03562,L0942,Email,2026-05-26,No Response
A03563,L0945,Call,2026-05-26,Voicemail
A03564,L0947,Email,2026-05-26,No Response
A03565,L0952,Email,2026-05-26,Opened
A03566,L0995,Call,2026-05-26,No Answer
A03567,L1028,Website Visit,2026-05-26,Services Page
A03568,L0369,Website Visit,2026-05-27,Blog
A03569,L0371,Call,2026-05-27,Callback Requested
A03570,L0406,Email,2026-05-27,Opened
A03571,L0415,Call,2026-05-27,Connected
A03572,L0475,Call,2026-05-27,Connected
A03573,L0512,Call,2026-05-27,Callback Requested
A03574,L0546,Call,2026-05-27,Connected
A03575,L0574,Email,2026-05-27,Opened
A03576,L0598,Website Visit,2026-05-27,Pricing Page
A03577,L0607,Website Visit,2026-05-27,Pricing Page
A03578,L0633,Email,2026-05-27,Opened
A03579,L0645,Call,2026-05-27,Connected
A03580,L0662,Website Visit,2026-05-27,Blog
A03581,L0668,Email,2026-05-27,Replied
A03582,L0683,Call,2026-05-27,Connected
A03583,L0696,Call,2026-05-27,Connected
A03584,L0708,Website Visit,2026-05-27,Blog
A03585,L0718,Call,2026-05-27,Connected
A03586,L0725,Website Visit,2026-05-27,Services Page
A03587,L0726,Website Visit,2026-05-27,Contact Page
A03588,L0727,Website Visit,2026-05-27,Case Study
A03589,L0744,Website Visit,2026-05-27,Case Study
A03590,L0776,Website Visit,2026-05-27,Pricing Page
A03591,L0787,Website Visit,2026-05-27,Contact Page
A03592,L0792,Email,2026-05-27,Opened
A03593,L0801,Call,2026-05-27,No Answer
A03594,L0812,Call,2026-05-27,Connected
A03595,L0813,Website Visit,2026-05-27,Case Study
A03596,L0856,Email,2026-05-27,No Response
A03597,L0880,Website Visit,2026-05-27,Pricing Page
A03598,L0902,Meeting,2026-05-27,No Show
A03599,L0907,Call,2026-05-27,No Answer
A03600,L0910,Website Visit,2026-05-27,Services Page
A03601,L0922,Website Visit,2026-05-27,Case Study
A03602,L0926,Meeting,2026-05-27,Completed
A03603,L0927,Call,2026-05-27,Connected
A03604,L0945,Website Visit,2026-05-27,Contact Page
A03605,L0966,Email,2026-05-27,Opened
A03606,L0973,Website Visit,2026-05-27,Case Study
A03607,L0996,Website Visit,2026-05-27,Contact Page
A03608,L0998,Call,2026-05-27,Voicemail
A03609,L1001,Website Visit,2026-05-27,Services Page
A03610,L1011,Meeting,2026-05-27,Completed
A03611,L1034,Website Visit,2026-05-27,Services Page
A03612,L0378,Website Visit,2026-05-28,Contact Page
A03613,L0393,Meeting,2026-05-28,Completed
A03614,L0397,Website Visit,2026-05-28,Contact Page
A03615,L0399,Call,2026-05-28,Connected
A03616,L0405,Email,2026-05-28,No Response
A03617,L0414,Call,2026-05-28,No Answer
A03618,L0421,Call,2026-05-28,Connected
A03619,L0432,Call,2026-05-28,Connected
A03620,L0491,Website Visit,2026-05-28,Case Study
A03621,L0521,Website Visit,2026-05-28,Contact Page
A03622,L0526,Email,2026-05-28,No Response
A03623,L0529,Website Visit,2026-05-28,Services Page
A03624,L0539,Call,2026-05-28,Callback Requested
A03625,L0546,Email,2026-05-28,No Response
A03626,L0564,Call,2026-05-28,Voicemail
A03627,L0564,Website Visit,2026-05-28,Pricing Page
A03628,L0616,Call,2026-05-28,No Answer
A03629,L0641,Website Visit,2026-05-28,Contact Page
A03630,L0647,Email,2026-05-28,No Response
A03631,L0683,Call,2026-05-28,Callback Requested
A03632,L0709,Website Visit,2026-05-28,Services Page
A03633,L0715,Call,2026-05-28,Connected
A03634,L0726,Meeting,2026-05-28,Completed
A03635,L0750,Website Visit,2026-05-28,Pricing Page
A03636,L0762,Website Visit,2026-05-28,Pricing Page
A03637,L0775,Call,2026-05-28,Connected
A03638,L0801,Email,2026-05-28,Replied
A03639,L0825,Email,2026-05-28,Opened
A03640,L0841,Call,2026-05-28,Connected
A03641,L0873,Call,2026-05-28,Connected
A03642,L0889,Meeting,2026-05-28,Completed
A03643,L0894,Website Visit,2026-05-28,Contact Page
A03644,L0907,Email,2026-05-28,Replied
A03645,L0911,Call,2026-05-28,Connected
A03646,L0924,Meeting,2026-05-28,Completed
A03647,L0975,Call,2026-05-28,Callback Requested
A03648,L1030,Website Visit,2026-05-28,Blog
A03649,L0396,Call,2026-05-29,Connected
A03650,L0407,Website Visit,2026-05-29,Services Page
A03651,L0430,Website Visit,2026-05-29,Pricing Page
A03652,L0442,Website Visit,2026-05-29,Case Study
A03653,L0460,Call,2026-05-29,Callback Requested
A03654,L0493,Call,2026-05-29,Connected
A03655,L0501,Call,2026-05-29,Callback Requested
A03656,L0513,Email,2026-05-29,No Response
A03657,L0514,Call,2026-05-29,No Answer
A03658,L0534,Website Visit,2026-05-29,Case Study
A03659,L0596,Call,2026-05-29,Connected
A03660,L0620,Email,2026-05-29,Replied
A03661,L0623,Website Visit,2026-05-29,Services Page
A03662,L0678,Email,2026-05-29,No Response
A03663,L0678,Meeting,2026-05-29,No Show
A03664,L0702,Email,2026-05-29,Bounced
A03665,L0707,Meeting,2026-05-29,No Show
A03666,L0727,Website Visit,2026-05-29,Pricing Page
A03667,L0748,Website Visit,2026-05-29,Services Page
A03668,L0750,Meeting,2026-05-29,No Show
A03669,L0757,Call,2026-05-29,Connected
A03670,L0764,Email,2026-05-29,No Response
A03671,L0825,Meeting,2026-05-29,Completed
A03672,L0854,Email,2026-05-29,Replied
A03673,L0890,Call,2026-05-29,Callback Requested
A03674,L0923,Website Visit,2026-05-29,Services Page
A03675,L0936,Call,2026-05-29,Connected
A03676,L0978,Call,2026-05-29,Callback Requested
A03677,L0993,Call,2026-05-29,Connected
A03678,L0996,Email,2026-05-29,Replied
A03679,L1050,Call,2026-05-29,No Answer
A03680,L0399,Call,2026-05-30,No Answer
A03681,L0404,Meeting,2026-05-30,Completed
A03682,L0415,Email,2026-05-30,Bounced
A03683,L0426,Website Visit,2026-05-30,Pricing Page
A03684,L0453,Call,2026-05-30,Connected
A03685,L0468,Website Visit,2026-05-30,Blog
A03686,L0626,Website Visit,2026-05-30,Contact Page
A03687,L0631,Call,2026-05-30,Connected
A03688,L0674,Call,2026-05-30,No Answer
A03689,L0706,Website Visit,2026-05-30,Pricing Page
A03690,L0709,Email,2026-05-30,Opened
A03691,L0768,Email,2026-05-30,No Response
A03692,L0780,Meeting,2026-05-30,Completed
A03693,L0808,Email,2026-05-30,Opened
A03694,L0813,Website Visit,2026-05-30,Blog
A03695,L0816,Website Visit,2026-05-30,Contact Page
A03696,L0817,Call,2026-05-30,Connected
A03697,L0818,Email,2026-05-30,Opened
A03698,L0825,Call,2026-05-30,No Answer
A03699,L0830,Call,2026-05-30,Connected
A03700,L0850,Meeting,2026-05-30,Completed
A03701,L0869,Meeting,2026-05-30,Completed
A03702,L0905,Website Visit,2026-05-30,Blog
A03703,L0915,Website Visit,2026-05-30,Case Study
A03704,L0928,Call,2026-05-30,No Answer
A03705,L0937,Email,2026-05-30,Bounced
A03706,L0945,Website Visit,2026-05-30,Case Study
A03707,L0975,Call,2026-05-30,Callback Requested
A03708,L1029,Website Visit,2026-05-30,Pricing Page
A03709,L0400,Meeting,2026-05-31,Completed
A03710,L0415,Website Visit,2026-05-31,Pricing Page
A03711,L0450,Website Visit,2026-05-31,Case Study
A03712,L0455,Email,2026-05-31,Opened
A03713,L0495,Meeting,2026-05-31,Completed
A03714,L0498,Call,2026-05-31,Connected
A03715,L0507,Website Visit,2026-05-31,Blog
A03716,L0539,Call,2026-05-31,No Answer
A03717,L0580,Email,2026-05-31,Replied
A03718,L0602,Email,2026-05-31,No Response
A03719,L0610,Call,2026-05-31,Connected
A03720,L0622,Call,2026-05-31,No Answer
A03721,L0622,Website Visit,2026-05-31,Case Study
A03722,L0682,Call,2026-05-31,Connected
A03723,L0693,Website Visit,2026-05-31,Contact Page
A03724,L0698,Call,2026-05-31,Connected
A03725,L0707,Meeting,2026-05-31,Rescheduled
A03726,L0722,Website Visit,2026-05-31,Services Page
A03727,L0726,Meeting,2026-05-31,Completed
A03728,L0727,Website Visit,2026-05-31,Blog
A03729,L0737,Website Visit,2026-05-31,Pricing Page
A03730,L0748,Website Visit,2026-05-31,Services Page
A03731,L0755,Email,2026-05-31,Bounced
A03732,L0763,Call,2026-05-31,Not Interested
A03733,L0763,Website Visit,2026-05-31,Pricing Page
A03734,L0769,Website Visit,2026-05-31,Pricing Page
A03735,L0793,Website Visit,2026-05-31,Blog
A03736,L0800,Call,2026-05-31,Connected
A03737,L0800,Call,2026-05-31,Callback Requested
A03738,L0823,Call,2026-05-31,No Answer
A03739,L0825,Website Visit,2026-05-31,Pricing Page
A03740,L0853,Call,2026-05-31,Connected
A03741,L0854,Call,2026-05-31,Not Interested
A03742,L0869,Website Visit,2026-05-31,Contact Page
A03743,L0875,Call,2026-05-31,Voicemail
A03744,L0900,Call,2026-05-31,No Answer
A03745,L0935,Call,2026-05-31,Callback Requested
A03746,L0999,Website Visit,2026-05-31,Pricing Page
A03747,L1000,Website Visit,2026-05-31,Case Study
A03748,L1001,Call,2026-05-31,Connected
A03749,L1011,Call,2026-05-31,Voicemail
A03750,L1070,Website Visit,2026-05-31,Services Page
A03751,L0399,Email,2026-06-01,No Response
A03752,L0418,Website Visit,2026-06-01,Case Study
A03753,L0430,Website Visit,2026-06-01,Pricing Page
A03754,L0450,Email,2026-06-01,Replied
A03755,L0450,Email,2026-06-01,No Response
A03756,L0470,Call,2026-06-01,Callback Requested
A03757,L0477,Call,2026-06-01,Connected
A03758,L0483,Email,2026-06-01,Opened
A03759,L0517,Call,2026-06-01,Connected
A03760,L0520,Email,2026-06-01,No Response
A03761,L0534,Call,2026-06-01,Callback Requested
A03762,L0553,Website Visit,2026-06-01,Blog
A03763,L0587,Call,2026-06-01,Not Interested
A03764,L0613,Email,2026-06-01,No Response
A03765,L0616,Meeting,2026-06-01,Completed
A03766,L0638,Call,2026-06-01,No Answer
A03767,L0645,Call,2026-06-01,Connected
A03768,L0654,Email,2026-06-01,No Response
A03769,L0659,Meeting,2026-06-01,Completed
A03770,L0667,Website Visit,2026-06-01,Services Page
A03771,L0678,Call,2026-06-01,Callback Requested
A03772,L0727,Email,2026-06-01,Replied
A03773,L0731,Email,2026-06-01,No Response
A03774,L0765,Call,2026-06-01,Connected
A03775,L0765,Website Visit,2026-06-01,Contact Page
A03776,L0768,Meeting,2026-06-01,Completed
A03777,L0782,Email,2026-06-01,Replied
A03778,L0828,Email,2026-06-01,No Response
A03779,L0843,Call,2026-06-01,No Answer
A03780,L0875,Website Visit,2026-06-01,Pricing Page
A03781,L0877,Website Visit,2026-06-01,Case Study
A03782,L0893,Call,2026-06-01,Connected
A03783,L0911,Website Visit,2026-06-01,Services Page
A03784,L0924,Call,2026-06-01,No Answer
A03785,L0980,Website Visit,2026-06-01,Services Page
A03786,L0983,Website Visit,2026-06-01,Pricing Page
A03787,L1019,Email,2026-06-01,Replied
A03788,L1019,Email,2026-06-01,Opened
A03789,L1064,Call,2026-06-01,Voicemail
A03790,L0432,Meeting,2026-06-02,Completed
A03791,L0458,Website Visit,2026-06-02,Contact Page
A03792,L0500,Website Visit,2026-06-02,Pricing Page
A03793,L0520,Email,2026-06-02,Opened
A03794,L0557,Call,2026-06-02,Callback Requested
A03795,L0594,Website Visit,2026-06-02,Pricing Page
A03796,L0620,Email,2026-06-02,Bounced
A03797,L0646,Email,2026-06-02,No Response
A03798,L0702,Website Visit,2026-06-02,Case Study
A03799,L0725,Website Visit,2026-06-02,Case Study
A03800,L0775,Call,2026-06-02,No Answer
A03801,L0780,Website Visit,2026-06-02,Services Page
A03802,L0785,Email,2026-06-02,Replied
A03803,L0814,Call,2026-06-02,Voicemail
A03804,L0818,Meeting,2026-06-02,Completed
A03805,L0827,Website Visit,2026-06-02,Contact Page
A03806,L0829,Website Visit,2026-06-02,Services Page
A03807,L0834,Website Visit,2026-06-02,Contact Page
A03808,L0876,Email,2026-06-02,Replied
A03809,L0883,Website Visit,2026-06-02,Services Page
A03810,L0887,Website Visit,2026-06-02,Services Page
A03811,L0894,Meeting,2026-06-02,Completed
A03812,L0915,Email,2026-06-02,No Response
A03813,L0915,Website Visit,2026-06-02,Blog
A03814,L0955,Email,2026-06-02,No Response
A03815,L0955,Website Visit,2026-06-02,Contact Page
A03816,L0986,Call,2026-06-02,Connected
A03817,L1015,Email,2026-06-02,No Response
A03818,L1025,Website Visit,2026-06-02,Services Page
A03819,L1082,Call,2026-06-02,No Answer
A03820,L0425,Email,2026-06-03,Opened
A03821,L0432,Website Visit,2026-06-03,Case Study
A03822,L0459,Email,2026-06-03,Opened
A03823,L0483,Call,2026-06-03,No Answer
A03824,L0502,Call,2026-06-03,No Answer
A03825,L0517,Website Visit,2026-06-03,Case Study
A03826,L0529,Call,2026-06-03,Connected
A03827,L0577,Website Visit,2026-06-03,Services Page
A03828,L0581,Call,2026-06-03,No Answer
A03829,L0598,Email,2026-06-03,No Response
A03830,L0610,Email,2026-06-03,Replied
A03831,L0620,Website Visit,2026-06-03,Contact Page
A03832,L0626,Email,2026-06-03,Replied
A03833,L0654,Call,2026-06-03,Callback Requested
A03834,L0682,Call,2026-06-03,Connected
A03835,L0690,Call,2026-06-03,No Answer
A03836,L0702,Call,2026-06-03,Connected
A03837,L0702,Email,2026-06-03,No Response
A03838,L0741,Call,2026-06-03,Connected
A03839,L0755,Website Visit,2026-06-03,Contact Page
A03840,L0762,Meeting,2026-06-03,Completed
A03841,L0787,Call,2026-06-03,Callback Requested
A03842,L0801,Website Visit,2026-06-03,Blog
A03843,L0825,Website Visit,2026-06-03,Contact Page
A03844,L0834,Website Visit,2026-06-03,Blog
A03845,L0882,Call,2026-06-03,No Answer
A03846,L0906,Website Visit,2026-06-03,Contact Page
A03847,L0924,Email,2026-06-03,Replied
A03848,L0960,Website Visit,2026-06-03,Blog
A03849,L0964,Call,2026-06-03,Connected
A03850,L1010,Email,2026-06-03,No Response
A03851,L1011,Website Visit,2026-06-03,Case Study
A03852,L1034,Email,2026-06-03,Replied
A03853,L1050,Email,2026-06-03,Replied
A03854,L1096,Email,2026-06-03,Opened
A03855,L0441,Website Visit,2026-06-04,Case Study
A03856,L0449,Email,2026-06-04,Replied
A03857,L0462,Website Visit,2026-06-04,Services Page
A03858,L0472,Website Visit,2026-06-04,Services Page
A03859,L0522,Call,2026-06-04,Voicemail
A03860,L0534,Call,2026-06-04,Connected
A03861,L0577,Email,2026-06-04,Replied
A03862,L0587,Email,2026-06-04,Opened
A03863,L0589,Call,2026-06-04,No Answer
A03864,L0613,Call,2026-06-04,No Answer
A03865,L0637,Email,2026-06-04,Opened
A03866,L0653,Email,2026-06-04,No Response
A03867,L0681,Website Visit,2026-06-04,Services Page
A03868,L0683,Website Visit,2026-06-04,Services Page
A03869,L0688,Meeting,2026-06-04,Completed
A03870,L0690,Email,2026-06-04,Opened
A03871,L0702,Call,2026-06-04,Not Interested
A03872,L0726,Email,2026-06-04,Opened
A03873,L0758,Website Visit,2026-06-04,Contact Page
A03874,L0780,Website Visit,2026-06-04,Contact Page
A03875,L0811,Website Visit,2026-06-04,Pricing Page
A03876,L0814,Call,2026-06-04,Connected
A03877,L0823,Website Visit,2026-06-04,Case Study
A03878,L0825,Call,2026-06-04,Connected
A03879,L0848,Website Visit,2026-06-04,Case Study
A03880,L0875,Call,2026-06-04,Connected
A03881,L0956,Website Visit,2026-06-04,Services Page
A03882,L0976,Call,2026-06-04,Callback Requested
A03883,L0997,Email,2026-06-04,No Response
A03884,L1012,Meeting,2026-06-04,Completed
A03885,L1018,Website Visit,2026-06-04,Blog
A03886,L1039,Website Visit,2026-06-04,Pricing Page
A03887,L1093,Call,2026-06-04,Connected
A03888,L0437,Call,2026-06-05,No Answer
A03889,L0457,Call,2026-06-05,No Answer
A03890,L0459,Website Visit,2026-06-05,Case Study
A03891,L0467,Email,2026-06-05,Replied
A03892,L0474,Website Visit,2026-06-05,Contact Page
A03893,L0485,Call,2026-06-05,Connected
A03894,L0506,Email,2026-06-05,No Response
A03895,L0515,Call,2026-06-05,No Answer
A03896,L0520,Meeting,2026-06-05,Completed
A03897,L0536,Call,2026-06-05,Not Interested
A03898,L0537,Meeting,2026-06-05,Completed
A03899,L0537,Website Visit,2026-06-05,Services Page
A03900,L0577,Email,2026-06-05,Replied
A03901,L0592,Website Visit,2026-06-05,Contact Page
A03902,L0599,Email,2026-06-05,Opened
A03903,L0601,Call,2026-06-05,No Answer
A03904,L0603,Website Visit,2026-06-05,Case Study
A03905,L0626,Website Visit,2026-06-05,Services Page
A03906,L0653,Website Visit,2026-06-05,Case Study
A03907,L0681,Call,2026-06-05,No Answer
A03908,L0687,Call,2026-06-05,Callback Requested
A03909,L0696,Website Visit,2026-06-05,Contact Page
A03910,L0718,Website Visit,2026-06-05,Contact Page
A03911,L0758,Email,2026-06-05,No Response
A03912,L0758,Meeting,2026-06-05,Completed
A03913,L0765,Website Visit,2026-06-05,Services Page
A03914,L0812,Email,2026-06-05,Bounced
A03915,L0814,Website Visit,2026-06-05,Services Page
A03916,L0816,Call,2026-06-05,No Answer
A03917,L0854,Call,2026-06-05,Connected
A03918,L0859,Call,2026-06-05,Connected
A03919,L0869,Call,2026-06-05,No Answer
A03920,L0888,Email,2026-06-05,Opened
A03921,L0913,Call,2026-06-05,Connected
A03922,L0923,Meeting,2026-06-05,Completed
A03923,L0956,Call,2026-06-05,Connected
A03924,L0974,Website Visit,2026-06-05,Blog
A03925,L1021,Call,2026-06-05,Callback Requested
A03926,L1029,Website Visit,2026-06-05,Pricing Page
A03927,L1030,Call,2026-06-05,No Answer
A03928,L1033,Website Visit,2026-06-05,Services Page
A03929,L1085,Email,2026-06-05,No Response
A03930,L1102,Email,2026-06-05,Opened
A03931,L0467,Meeting,2026-06-06,Completed
A03932,L0495,Call,2026-06-06,Callback Requested
A03933,L0566,Call,2026-06-06,Connected
A03934,L0566,Website Visit,2026-06-06,Blog
A03935,L0569,Call,2026-06-06,No Answer
A03936,L0596,Email,2026-06-06,Replied
A03937,L0622,Call,2026-06-06,No Answer
A03938,L0641,Call,2026-06-06,Connected
A03939,L0649,Call,2026-06-06,No Answer
A03940,L0654,Call,2026-06-06,Voicemail
A03941,L0665,Meeting,2026-06-06,Completed
A03942,L0671,Website Visit,2026-06-06,Blog
A03943,L0681,Call,2026-06-06,Callback Requested
A03944,L0707,Website Visit,2026-06-06,Case Study
A03945,L0715,Website Visit,2026-06-06,Services Page
A03946,L0716,Email,2026-06-06,No Response
A03947,L0750,Meeting,2026-06-06,Completed
A03948,L0773,Email,2026-06-06,Opened
A03949,L0801,Meeting,2026-06-06,Completed
A03950,L0813,Call,2026-06-06,Connected
A03951,L0818,Website Visit,2026-06-06,Blog
A03952,L0825,Meeting,2026-06-06,Completed
A03953,L0850,Meeting,2026-06-06,Completed
A03954,L0856,Website Visit,2026-06-06,Services Page
A03955,L0870,Website Visit,2026-06-06,Services Page
A03956,L0876,Call,2026-06-06,No Answer
A03957,L0890,Website Visit,2026-06-06,Services Page
A03958,L0891,Website Visit,2026-06-06,Pricing Page
A03959,L0924,Email,2026-06-06,Replied
A03960,L0947,Call,2026-06-06,No Answer
A03961,L0954,Website Visit,2026-06-06,Case Study
A03962,L1014,Call,2026-06-06,Connected
A03963,L1042,Meeting,2026-06-06,Rescheduled
A03964,L1064,Call,2026-06-06,Connected
A03965,L1074,Website Visit,2026-06-06,Case Study
A03966,L1088,Email,2026-06-06,No Response
A03967,L1099,Call,2026-06-06,Callback Requested
A03968,L1110,Email,2026-06-06,Opened
A03969,L1112,Email,2026-06-06,Opened
A03970,L1116,Call,2026-06-06,Connected
A03971,L0465,Meeting,2026-06-07,Completed
A03972,L0465,Website Visit,2026-06-07,Case Study
A03973,L0475,Call,2026-06-07,Callback Requested
A03974,L0483,Email,2026-06-07,Replied
A03975,L0495,Call,2026-06-07,Connected
A03976,L0566,Call,2026-06-07,No Answer
A03977,L0591,Call,2026-06-07,No Answer
A03978,L0602,Email,2026-06-07,No Response
A03979,L0607,Meeting,2026-06-07,Completed
A03980,L0629,Call,2026-06-07,Not Interested
A03981,L0665,Meeting,2026-06-07,No Show
A03982,L0679,Website Visit,2026-06-07,Services Page
A03983,L0682,Email,2026-06-07,No Response
A03984,L0693,Website Visit,2026-06-07,Pricing Page
A03985,L0698,Email,2026-06-07,Replied
A03986,L0699,Email,2026-06-07,Opened
A03987,L0701,Website Visit,2026-06-07,Pricing Page
A03988,L0728,Call,2026-06-07,No Answer
A03989,L0729,Website Visit,2026-06-07,Blog
A03990,L0758,Website Visit,2026-06-07,Services Page
A03991,L0774,Website Visit,2026-06-07,Blog
A03992,L0780,Call,2026-06-07,Callback Requested
A03993,L0790,Email,2026-06-07,Bounced
A03994,L0822,Website Visit,2026-06-07,Pricing Page
A03995,L0827,Email,2026-06-07,No Response
A03996,L0864,Website Visit,2026-06-07,Case Study
A03997,L0874,Email,2026-06-07,Replied
A03998,L0887,Call,2026-06-07,No Answer
A03999,L0890,Website Visit,2026-06-07,Pricing Page
A04000,L0910,Email,2026-06-07,No Response
A04001,L0911,Meeting,2026-06-07,Completed
A04002,L0978,Call,2026-06-07,Voicemail
A04003,L1017,Call,2026-06-07,Callback Requested
A04004,L1037,Website Visit,2026-06-07,Services Page
A04005,L1044,Call,2026-06-07,No Answer
A04006,L1052,Call,2026-06-07,No Answer
A04007,L1069,Website Visit,2026-06-07,Case Study
A04008,L1072,Email,2026-06-07,Replied
A04009,L1088,Website Visit,2026-06-07,Case Study
A04010,L1099,Email,2026-06-07,Replied
A04011,L0466,Website Visit,2026-06-08,Blog
A04012,L0488,Website Visit,2026-06-08,Blog
A04013,L0491,Call,2026-06-08,Voicemail
A04014,L0498,Website Visit,2026-06-08,Case Study
A04015,L0517,Call,2026-06-08,Connected
A04016,L0564,Call,2026-06-08,Voicemail
A04017,L0589,Website Visit,2026-06-08,Contact Page
A04018,L0636,Call,2026-06-08,Connected
A04019,L0673,Email,2026-06-08,No Response
A04020,L0718,Call,2026-06-08,No Answer
A04021,L0727,Call,2026-06-08,Connected
A04022,L0747,Call,2026-06-08,Connected
A04023,L0752,Call,2026-06-08,Connected
A04024,L0772,Website Visit,2026-06-08,Blog
A04025,L0777,Call,2026-06-08,Connected
A04026,L0825,Email,2026-06-08,Opened
A04027,L0851,Website Visit,2026-06-08,Blog
A04028,L0855,Email,2026-06-08,No Response
A04029,L0889,Call,2026-06-08,Voicemail
A04030,L0910,Meeting,2026-06-08,Completed
A04031,L0910,Website Visit,2026-06-08,Services Page
A04032,L0912,Email,2026-06-08,Opened
A04033,L0936,Call,2026-06-08,No Answer
A04034,L0952,Call,2026-06-08,Callback Requested
A04035,L0987,Call,2026-06-08,No Answer
A04036,L0997,Website Visit,2026-06-08,Contact Page
A04037,L1002,Call,2026-06-08,Connected
A04038,L1007,Call,2026-06-08,Not Interested
A04039,L1026,Website Visit,2026-06-08,Case Study
A04040,L1028,Call,2026-06-08,No Answer
A04041,L1099,Website Visit,2026-06-08,Case Study
A04042,L1105,Website Visit,2026-06-08,Services Page
A04043,L1105,Website Visit,2026-06-08,Pricing Page
A04044,L1128,Call,2026-06-08,Connected
A04045,L1137,Call,2026-06-08,Voicemail
A04046,L0494,Call,2026-06-09,Not Interested
A04047,L0497,Website Visit,2026-06-09,Pricing Page
A04048,L0526,Call,2026-06-09,No Answer
A04049,L0534,Website Visit,2026-06-09,Case Study
A04050,L0553,Meeting,2026-06-09,Completed
A04051,L0584,Website Visit,2026-06-09,Services Page
A04052,L0613,Email,2026-06-09,Replied
A04053,L0616,Call,2026-06-09,No Answer
A04054,L0616,Email,2026-06-09,Bounced
A04055,L0666,Call,2026-06-09,Connected
A04056,L0678,Call,2026-06-09,No Answer
A04057,L0678,Meeting,2026-06-09,Completed
A04058,L0727,Call,2026-06-09,Connected
A04059,L0740,Call,2026-06-09,Voicemail
A04060,L0757,Call,2026-06-09,Callback Requested
A04061,L0762,Meeting,2026-06-09,Completed
A04062,L0768,Call,2026-06-09,Voicemail
A04063,L0769,Meeting,2026-06-09,Completed
A04064,L0777,Email,2026-06-09,Opened
A04065,L0826,Meeting,2026-06-09,Completed
A04066,L0858,Website Visit,2026-06-09,Blog
A04067,L0859,Website Visit,2026-06-09,Services Page
A04068,L0871,Website Visit,2026-06-09,Services Page
A04069,L0885,Call,2026-06-09,No Answer
A04070,L0910,Call,2026-06-09,Connected
A04071,L0911,Website Visit,2026-06-09,Pricing Page
A04072,L0916,Email,2026-06-09,Opened
A04073,L0926,Meeting,2026-06-09,Completed
A04074,L0928,Call,2026-06-09,Connected
A04075,L0954,Call,2026-06-09,No Answer
A04076,L0987,Email,2026-06-09,Replied
A04077,L0987,Meeting,2026-06-09,Rescheduled
A04078,L0994,Email,2026-06-09,No Response
A04079,L1003,Email,2026-06-09,Opened
A04080,L1094,Email,2026-06-09,No Response
A04081,L1110,Website Visit,2026-06-09,Case Study
A04082,L1116,Call,2026-06-09,Voicemail
A04083,L0517,Website Visit,2026-06-10,Contact Page
A04084,L0536,Email,2026-06-10,Replied
A04085,L0539,Email,2026-06-10,Opened
A04086,L0573,Call,2026-06-10,No Answer
A04087,L0614,Website Visit,2026-06-10,Pricing Page
A04088,L0616,Call,2026-06-10,Connected
A04089,L0649,Email,2026-06-10,Opened
A04090,L0654,Call,2026-06-10,Connected
A04091,L0657,Website Visit,2026-06-10,Case Study
A04092,L0658,Email,2026-06-10,No Response
A04093,L0658,Website Visit,2026-06-10,Services Page
A04094,L0671,Email,2026-06-10,Replied
A04095,L0677,Website Visit,2026-06-10,Contact Page
A04096,L0678,Call,2026-06-10,No Answer
A04097,L0696,Meeting,2026-06-10,Completed
A04098,L0719,Website Visit,2026-06-10,Blog
A04099,L0732,Email,2026-06-10,Replied
A04100,L0738,Call,2026-06-10,Callback Requested
A04101,L0749,Website Visit,2026-06-10,Blog
A04102,L0778,Website Visit,2026-06-10,Contact Page
A04103,L0787,Email,2026-06-10,Opened
A04104,L0850,Call,2026-06-10,No Answer
A04105,L0873,Email,2026-06-10,Replied
A04106,L0889,Meeting,2026-06-10,Completed
A04107,L0891,Email,2026-06-10,Opened
A04108,L0894,Meeting,2026-06-10,Completed
A04109,L0935,Email,2026-06-10,Opened
A04110,L0939,Website Visit,2026-06-10,Case Study
A04111,L0957,Website Visit,2026-06-10,Blog
A04112,L0966,Website Visit,2026-06-10,Services Page
A04113,L1005,Email,2026-06-10,Replied
A04114,L1014,Email,2026-06-10,Opened
A04115,L1022,Email,2026-06-10,Bounced
A04116,L1085,Call,2026-06-10,No Answer
A04117,L1140,Email,2026-06-10,No Response
A04118,L0500,Website Visit,2026-06-11,Pricing Page
A04119,L0503,Meeting,2026-06-11,Rescheduled
A04120,L0512,Website Visit,2026-06-11,Services Page
A04121,L0556,Call,2026-06-11,Connected
A04122,L0558,Meeting,2026-06-11,Completed
A04123,L0559,Call,2026-06-11,Voicemail
A04124,L0584,Meeting,2026-06-11,Completed
A04125,L0589,Meeting,2026-06-11,Completed
A04126,L0626,Call,2026-06-11,Callback Requested
A04127,L0654,Email,2026-06-11,No Response
A04128,L0718,Email,2026-06-11,Opened
A04129,L0755,Call,2026-06-11,No Answer
A04130,L0777,Meeting,2026-06-11,Completed
A04131,L0784,Website Visit,2026-06-11,Pricing Page
A04132,L0792,Website Visit,2026-06-11,Blog
A04133,L0805,Website Visit,2026-06-11,Pricing Page
A04134,L0813,Meeting,2026-06-11,Completed
A04135,L0816,Meeting,2026-06-11,Completed
A04136,L0854,Call,2026-06-11,Connected
A04137,L0908,Email,2026-06-11,No Response
A04138,L0923,Call,2026-06-11,Connected
A04139,L0923,Email,2026-06-11,Replied
A04140,L0976,Call,2026-06-11,No Answer
A04141,L0993,Website Visit,2026-06-11,Blog
A04142,L1014,Call,2026-06-11,Callback Requested
A04143,L1023,Call,2026-06-11,No Answer
A04144,L1027,Website Visit,2026-06-11,Case Study
A04145,L1056,Website Visit,2026-06-11,Contact Page
A04146,L1075,Call,2026-06-11,Connected
A04147,L1092,Email,2026-06-11,Replied
A04148,L1092,Meeting,2026-06-11,No Show
A04149,L1093,Email,2026-06-11,Opened
A04150,L1105,Website Visit,2026-06-11,Case Study
A04151,L1116,Email,2026-06-11,No Response
A04152,L1156,Call,2026-06-11,Callback Requested
A04153,L1163,Website Visit,2026-06-11,Pricing Page
A04154,L0554,Call,2026-06-12,No Answer
A04155,L0572,Website Visit,2026-06-12,Contact Page
A04156,L0589,Call,2026-06-12,Callback Requested
A04157,L0595,Website Visit,2026-06-12,Pricing Page
A04158,L0598,Call,2026-06-12,Connected
A04159,L0604,Website Visit,2026-06-12,Pricing Page
A04160,L0679,Website Visit,2026-06-12,Services Page
A04161,L0699,Meeting,2026-06-12,Completed
A04162,L0708,Call,2026-06-12,Connected
A04163,L0722,Call,2026-06-12,No Answer
A04164,L0727,Meeting,2026-06-12,Rescheduled
A04165,L0759,Website Visit,2026-06-12,Blog
A04166,L0760,Email,2026-06-12,Replied
A04167,L0775,Call,2026-06-12,Callback Requested
A04168,L0846,Website Visit,2026-06-12,Contact Page
A04169,L0848,Website Visit,2026-06-12,Case Study
A04170,L0859,Email,2026-06-12,No Response
A04171,L0861,Call,2026-06-12,Not Interested
A04172,L0889,Call,2026-06-12,No Answer
A04173,L0890,Email,2026-06-12,Opened
A04174,L0905,Call,2026-06-12,Callback Requested
A04175,L0920,Website Visit,2026-06-12,Pricing Page
A04176,L0923,Website Visit,2026-06-12,Services Page
A04177,L0942,Email,2026-06-12,No Response
A04178,L0943,Website Visit,2026-06-12,Services Page
A04179,L0945,Website Visit,2026-06-12,Services Page
A04180,L0958,Website Visit,2026-06-12,Case Study
A04181,L0977,Website Visit,2026-06-12,Contact Page
A04182,L0996,Website Visit,2026-06-12,Pricing Page
A04183,L1010,Website Visit,2026-06-12,Pricing Page
A04184,L1012,Email,2026-06-12,Replied
A04185,L1045,Call,2026-06-12,Callback Requested
A04186,L1119,Call,2026-06-12,Connected
A04187,L1147,Call,2026-06-12,Connected
A04188,L1172,Website Visit,2026-06-12,Contact Page
A04189,L0497,Meeting,2026-06-13,No Show
A04190,L0518,Call,2026-06-13,Connected
A04191,L0532,Meeting,2026-06-13,Completed
A04192,L0534,Website Visit,2026-06-13,Services Page
A04193,L0537,Website Visit,2026-06-13,Blog
A04194,L0566,Website Visit,2026-06-13,Contact Page
A04195,L0576,Website Visit,2026-06-13,Services Page
A04196,L0595,Email,2026-06-13,Opened
A04197,L0599,Call,2026-06-13,Connected
A04198,L0624,Call,2026-06-13,Connected
A04199,L0657,Website Visit,2026-06-13,Services Page
A04200,L0659,Website Visit,2026-06-13,Blog
A04201,L0671,Website Visit,2026-06-13,Case Study
A04202,L0688,Website Visit,2026-06-13,Pricing Page
A04203,L0690,Email,2026-06-13,Opened
A04204,L0750,Call,2026-06-13,No Answer
A04205,L0776,Website Visit,2026-06-13,Contact Page
A04206,L0804,Website Visit,2026-06-13,Case Study
A04207,L0859,Meeting,2026-06-13,Completed
A04208,L0925,Call,2026-06-13,Connected
A04209,L0937,Call,2026-06-13,Callback Requested
A04210,L0986,Website Visit,2026-06-13,Services Page
A04211,L0987,Call,2026-06-13,Callback Requested
A04212,L1001,Email,2026-06-13,Opened
A04213,L1003,Email,2026-06-13,Opened
A04214,L1034,Website Visit,2026-06-13,Blog
A04215,L1042,Call,2026-06-13,Connected
A04216,L1057,Website Visit,2026-06-13,Contact Page
A04217,L1085,Website Visit,2026-06-13,Case Study
A04218,L1101,Website Visit,2026-06-13,Case Study
A04219,L1112,Email,2026-06-13,No Response
A04220,L1157,Website Visit,2026-06-13,Blog
A04221,L1159,Email,2026-06-13,No Response
A04222,L0498,Email,2026-06-14,Bounced
A04223,L0535,Call,2026-06-14,Connected
A04224,L0546,Website Visit,2026-06-14,Contact Page
A04225,L0564,Email,2026-06-14,Bounced
A04226,L0596,Call,2026-06-14,No Answer
A04227,L0605,Website Visit,2026-06-14,Case Study
A04228,L0620,Website Visit,2026-06-14,Contact Page
A04229,L0622,Website Visit,2026-06-14,Contact Page
A04230,L0646,Call,2026-06-14,Callback Requested
A04231,L0654,Call,2026-06-14,No Answer
A04232,L0654,Meeting,2026-06-14,Completed
A04233,L0659,Email,2026-06-14,Opened
A04234,L0665,Call,2026-06-14,Callback Requested
A04235,L0704,Email,2026-06-14,Replied
A04236,L0710,Email,2026-06-14,No Response
A04237,L0715,Call,2026-06-14,Connected
A04238,L0723,Call,2026-06-14,No Answer
A04239,L0765,Email,2026-06-14,No Response
A04240,L0768,Email,2026-06-14,No Response
A04241,L0797,Email,2026-06-14,No Response
A04242,L0812,Call,2026-06-14,Callback Requested
A04243,L0813,Call,2026-06-14,Callback Requested
A04244,L0825,Website Visit,2026-06-14,Services Page
A04245,L0875,Website Visit,2026-06-14,Services Page
A04246,L0882,Meeting,2026-06-14,Completed
A04247,L0889,Website Visit,2026-06-14,Services Page
A04248,L0892,Website Visit,2026-06-14,Contact Page
A04249,L0902,Call,2026-06-14,Voicemail
A04250,L0926,Website Visit,2026-06-14,Contact Page
A04251,L0940,Call,2026-06-14,No Answer
A04252,L0945,Website Visit,2026-06-14,Blog
A04253,L0991,Email,2026-06-14,No Response
A04254,L0999,Email,2026-06-14,Opened
A04255,L1007,Email,2026-06-14,Replied
A04256,L1013,Call,2026-06-14,Connected
A04257,L1061,Call,2026-06-14,No Answer
A04258,L1071,Website Visit,2026-06-14,Pricing Page
A04259,L1112,Meeting,2026-06-14,Completed
A04260,L0572,Call,2026-06-15,No Answer
A04261,L0577,Call,2026-06-15,Connected
A04262,L0599,Website Visit,2026-06-15,Blog
A04263,L0602,Meeting,2026-06-15,Completed
A04264,L0614,Call,2026-06-15,Connected
A04265,L0617,Email,2026-06-15,Opened
A04266,L0634,Email,2026-06-15,No Response
A04267,L0645,Website Visit,2026-06-15,Services Page
A04268,L0659,Call,2026-06-15,Connected
A04269,L0669,Call,2026-06-15,Connected
A04270,L0677,Call,2026-06-15,No Answer
A04271,L0682,Call,2026-06-15,Callback Requested
A04272,L0688,Website Visit,2026-06-15,Blog
A04273,L0698,Meeting,2026-06-15,Completed
A04274,L0702,Meeting,2026-06-15,Completed
A04275,L0738,Email,2026-06-15,Replied
A04276,L0739,Email,2026-06-15,No Response
A04277,L0768,Call,2026-06-15,No Answer
A04278,L0815,Call,2026-06-15,Connected
A04279,L0816,Email,2026-06-15,No Response
A04280,L0817,Email,2026-06-15,Bounced
A04281,L0827,Call,2026-06-15,Connected
A04282,L0840,Meeting,2026-06-15,Completed
A04283,L0854,Website Visit,2026-06-15,Case Study
A04284,L0862,Website Visit,2026-06-15,Case Study
A04285,L0863,Call,2026-06-15,Connected
A04286,L0885,Email,2026-06-15,Replied
A04287,L0905,Call,2026-06-15,No Answer
A04288,L0937,Website Visit,2026-06-15,Blog
A04289,L0942,Website Visit,2026-06-15,Contact Page
A04290,L0942,Website Visit,2026-06-15,Contact Page
A04291,L0961,Website Visit,2026-06-15,Pricing Page
A04292,L0984,Call,2026-06-15,Connected
A04293,L0994,Website Visit,2026-06-15,Case Study
A04294,L1011,Meeting,2026-06-15,Completed
A04295,L1041,Website Visit,2026-06-15,Services Page
A04296,L1080,Meeting,2026-06-15,Completed
A04297,L1082,Website Visit,2026-06-15,Contact Page
A04298,L1138,Website Visit,2026-06-15,Case Study
A04299,L1157,Email,2026-06-15,Opened
A04300,L0505,Call,2026-06-16,Connected
A04301,L0506,Email,2026-06-16,Bounced
A04302,L0507,Website Visit,2026-06-16,Blog
A04303,L0513,Email,2026-06-16,Opened
A04304,L0526,Email,2026-06-16,No Response
A04305,L0536,Meeting,2026-06-16,Completed
A04306,L0553,Call,2026-06-16,No Answer
A04307,L0557,Website Visit,2026-06-16,Pricing Page
A04308,L0560,Call,2026-06-16,Connected
A04309,L0616,Email,2026-06-16,No Response
A04310,L0620,Email,2026-06-16,Replied
A04311,L0643,Website Visit,2026-06-16,Case Study
A04312,L0654,Website Visit,2026-06-16,Case Study
A04313,L0677,Email,2026-06-16,Opened
A04314,L0683,Website Visit,2026-06-16,Pricing Page
A04315,L0701,Call,2026-06-16,Voicemail
A04316,L0738,Website Visit,2026-06-16,Case Study
A04317,L0758,Email,2026-06-16,Replied
A04318,L0768,Website Visit,2026-06-16,Services Page
A04319,L0811,Website Visit,2026-06-16,Blog
A04320,L0839,Call,2026-06-16,Callback Requested
A04321,L0840,Email,2026-06-16,Opened
A04322,L0875,Meeting,2026-06-16,Rescheduled
A04323,L0909,Website Visit,2026-06-16,Contact Page
A04324,L0911,Call,2026-06-16,Callback Requested
A04325,L0952,Email,2026-06-16,Opened
A04326,L0999,Email,2026-06-16,Opened
A04327,L1012,Email,2026-06-16,No Response
A04328,L1021,Website Visit,2026-06-16,Blog
A04329,L1034,Call,2026-06-16,Connected
A04330,L1039,Website Visit,2026-06-16,Contact Page
A04331,L1082,Meeting,2026-06-16,Completed
A04332,L1082,Website Visit,2026-06-16,Contact Page
A04333,L1107,Email,2026-06-16,No Response
A04334,L1125,Meeting,2026-06-16,Completed
A04335,L1128,Call,2026-06-16,Connected
A04336,L1136,Call,2026-06-16,Connected
A04337,L1158,Website Visit,2026-06-16,Services Page
A04338,L1170,Email,2026-06-16,No Response
A04339,L0525,Call,2026-06-17,No Answer
A04340,L0564,Website Visit,2026-06-17,Blog
A04341,L0568,Call,2026-06-17,No Answer
A04342,L0579,Website Visit,2026-06-17,Pricing Page
A04343,L0610,Meeting,2026-06-17,Completed
A04344,L0641,Call,2026-06-17,Connected
A04345,L0654,Email,2026-06-17,No Response
A04346,L0658,Call,2026-06-17,Connected
A04347,L0663,Website Visit,2026-06-17,Case Study
A04348,L0686,Call,2026-06-17,Callback Requested
A04349,L0697,Meeting,2026-06-17,Completed
A04350,L0700,Website Visit,2026-06-17,Case Study
A04351,L0750,Website Visit,2026-06-17,Services Page
A04352,L0771,Call,2026-06-17,Voicemail
A04353,L0785,Email,2026-06-17,No Response
A04354,L0785,Email,2026-06-17,Opened
A04355,L0804,Website Visit,2026-06-17,Case Study
A04356,L0812,Call,2026-06-17,No Answer
A04357,L0825,Email,2026-06-17,Opened
A04358,L0854,Call,2026-06-17,No Answer
A04359,L0854,Website Visit,2026-06-17,Pricing Page
A04360,L0869,Website Visit,2026-06-17,Contact Page
A04361,L0913,Website Visit,2026-06-17,Case Study
A04362,L0915,Call,2026-06-17,No Answer
A04363,L0915,Email,2026-06-17,No Response
A04364,L0977,Website Visit,2026-06-17,Case Study
A04365,L0989,Call,2026-06-17,Connected
A04366,L0999,Website Visit,2026-06-17,Services Page
A04367,L1025,Website Visit,2026-06-17,Case Study
A04368,L1053,Website Visit,2026-06-17,Blog
A04369,L1065,Call,2026-06-17,Connected
A04370,L1080,Call,2026-06-17,No Answer
A04371,L1101,Email,2026-06-17,Replied
A04372,L1101,Meeting,2026-06-17,Completed
A04373,L1107,Email,2026-06-17,No Response
A04374,L1107,Email,2026-06-17,No Response
A04375,L1111,Website Visit,2026-06-17,Blog
A04376,L1131,Email,2026-06-17,Replied
A04377,L1191,Email,2026-06-17,Opened
A04378,L1212,Call,2026-06-17,No Answer
A04379,L0516,Call,2026-06-18,No Answer
A04380,L0524,Website Visit,2026-06-18,Case Study
A04381,L0566,Meeting,2026-06-18,Completed
A04382,L0566,Website Visit,2026-06-18,Services Page
A04383,L0568,Email,2026-06-18,Opened
A04384,L0570,Email,2026-06-18,Replied
A04385,L0585,Meeting,2026-06-18,Completed
A04386,L0626,Meeting,2026-06-18,Rescheduled
A04387,L0635,Website Visit,2026-06-18,Services Page
A04388,L0637,Meeting,2026-06-18,Completed
A04389,L0665,Email,2026-06-18,No Response
A04390,L0678,Email,2026-06-18,No Response
A04391,L0678,Email,2026-06-18,Opened
A04392,L0687,Website Visit,2026-06-18,Blog
A04393,L0693,Email,2026-06-18,No Response
A04394,L0709,Call,2026-06-18,No Answer
A04395,L0716,Call,2026-06-18,Connected
A04396,L0755,Email,2026-06-18,Bounced
A04397,L0769,Call,2026-06-18,Not Interested
A04398,L0773,Call,2026-06-18,No Answer
A04399,L0785,Call,2026-06-18,Connected
A04400,L0798,Call,2026-06-18,Connected
A04401,L0801,Meeting,2026-06-18,Completed
A04402,L0825,Email,2026-06-18,Opened
A04403,L0826,Call,2026-06-18,No Answer
A04404,L0836,Email,2026-06-18,No Response
A04405,L0863,Website Visit,2026-06-18,Services Page
A04406,L0871,Call,2026-06-18,Voicemail
A04407,L0875,Call,2026-06-18,Connected
A04408,L0881,Call,2026-06-18,Voicemail
A04409,L0882,Email,2026-06-18,No Response
A04410,L0895,Call,2026-06-18,Callback Requested
A04411,L0905,Email,2026-06-18,No Response
A04412,L0907,Call,2026-06-18,Connected
A04413,L0913,Website Visit,2026-06-18,Blog
A04414,L0945,Meeting,2026-06-18,Completed
A04415,L0956,Email,2026-06-18,Opened
A04416,L0981,Call,2026-06-18,Connected
A04417,L0990,Call,2026-06-18,Connected
A04418,L0996,Email,2026-06-18,No Response
A04419,L1025,Call,2026-06-18,Callback Requested
A04420,L1068,Email,2026-06-18,Replied
A04421,L1085,Meeting,2026-06-18,Completed
A04422,L1099,Email,2026-06-18,Replied
A04423,L1165,Call,2026-06-18,Callback Requested
A04424,L1179,Email,2026-06-18,Replied
A04425,L1180,Email,2026-06-18,Replied
A04426,L1204,Call,2026-06-18,No Answer
A04427,L1212,Meeting,2026-06-18,Completed
A04428,L1212,Website Visit,2026-06-18,Services Page
A04429,L0536,Website Visit,2026-06-19,Services Page
A04430,L0543,Website Visit,2026-06-19,Services Page
A04431,L0584,Meeting,2026-06-19,Completed
A04432,L0642,Website Visit,2026-06-19,Services Page
A04433,L0681,Email,2026-06-19,Opened
A04434,L0683,Meeting,2026-06-19,Rescheduled
A04435,L0697,Call,2026-06-19,No Answer
A04436,L0707,Call,2026-06-19,Callback Requested
A04437,L0739,Call,2026-06-19,Connected
A04438,L0751,Email,2026-06-19,No Response
A04439,L0770,Website Visit,2026-06-19,Services Page
A04440,L0817,Website Visit,2026-06-19,Case Study
A04441,L0856,Call,2026-06-19,Connected
A04442,L0857,Website Visit,2026-06-19,Case Study
A04443,L0859,Call,2026-06-19,No Answer
A04444,L0868,Meeting,2026-06-19,Completed
A04445,L0869,Call,2026-06-19,Voicemail
A04446,L0875,Email,2026-06-19,Replied
A04447,L0876,Call,2026-06-19,Voicemail
A04448,L0893,Call,2026-06-19,Connected
A04449,L0904,Website Visit,2026-06-19,Contact Page
A04450,L0910,Call,2026-06-19,Voicemail
A04451,L0914,Call,2026-06-19,Connected
A04452,L0919,Call,2026-06-19,Voicemail
A04453,L0923,Meeting,2026-06-19,Completed
A04454,L0956,Email,2026-06-19,No Response
A04455,L0960,Website Visit,2026-06-19,Pricing Page
A04456,L0966,Meeting,2026-06-19,Completed
A04457,L0991,Website Visit,2026-06-19,Services Page
A04458,L1016,Email,2026-06-19,Bounced
A04459,L1042,Meeting,2026-06-19,Completed
A04460,L1054,Call,2026-06-19,Connected
A04461,L1065,Call,2026-06-19,Connected
A04462,L1072,Meeting,2026-06-19,Completed
A04463,L1125,Website Visit,2026-06-19,Blog
A04464,L1128,Website Visit,2026-06-19,Case Study
A04465,L1136,Call,2026-06-19,No Answer
A04466,L1153,Website Visit,2026-06-19,Services Page
A04467,L1169,Meeting,2026-06-19,Completed
A04468,L1220,Email,2026-06-19,No Response
A04469,L0535,Call,2026-06-20,Connected
A04470,L0536,Email,2026-06-20,Replied
A04471,L0538,Website Visit,2026-06-20,Case Study
A04472,L0576,Website Visit,2026-06-20,Blog
A04473,L0687,Email,2026-06-20,Opened
A04474,L0697,Email,2026-06-20,Replied
A04475,L0698,Email,2026-06-20,Replied
A04476,L0785,Website Visit,2026-06-20,Pricing Page
A04477,L0797,Call,2026-06-20,Connected
A04478,L0799,Website Visit,2026-06-20,Case Study
A04479,L0809,Call,2026-06-20,No Answer
A04480,L0813,Meeting,2026-06-20,Completed
A04481,L0821,Website Visit,2026-06-20,Contact Page
A04482,L0862,Email,2026-06-20,Replied
A04483,L0875,Website Visit,2026-06-20,Contact Page
A04484,L0878,Website Visit,2026-06-20,Services Page
A04485,L0879,Email,2026-06-20,No Response
A04486,L0885,Website Visit,2026-06-20,Services Page
A04487,L0907,Email,2026-06-20,No Response
A04488,L0932,Website Visit,2026-06-20,Blog
A04489,L0949,Call,2026-06-20,Not Interested
A04490,L0956,Website Visit,2026-06-20,Case Study
A04491,L0967,Call,2026-06-20,Not Interested
A04492,L0969,Call,2026-06-20,No Answer
A04493,L0993,Website Visit,2026-06-20,Case Study
A04494,L0999,Call,2026-06-20,Connected
A04495,L1031,Call,2026-06-20,Voicemail
A04496,L1055,Email,2026-06-20,Opened
A04497,L1077,Website Visit,2026-06-20,Pricing Page
A04498,L1108,Email,2026-06-20,Opened
A04499,L1112,Website Visit,2026-06-20,Pricing Page
A04500,L1125,Call,2026-06-20,Callback Requested
A04501,L1170,Call,2026-06-20,Connected
A04502,L1208,Call,2026-06-20,Connected
A04503,L1231,Meeting,2026-06-20,Completed
A04504,L0568,Website Visit,2026-06-21,Case Study
A04505,L0591,Call,2026-06-21,No Answer
A04506,L0593,Email,2026-06-21,No Response
A04507,L0611,Call,2026-06-21,Connected
A04508,L0650,Email,2026-06-21,Opened
A04509,L0652,Call,2026-06-21,No Answer
A04510,L0653,Call,2026-06-21,Connected
A04511,L0659,Call,2026-06-21,No Answer
A04512,L0662,Email,2026-06-21,Opened
A04513,L0698,Meeting,2026-06-21,Completed
A04514,L0699,Call,2026-06-21,No Answer
A04515,L0782,Website Visit,2026-06-21,Case Study
A04516,L0789,Website Visit,2026-06-21,Services Page
A04517,L0849,Website Visit,2026-06-21,Contact Page
A04518,L0915,Email,2026-06-21,No Response
A04519,L0915,Website Visit,2026-06-21,Case Study
A04520,L0923,Email,2026-06-21,Opened
A04521,L0923,Website Visit,2026-06-21,Services Page
A04522,L0947,Website Visit,2026-06-21,Blog
A04523,L0958,Call,2026-06-21,No Answer
A04524,L0979,Call,2026-06-21,Connected
A04525,L0996,Website Visit,2026-06-21,Services Page
A04526,L1005,Email,2026-06-21,No Response
A04527,L1022,Email,2026-06-21,No Response
A04528,L1025,Website Visit,2026-06-21,Services Page
A04529,L1027,Website Visit,2026-06-21,Blog
A04530,L1045,Website Visit,2026-06-21,Blog
A04531,L1047,Email,2026-06-21,No Response
A04532,L1101,Call,2026-06-21,Callback Requested
A04533,L1101,Website Visit,2026-06-21,Case Study
A04534,L1105,Email,2026-06-21,Opened
A04535,L1130,Email,2026-06-21,Opened
A04536,L1140,Call,2026-06-21,No Answer
A04537,L1190,Email,2026-06-21,No Response
A04538,L1193,Website Visit,2026-06-21,Contact Page
A04539,L1199,Website Visit,2026-06-21,Contact Page
A04540,L1203,Call,2026-06-21,Not Interested
A04541,L1227,Website Visit,2026-06-21,Services Page
A04542,L0557,Website Visit,2026-06-22,Blog
A04543,L0564,Meeting,2026-06-22,Completed
A04544,L0577,Meeting,2026-06-22,Rescheduled
A04545,L0585,Call,2026-06-22,Callback Requested
A04546,L0594,Website Visit,2026-06-22,Blog
A04547,L0612,Website Visit,2026-06-22,Blog
A04548,L0649,Call,2026-06-22,No Answer
A04549,L0668,Website Visit,2026-06-22,Blog
A04550,L0669,Call,2026-06-22,Connected
A04551,L0695,Email,2026-06-22,Replied
A04552,L0707,Call,2026-06-22,Callback Requested
A04553,L0716,Website Visit,2026-06-22,Pricing Page
A04554,L0726,Email,2026-06-22,Opened
A04555,L0732,Website Visit,2026-06-22,Contact Page
A04556,L0763,Email,2026-06-22,Replied
A04557,L0783,Website Visit,2026-06-22,Pricing Page
A04558,L0785,Call,2026-06-22,Connected
A04559,L0838,Call,2026-06-22,Callback Requested
A04560,L0857,Email,2026-06-22,No Response
A04561,L0860,Meeting,2026-06-22,Completed
A04562,L0913,Email,2026-06-22,No Response
A04563,L0924,Website Visit,2026-06-22,Contact Page
A04564,L0942,Call,2026-06-22,Connected
A04565,L0955,Call,2026-06-22,No Answer
A04566,L0990,Call,2026-06-22,Callback Requested
A04567,L0993,Call,2026-06-22,Callback Requested
A04568,L0999,Website Visit,2026-06-22,Blog
A04569,L1011,Website Visit,2026-06-22,Case Study
A04570,L1040,Website Visit,2026-06-22,Pricing Page
A04571,L1080,Email,2026-06-22,Opened
A04572,L1105,Call,2026-06-22,No Answer
A04573,L1127,Email,2026-06-22,No Response
A04574,L1128,Website Visit,2026-06-22,Case Study
A04575,L1151,Meeting,2026-06-22,Completed
A04576,L1157,Meeting,2026-06-22,Completed
A04577,L1214,Call,2026-06-22,No Answer
A04578,L1220,Call,2026-06-22,Connected
A04579,L0559,Website Visit,2026-06-23,Pricing Page
A04580,L0569,Email,2026-06-23,Opened
A04581,L0569,Meeting,2026-06-23,Rescheduled
A04582,L0574,Call,2026-06-23,No Answer
A04583,L0574,Website Visit,2026-06-23,Blog
A04584,L0612,Call,2026-06-23,Voicemail
A04585,L0684,Email,2026-06-23,Opened
A04586,L0698,Call,2026-06-23,No Answer
A04587,L0699,Email,2026-06-23,Replied
A04588,L0726,Website Visit,2026-06-23,Pricing Page
A04589,L0728,Call,2026-06-23,Voicemail
A04590,L0749,Email,2026-06-23,Opened
A04591,L0771,Email,2026-06-23,Replied
A04592,L0783,Website Visit,2026-06-23,Services Page
A04593,L0785,Meeting,2026-06-23,Completed
A04594,L0790,Call,2026-06-23,Connected
A04595,L0806,Call,2026-06-23,Connected
A04596,L0840,Email,2026-06-23,Opened
A04597,L0842,Website Visit,2026-06-23,Pricing Page
A04598,L0875,Call,2026-06-23,Callback Requested
A04599,L0908,Call,2026-06-23,Connected
A04600,L0910,Email,2026-06-23,No Response
A04601,L0933,Call,2026-06-23,Connected
A04602,L0947,Website Visit,2026-06-23,Contact Page
A04603,L0947,Website Visit,2026-06-23,Blog
A04604,L0954,Website Visit,2026-06-23,Pricing Page
A04605,L0975,Website Visit,2026-06-23,Pricing Page
A04606,L0995,Email,2026-06-23,Opened
A04607,L1011,Website Visit,2026-06-23,Services Page
A04608,L1034,Meeting,2026-06-23,Completed
A04609,L1039,Meeting,2026-06-23,Completed
A04610,L1070,Website Visit,2026-06-23,Case Study
A04611,L1085,Call,2026-06-23,Callback Requested
A04612,L1092,Call,2026-06-23,No Answer
A04613,L1101,Call,2026-06-23,Connected
A04614,L1112,Website Visit,2026-06-23,Contact Page
A04615,L1115,Website Visit,2026-06-23,Blog
A04616,L1119,Email,2026-06-23,Opened
A04617,L1131,Call,2026-06-23,Callback Requested
A04618,L1173,Website Visit,2026-06-23,Blog
A04619,L1231,Website Visit,2026-06-23,Contact Page
A04620,L0616,Website Visit,2026-06-24,Contact Page
A04621,L0646,Email,2026-06-24,Opened
A04622,L0678,Website Visit,2026-06-24,Case Study
A04623,L0678,Website Visit,2026-06-24,Services Page
A04624,L0687,Call,2026-06-24,Callback Requested
A04625,L0701,Email,2026-06-24,Replied
A04626,L0714,Website Visit,2026-06-24,Blog
A04627,L0739,Call,2026-06-24,Callback Requested
A04628,L0741,Website Visit,2026-06-24,Contact Page
A04629,L0749,Meeting,2026-06-24,Completed
A04630,L0750,Call,2026-06-24,Connected
A04631,L0781,Email,2026-06-24,Opened
A04632,L0783,Website Visit,2026-06-24,Services Page
A04633,L0787,Meeting,2026-06-24,Completed
A04634,L0813,Call,2026-06-24,Callback Requested
A04635,L0813,Website Visit,2026-06-24,Pricing Page
A04636,L0825,Call,2026-06-24,Connected
A04637,L0830,Call,2026-06-24,Connected
A04638,L0895,Call,2026-06-24,Connected
A04639,L0918,Call,2026-06-24,No Answer
A04640,L0976,Email,2026-06-24,Opened
A04641,L0999,Website Visit,2026-06-24,Blog
A04642,L1025,Email,2026-06-24,No Response
A04643,L1042,Website Visit,2026-06-24,Contact Page
A04644,L1068,Call,2026-06-24,Callback Requested
A04645,L1073,Website Visit,2026-06-24,Contact Page
A04646,L1080,Website Visit,2026-06-24,Case Study
A04647,L1085,Call,2026-06-24,No Answer
A04648,L1100,Email,2026-06-24,Replied
A04649,L1125,Call,2026-06-24,Voicemail
A04650,L1180,Meeting,2026-06-24,Completed
A04651,L1187,Website Visit,2026-06-24,Services Page
A04652,L1196,Email,2026-06-24,Opened
A04653,L1196,Website Visit,2026-06-24,Services Page
A04654,L1230,Email,2026-06-24,Bounced
A04655,L1234,Website Visit,2026-06-24,Case Study
A04656,L0569,Meeting,2026-06-25,Completed
A04657,L0610,Website Visit,2026-06-25,Pricing Page
A04658,L0611,Website Visit,2026-06-25,Pricing Page
A04659,L0616,Website Visit,2026-06-25,Case Study
A04660,L0623,Call,2026-06-25,Connected
A04661,L0634,Website Visit,2026-06-25,Services Page
A04662,L0653,Meeting,2026-06-25,Completed
A04663,L0670,Website Visit,2026-06-25,Case Study
A04664,L0693,Website Visit,2026-06-25,Blog
A04665,L0703,Website Visit,2026-06-25,Services Page
A04666,L0722,Email,2026-06-25,No Response
A04667,L0750,Email,2026-06-25,Bounced
A04668,L0758,Website Visit,2026-06-25,Blog
A04669,L0762,Email,2026-06-25,No Response
A04670,L0791,Website Visit,2026-06-25,Contact Page
A04671,L0855,Call,2026-06-25,Connected
A04672,L0901,Website Visit,2026-06-25,Case Study
A04673,L0914,Email,2026-06-25,No Response
A04674,L0917,Website Visit,2026-06-25,Pricing Page
A04675,L0934,Call,2026-06-25,Connected
A04676,L0937,Call,2026-06-25,Connected
A04677,L0937,Website Visit,2026-06-25,Contact Page
A04678,L1013,Website Visit,2026-06-25,Pricing Page
A04679,L1015,Call,2026-06-25,No Answer
A04680,L1034,Meeting,2026-06-25,Completed
A04681,L1039,Call,2026-06-25,No Answer
A04682,L1054,Email,2026-06-25,Replied
A04683,L1054,Meeting,2026-06-25,Completed
A04684,L1074,Website Visit,2026-06-25,Blog
A04685,L1099,Call,2026-06-25,Connected
A04686,L1112,Call,2026-06-25,Connected
A04687,L1235,Call,2026-06-25,No Answer
A04688,L1239,Call,2026-06-25,Voicemail
A04689,L1249,Website Visit,2026-06-25,Contact Page
A04690,L0593,Call,2026-06-26,Voicemail
A04691,L0671,Call,2026-06-26,Callback Requested
A04692,L0683,Website Visit,2026-06-26,Case Study
A04693,L0709,Website Visit,2026-06-26,Case Study
A04694,L0738,Call,2026-06-26,Not Interested
A04695,L0741,Call,2026-06-26,Callback Requested
A04696,L0749,Email,2026-06-26,No Response
A04697,L0750,Website Visit,2026-06-26,Blog
A04698,L0765,Meeting,2026-06-26,Completed
A04699,L0776,Call,2026-06-26,Connected
A04700,L0792,Website Visit,2026-06-26,Case Study
A04701,L0805,Website Visit,2026-06-26,Pricing Page
A04702,L0830,Website Visit,2026-06-26,Blog
A04703,L0840,Call,2026-06-26,Connected
A04704,L0893,Website Visit,2026-06-26,Blog
A04705,L0910,Website Visit,2026-06-26,Services Page
A04706,L0927,Website Visit,2026-06-26,Blog
A04707,L0935,Website Visit,2026-06-26,Contact Page
A04708,L0943,Website Visit,2026-06-26,Case Study
A04709,L0954,Call,2026-06-26,Connected
A04710,L0961,Call,2026-06-26,Connected
A04711,L0969,Email,2026-06-26,Opened
A04712,L1012,Website Visit,2026-06-26,Services Page
A04713,L1014,Meeting,2026-06-26,Completed
A04714,L1018,Website Visit,2026-06-26,Services Page
A04715,L1045,Email,2026-06-26,Opened
A04716,L1054,Website Visit,2026-06-26,Services Page
A04717,L1059,Call,2026-06-26,Connected
A04718,L1070,Call,2026-06-26,Connected
A04719,L1078,Email,2026-06-26,Replied
A04720,L1082,Website Visit,2026-06-26,Case Study
A04721,L1085,Email,2026-06-26,No Response
A04722,L1092,Website Visit,2026-06-26,Services Page
A04723,L1099,Website Visit,2026-06-26,Pricing Page
A04724,L1107,Website Visit,2026-06-26,Services Page
A04725,L1133,Website Visit,2026-06-26,Contact Page
A04726,L1169,Call,2026-06-26,Connected
A04727,L1180,Website Visit,2026-06-26,Contact Page
A04728,L1202,Website Visit,2026-06-26,Services Page
A04729,L1230,Meeting,2026-06-26,Completed
A04730,L1237,Website Visit,2026-06-26,Blog
A04731,L1263,Email,2026-06-26,Replied
A04732,L1272,Email,2026-06-26,Opened
A04733,L1274,Website Visit,2026-06-26,Pricing Page
A04734,L1277,Email,2026-06-26,No Response
A04735,L1278,Website Visit,2026-06-26,Case Study
A04736,L0591,Website Visit,2026-06-27,Pricing Page
A04737,L0595,Email,2026-06-27,No Response
A04738,L0653,Website Visit,2026-06-27,Case Study
A04739,L0658,Call,2026-06-27,No Answer
A04740,L0668,Call,2026-06-27,No Answer
A04741,L0678,Email,2026-06-27,Opened
A04742,L0706,Call,2026-06-27,No Answer
A04743,L0710,Website Visit,2026-06-27,Contact Page
A04744,L0733,Email,2026-06-27,Replied
A04745,L0746,Call,2026-06-27,Voicemail
A04746,L0771,Website Visit,2026-06-27,Services Page
A04747,L0775,Meeting,2026-06-27,Completed
A04748,L0775,Website Visit,2026-06-27,Pricing Page
A04749,L0780,Website Visit,2026-06-27,Blog
A04750,L0787,Website Visit,2026-06-27,Pricing Page
A04751,L0850,Call,2026-06-27,Connected
A04752,L0866,Call,2026-06-27,Voicemail
A04753,L0880,Email,2026-06-27,Opened
A04754,L0890,Website Visit,2026-06-27,Blog
A04755,L0942,Website Visit,2026-06-27,Pricing Page
A04756,L0967,Website Visit,2026-06-27,Services Page
A04757,L0979,Call,2026-06-27,No Answer
A04758,L0996,Website Visit,2026-06-27,Services Page
A04759,L1022,Call,2026-06-27,No Answer
A04760,L1045,Email,2026-06-27,No Response
A04761,L1068,Website Visit,2026-06-27,Blog
A04762,L1075,Website Visit,2026-06-27,Case Study
A04763,L1087,Website Visit,2026-06-27,Contact Page
A04764,L1092,Website Visit,2026-06-27,Services Page
A04765,L1104,Website Visit,2026-06-27,Services Page
A04766,L1125,Email,2026-06-27,Opened
A04767,L1139,Website Visit,2026-06-27,Contact Page
A04768,L1149,Website Visit,2026-06-27,Services Page
A04769,L1169,Meeting,2026-06-27,Completed
A04770,L1221,Call,2026-06-27,Connected
A04771,L1229,Call,2026-06-27,No Answer
A04772,L1243,Call,2026-06-27,Connected
A04773,L1251,Call,2026-06-27,Connected
A04774,L1270,Call,2026-06-27,No Answer
A04775,L1275,Website Visit,2026-06-27,Blog
A04776,L1287,Website Visit,2026-06-27,Pricing Page
A04777,L0602,Meeting,2026-06-28,Completed
A04778,L0626,Meeting,2026-06-28,Completed
A04779,L0637,Meeting,2026-06-28,Completed
A04780,L0697,Website Visit,2026-06-28,Services Page
A04781,L0749,Call,2026-06-28,No Answer
A04782,L0764,Website Visit,2026-06-28,Contact Page
A04783,L0789,Call,2026-06-28,No Answer
A04784,L0818,Website Visit,2026-06-28,Pricing Page
A04785,L0840,Meeting,2026-06-28,Completed
A04786,L0856,Meeting,2026-06-28,Completed
A04787,L0867,Website Visit,2026-06-28,Pricing Page
A04788,L0869,Meeting,2026-06-28,Completed
A04789,L0892,Website Visit,2026-06-28,Pricing Page
A04790,L0924,Website Visit,2026-06-28,Pricing Page
A04791,L0926,Email,2026-06-28,Opened
A04792,L0956,Meeting,2026-06-28,Rescheduled
A04793,L0968,Website Visit,2026-06-28,Pricing Page
A04794,L0985,Website Visit,2026-06-28,Blog
A04795,L0996,Call,2026-06-28,No Answer
A04796,L1013,Website Visit,2026-06-28,Services Page
A04797,L1021,Email,2026-06-28,No Response
A04798,L1045,Website Visit,2026-06-28,Pricing Page
A04799,L1074,Call,2026-06-28,Connected
A04800,L1077,Call,2026-06-28,Voicemail
A04801,L1165,Call,2026-06-28,No Answer
A04802,L1174,Call,2026-06-28,Voicemail
A04803,L1177,Call,2026-06-28,Callback Requested
A04804,L1191,Meeting,2026-06-28,Completed
A04805,L1195,Call,2026-06-28,No Answer
A04806,L1199,Call,2026-06-28,Connected
A04807,L1199,Email,2026-06-28,Opened
A04808,L1206,Call,2026-06-28,Connected
A04809,L1216,Website Visit,2026-06-28,Services Page
A04810,L1223,Website Visit,2026-06-28,Pricing Page
A04811,L1259,Website Visit,2026-06-28,Pricing Page
A04812,L1273,Email,2026-06-28,No Response
A04813,L1294,Email,2026-06-28,Opened
A04814,L1295,Call,2026-06-28,No Answer
A04815,L1295,Email,2026-06-28,No Response
A04816,L0622,Call,2026-06-29,Voicemail
A04817,L0641,Website Visit,2026-06-29,Blog
A04818,L0659,Email,2026-06-29,Replied
A04819,L0667,Call,2026-06-29,Connected
A04820,L0671,Meeting,2026-06-29,Completed
A04821,L0708,Email,2026-06-29,Replied
A04822,L0711,Website Visit,2026-06-29,Case Study
A04823,L0755,Meeting,2026-06-29,Completed
A04824,L0758,Website Visit,2026-06-29,Case Study
A04825,L0769,Website Visit,2026-06-29,Services Page
A04826,L0779,Call,2026-06-29,No Answer
A04827,L0779,Website Visit,2026-06-29,Pricing Page
A04828,L0787,Email,2026-06-29,Replied
A04829,L0801,Email,2026-06-29,Replied
A04830,L0811,Call,2026-06-29,Connected
A04831,L0825,Website Visit,2026-06-29,Blog
A04832,L0826,Call,2026-06-29,Connected
A04833,L0837,Website Visit,2026-06-29,Case Study
A04834,L0864,Website Visit,2026-06-29,Case Study
A04835,L0869,Email,2026-06-29,No Response
A04836,L0875,Meeting,2026-06-29,Rescheduled
A04837,L0900,Call,2026-06-29,Connected
A04838,L0907,Call,2026-06-29,No Answer
A04839,L1039,Email,2026-06-29,No Response
A04840,L1056,Call,2026-06-29,No Answer
A04841,L1078,Call,2026-06-29,Connected
A04842,L1099,Website Visit,2026-06-29,Blog
A04843,L1158,Meeting,2026-06-29,Completed
A04844,L1200,Call,2026-06-29,Connected
A04845,L1234,Call,2026-06-29,Voicemail
A04846,L1235,Email,2026-06-29,Opened
A04847,L1278,Website Visit,2026-06-29,Case Study
A04848,L1279,Website Visit,2026-06-29,Contact Page
A04849,L1301,Call,2026-06-29,No Answer
A04850,L0638,Website Visit,2026-06-30,Case Study
A04851,L0669,Website Visit,2026-06-30,Services Page
A04852,L0677,Website Visit,2026-06-30,Blog
A04853,L0678,Email,2026-06-30,Opened
A04854,L0715,Meeting,2026-06-30,Completed
A04855,L0728,Website Visit,2026-06-30,Case Study
A04856,L0768,Email,2026-06-30,No Response
A04857,L0814,Email,2026-06-30,Replied
A04858,L0814,Website Visit,2026-06-30,Services Page
A04859,L0816,Email,2026-06-30,No Response
A04860,L0827,Website Visit,2026-06-30,Blog
A04861,L0840,Call,2026-06-30,Connected
A04862,L0861,Website Visit,2026-06-30,Contact Page
A04863,L0865,Call,2026-06-30,No Answer
A04864,L0872,Website Visit,2026-06-30,Services Page
A04865,L0881,Email,2026-06-30,No Response
A04866,L0885,Website Visit,2026-06-30,Blog
A04867,L0910,Meeting,2026-06-30,Completed
A04868,L0930,Website Visit,2026-06-30,Blog
A04869,L0947,Call,2026-06-30,No Answer
A04870,L0952,Email,2026-06-30,Replied
A04871,L0959,Website Visit,2026-06-30,Case Study
A04872,L1011,Email,2026-06-30,Bounced
A04873,L1012,Meeting,2026-06-30,Completed
A04874,L1034,Website Visit,2026-06-30,Blog
A04875,L1050,Website Visit,2026-06-30,Blog
A04876,L1054,Call,2026-06-30,No Answer
A04877,L1081,Call,2026-06-30,Connected
A04878,L1094,Website Visit,2026-06-30,Blog
A04879,L1151,Call,2026-06-30,Connected
A04880,L1170,Email,2026-06-30,No Response
A04881,L1187,Email,2026-06-30,No Response
A04882,L1193,Meeting,2026-06-30,Completed
A04883,L1221,Email,2026-06-30,No Response
A04884,L0637,Email,2026-07-01,Replied
A04885,L0641,Meeting,2026-07-01,Completed
A04886,L0642,Email,2026-07-01,Replied
A04887,L0678,Call,2026-07-01,Callback Requested
A04888,L0678,Meeting,2026-07-01,Completed
A04889,L0726,Call,2026-07-01,Connected
A04890,L0726,Email,2026-07-01,Opened
A04891,L0751,Call,2026-07-01,Voicemail
A04892,L0752,Call,2026-07-01,Connected
A04893,L0763,Website Visit,2026-07-01,Case Study
A04894,L0768,Email,2026-07-01,Replied
A04895,L0808,Call,2026-07-01,Connected
A04896,L0818,Call,2026-07-01,No Answer
A04897,L0837,Website Visit,2026-07-01,Services Page
A04898,L0846,Email,2026-07-01,Replied
A04899,L0869,Email,2026-07-01,Opened
A04900,L0880,Call,2026-07-01,Connected
A04901,L0882,Call,2026-07-01,Voicemail
A04902,L0907,Meeting,2026-07-01,Completed
A04903,L0937,Website Visit,2026-07-01,Services Page
A04904,L0954,Website Visit,2026-07-01,Pricing Page
A04905,L0966,Website Visit,2026-07-01,Blog
A04906,L0990,Email,2026-07-01,No Response
A04907,L0996,Website Visit,2026-07-01,Services Page
A04908,L0998,Email,2026-07-01,No Response
A04909,L1028,Website Visit,2026-07-01,Case Study
A04910,L1028,Website Visit,2026-07-01,Case Study
A04911,L1030,Email,2026-07-01,Opened
A04912,L1055,Call,2026-07-01,No Answer
A04913,L1066,Call,2026-07-01,Connected
A04914,L1072,Meeting,2026-07-01,Completed
A04915,L1105,Meeting,2026-07-01,Completed
A04916,L1112,Call,2026-07-01,Callback Requested
A04917,L1179,Website Visit,2026-07-01,Case Study
A04918,L1202,Website Visit,2026-07-01,Blog
A04919,L1207,Meeting,2026-07-01,Completed
A04920,L1220,Email,2026-07-01,Opened
A04921,L1261,Website Visit,2026-07-01,Pricing Page
A04922,L1267,Website Visit,2026-07-01,Services Page
A04923,L1269,Website Visit,2026-07-01,Blog
A04924,L1281,Call,2026-07-01,Voicemail
A04925,L1295,Website Visit,2026-07-01,Pricing Page
A04926,L1296,Call,2026-07-01,No Answer
A04927,L1314,Email,2026-07-01,Replied
A04928,L1318,Website Visit,2026-07-01,Case Study
A04929,L0641,Website Visit,2026-07-02,Services Page
A04930,L0662,Email,2026-07-02,Replied
A04931,L0671,Email,2026-07-02,Opened
A04932,L0706,Email,2026-07-02,Replied
A04933,L0709,Email,2026-07-02,Replied
A04934,L0710,Website Visit,2026-07-02,Services Page
A04935,L0718,Website Visit,2026-07-02,Services Page
A04936,L0728,Email,2026-07-02,Opened
A04937,L0786,Email,2026-07-02,Replied
A04938,L0868,Call,2026-07-02,No Answer
A04939,L0891,Call,2026-07-02,Connected
A04940,L0927,Meeting,2026-07-02,Rescheduled
A04941,L0940,Website Visit,2026-07-02,Pricing Page
A04942,L0956,Call,2026-07-02,Callback Requested
A04943,L1028,Email,2026-07-02,Opened
A04944,L1045,Call,2026-07-02,Connected
A04945,L1068,Call,2026-07-02,Connected
A04946,L1072,Website Visit,2026-07-02,Contact Page
A04947,L1075,Email,2026-07-02,Replied
A04948,L1118,Website Visit,2026-07-02,Services Page
A04949,L1138,Call,2026-07-02,No Answer
A04950,L1164,Call,2026-07-02,Not Interested
A04951,L1209,Email,2026-07-02,Opened
A04952,L1212,Website Visit,2026-07-02,Services Page
A04953,L1258,Website Visit,2026-07-02,Services Page
A04954,L1265,Call,2026-07-02,Callback Requested
A04955,L1279,Call,2026-07-02,No Answer
A04956,L1309,Website Visit,2026-07-02,Case Study
A04957,L1318,Call,2026-07-02,Connected
A04958,L1331,Email,2026-07-02,No Response
A04959,L1336,Meeting,2026-07-02,Completed
A04960,L0664,Call,2026-07-03,Connected
A04961,L0683,Call,2026-07-03,Not Interested
A04962,L0696,Website Visit,2026-07-03,Pricing Page
A04963,L0697,Meeting,2026-07-03,Completed
A04964,L0723,Meeting,2026-07-03,Completed
A04965,L0730,Call,2026-07-03,Connected
A04966,L0741,Website Visit,2026-07-03,Case Study
A04967,L0744,Call,2026-07-03,Callback Requested
A04968,L0777,Website Visit,2026-07-03,Pricing Page
A04969,L0789,Call,2026-07-03,No Answer
A04970,L0790,Call,2026-07-03,Connected
A04971,L0799,Website Visit,2026-07-03,Pricing Page
A04972,L0815,Website Visit,2026-07-03,Blog
A04973,L0861,Email,2026-07-03,Bounced
A04974,L0879,Call,2026-07-03,Callback Requested
A04975,L0882,Meeting,2026-07-03,Completed
A04976,L0902,Website Visit,2026-07-03,Services Page
A04977,L0924,Email,2026-07-03,Opened
A04978,L0934,Email,2026-07-03,Replied
A04979,L0954,Meeting,2026-07-03,Completed
A04980,L0969,Call,2026-07-03,No Answer
A04981,L0975,Email,2026-07-03,No Response
A04982,L1018,Email,2026-07-03,No Response
A04983,L1027,Call,2026-07-03,Callback Requested
A04984,L1062,Website Visit,2026-07-03,Case Study
A04985,L1107,Call,2026-07-03,Connected
A04986,L1117,Website Visit,2026-07-03,Case Study
A04987,L1155,Call,2026-07-03,Connected
A04988,L1210,Email,2026-07-03,No Response
A04989,L1231,Website Visit,2026-07-03,Case Study
A04990,L1240,Call,2026-07-03,Callback Requested
A04991,L1267,Website Visit,2026-07-03,Services Page
A04992,L1269,Meeting,2026-07-03,Rescheduled
A04993,L1287,Meeting,2026-07-03,Completed
A04994,L1304,Website Visit,2026-07-03,Services Page
A04995,L1314,Call,2026-07-03,Connected
A04996,L1318,Call,2026-07-03,Callback Requested
A04997,L1324,Call,2026-07-03,No Answer
A04998,L1340,Call,2026-07-03,Connected
A04999,L0650,Call,2026-07-04,No Answer
A05000,L0665,Website Visit,2026-07-04,Contact Page
A05001,L0674,Email,2026-07-04,Opened
A05002,L0681,Website Visit,2026-07-04,Case Study
A05003,L0688,Call,2026-07-04,No Answer
A05004,L0689,Call,2026-07-04,Connected
A05005,L0715,Email,2026-07-04,Opened
A05006,L0745,Website Visit,2026-07-04,Blog
A05007,L0765,Website Visit,2026-07-04,Services Page
A05008,L0780,Call,2026-07-04,Callback Requested
A05009,L0859,Call,2026-07-04,No Answer
A05010,L0879,Call,2026-07-04,Connected
A05011,L0911,Email,2026-07-04,Opened
A05012,L0919,Email,2026-07-04,No Response
A05013,L0927,Call,2026-07-04,No Answer
A05014,L0927,Email,2026-07-04,No Response
A05015,L1017,Email,2026-07-04,Opened
A05016,L1024,Website Visit,2026-07-04,Blog
A05017,L1039,Email,2026-07-04,Replied
A05018,L1045,Meeting,2026-07-04,Rescheduled
A05019,L1067,Call,2026-07-04,Connected
A05020,L1082,Meeting,2026-07-04,Completed
A05021,L1082,Website Visit,2026-07-04,Blog
A05022,L1112,Meeting,2026-07-04,Completed
A05023,L1118,Email,2026-07-04,Replied
A05024,L1129,Call,2026-07-04,Connected
A05025,L1144,Call,2026-07-04,Voicemail
A05026,L1157,Website Visit,2026-07-04,Case Study
A05027,L1166,Email,2026-07-04,No Response
A05028,L1228,Meeting,2026-07-04,Rescheduled
A05029,L1259,Email,2026-07-04,No Response
A05030,L1267,Meeting,2026-07-04,Completed
A05031,L1280,Call,2026-07-04,Connected
A05032,L1298,Call,2026-07-04,Callback Requested
A05033,L1320,Call,2026-07-04,Voicemail
A05034,L1329,Email,2026-07-04,Opened
A05035,L1330,Email,2026-07-04,Bounced
A05036,L1331,Email,2026-07-04,Bounced
A05037,L1341,Email,2026-07-04,Opened
A05038,L1354,Email,2026-07-04,Opened
A05039,L0666,Website Visit,2026-07-05,Blog
A05040,L0678,Website Visit,2026-07-05,Contact Page
A05041,L0683,Meeting,2026-07-05,Completed
A05042,L0703,Call,2026-07-05,Connected
A05043,L0731,Call,2026-07-05,Connected
A05044,L0780,Email,2026-07-05,Opened
A05045,L0783,Call,2026-07-05,Voicemail
A05046,L0826,Website Visit,2026-07-05,Blog
A05047,L0856,Email,2026-07-05,No Response
A05048,L0882,Website Visit,2026-07-05,Contact Page
A05049,L0902,Call,2026-07-05,No Answer
A05050,L0942,Email,2026-07-05,No Response
A05051,L0949,Website Visit,2026-07-05,Services Page
A05052,L0970,Email,2026-07-05,No Response
A05053,L0997,Call,2026-07-05,Connected
A05054,L1018,Website Visit,2026-07-05,Case Study
A05055,L1019,Call,2026-07-05,Connected
A05056,L1019,Call,2026-07-05,Connected
A05057,L1045,Email,2026-07-05,No Response
A05058,L1054,Email,2026-07-05,Bounced
A05059,L1057,Email,2026-07-05,Replied
A05060,L1070,Email,2026-07-05,Replied
A05061,L1075,Call,2026-07-05,Connected
A05062,L1102,Website Visit,2026-07-05,Blog
A05063,L1106,Website Visit,2026-07-05,Blog
A05064,L1112,Call,2026-07-05,Connected
A05065,L1157,Call,2026-07-05,Callback Requested
A05066,L1165,Website Visit,2026-07-05,Services Page
A05067,L1214,Email,2026-07-05,Replied
A05068,L1214,Website Visit,2026-07-05,Blog
A05069,L1227,Call,2026-07-05,No Answer
A05070,L1228,Email,2026-07-05,No Response
A05071,L1229,Website Visit,2026-07-05,Blog
A05072,L1239,Website Visit,2026-07-05,Pricing Page
A05073,L1243,Call,2026-07-05,Connected
A05074,L1292,Website Visit,2026-07-05,Pricing Page
A05075,L1297,Email,2026-07-05,Replied
A05076,L1322,Call,2026-07-05,Callback Requested
A05077,L1367,Email,2026-07-05,Opened
A05078,L0660,Call,2026-07-06,No Answer
A05079,L0662,Call,2026-07-06,No Answer
A05080,L0662,Website Visit,2026-07-06,Case Study
A05081,L0688,Call,2026-07-06,Connected
A05082,L0708,Call,2026-07-06,Connected
A05083,L0710,Call,2026-07-06,No Answer
A05084,L0714,Website Visit,2026-07-06,Services Page
A05085,L0722,Website Visit,2026-07-06,Services Page
A05086,L0767,Call,2026-07-06,No Answer
A05087,L0775,Email,2026-07-06,Opened
A05088,L0786,Website Visit,2026-07-06,Blog
A05089,L0798,Email,2026-07-06,Opened
A05090,L0816,Website Visit,2026-07-06,Pricing Page
A05091,L0816,Website Visit,2026-07-06,Services Page
A05092,L0828,Call,2026-07-06,No Answer
A05093,L0835,Call,2026-07-06,Voicemail
A05094,L0848,Meeting,2026-07-06,Completed
A05095,L0861,Call,2026-07-06,Connected
A05096,L0871,Email,2026-07-06,No Response
A05097,L0875,Email,2026-07-06,No Response
A05098,L0915,Meeting,2026-07-06,Completed
A05099,L0927,Email,2026-07-06,No Response
A05100,L0942,Email,2026-07-06,Replied
A05101,L0978,Email,2026-07-06,Opened
A05102,L1042,Call,2026-07-06,Connected
A05103,L1042,Email,2026-07-06,Opened
A05104,L1059,Meeting,2026-07-06,Completed
A05105,L1087,Call,2026-07-06,No Answer
A05106,L1107,Meeting,2026-07-06,Completed
A05107,L1110,Call,2026-07-06,Connected
A05108,L1110,Call,2026-07-06,Connected
A05109,L1118,Call,2026-07-06,Connected
A05110,L1196,Call,2026-07-06,Voicemail
A05111,L1240,Meeting,2026-07-06,Completed
A05112,L1261,Website Visit,2026-07-06,Pricing Page
A05113,L1275,Call,2026-07-06,Not Interested
A05114,L1312,Meeting,2026-07-06,Completed
A05115,L1321,Website Visit,2026-07-06,Services Page
A05116,L1326,Call,2026-07-06,Connected
A05117,L1333,Email,2026-07-06,No Response
A05118,L1337,Email,2026-07-06,Opened
A05119,L1340,Website Visit,2026-07-06,Case Study
A05120,L1367,Email,2026-07-06,Opened
A05121,L0682,Email,2026-07-07,Replied
A05122,L0701,Call,2026-07-07,Voicemail
A05123,L0712,Email,2026-07-07,Bounced
A05124,L0769,Website Visit,2026-07-07,Services Page
A05125,L0790,Call,2026-07-07,No Answer
A05126,L0809,Email,2026-07-07,No Response
A05127,L0850,Call,2026-07-07,Connected
A05128,L0863,Email,2026-07-07,No Response
A05129,L0915,Website Visit,2026-07-07,Case Study
A05130,L0968,Call,2026-07-07,Connected
A05131,L0990,Email,2026-07-07,No Response
A05132,L0999,Meeting,2026-07-07,Completed
A05133,L1003,Call,2026-07-07,No Answer
A05134,L1064,Call,2026-07-07,Callback Requested
A05135,L1083,Call,2026-07-07,Connected
A05136,L1099,Website Visit,2026-07-07,Case Study
A05137,L1100,Website Visit,2026-07-07,Services Page
A05138,L1116,Email,2026-07-07,No Response
A05139,L1116,Website Visit,2026-07-07,Services Page
A05140,L1178,Website Visit,2026-07-07,Blog
A05141,L1265,Call,2026-07-07,Callback Requested
A05142,L1289,Website Visit,2026-07-07,Contact Page
A05143,L1299,Website Visit,2026-07-07,Pricing Page
A05144,L1313,Website Visit,2026-07-07,Services Page
A05145,L1331,Meeting,2026-07-07,Completed
A05146,L1344,Website Visit,2026-07-07,Pricing Page
A05147,L1366,Call,2026-07-07,Voicemail
A05148,L1367,Call,2026-07-07,Connected
A05149,L1368,Email,2026-07-07,Opened
A05150,L0696,Email,2026-07-08,No Response
A05151,L0745,Call,2026-07-08,No Answer
A05152,L0745,Call,2026-07-08,Callback Requested
A05153,L0745,Website Visit,2026-07-08,Services Page
A05154,L0771,Website Visit,2026-07-08,Pricing Page
A05155,L0800,Email,2026-07-08,Opened
A05156,L0811,Email,2026-07-08,Opened
A05157,L0824,Call,2026-07-08,No Answer
A05158,L0871,Email,2026-07-08,Opened
A05159,L0875,Email,2026-07-08,Replied
A05160,L0889,Call,2026-07-08,Not Interested
A05161,L0955,Website Visit,2026-07-08,Case Study
A05162,L0987,Meeting,2026-07-08,Completed
A05163,L0999,Email,2026-07-08,Opened
A05164,L1026,Website Visit,2026-07-08,Services Page
A05165,L1028,Call,2026-07-08,Connected
A05166,L1028,Meeting,2026-07-08,Completed
A05167,L1034,Call,2026-07-08,No Answer
A05168,L1072,Call,2026-07-08,Voicemail
A05169,L1079,Call,2026-07-08,Voicemail
A05170,L1092,Website Visit,2026-07-08,Services Page
A05171,L1094,Call,2026-07-08,Connected
A05172,L1114,Website Visit,2026-07-08,Contact Page
A05173,L1125,Email,2026-07-08,Replied
A05174,L1126,Website Visit,2026-07-08,Pricing Page
A05175,L1157,Website Visit,2026-07-08,Services Page
A05176,L1193,Email,2026-07-08,Opened
A05177,L1193,Website Visit,2026-07-08,Pricing Page
A05178,L1209,Call,2026-07-08,Not Interested
A05179,L1230,Website Visit,2026-07-08,Blog
A05180,L1254,Meeting,2026-07-08,Rescheduled
A05181,L1271,Call,2026-07-08,Connected
A05182,L1271,Call,2026-07-08,No Answer
A05183,L1282,Call,2026-07-08,Connected
A05184,L1308,Email,2026-07-08,Opened
A05185,L1320,Website Visit,2026-07-08,Services Page
A05186,L1321,Email,2026-07-08,Opened
A05187,L1335,Call,2026-07-08,No Answer
A05188,L1336,Email,2026-07-08,No Response
A05189,L1372,Email,2026-07-08,No Response
A05190,L0699,Website Visit,2026-07-09,Contact Page
A05191,L0702,Call,2026-07-09,Connected
A05192,L0707,Website Visit,2026-07-09,Pricing Page
A05193,L0708,Website Visit,2026-07-09,Case Study
A05194,L0745,Meeting,2026-07-09,Completed
A05195,L0745,Website Visit,2026-07-09,Case Study
A05196,L0755,Meeting,2026-07-09,Completed
A05197,L0817,Website Visit,2026-07-09,Services Page
A05198,L0850,Website Visit,2026-07-09,Case Study
A05199,L0855,Website Visit,2026-07-09,Pricing Page
A05200,L0861,Meeting,2026-07-09,Rescheduled
A05201,L0888,Call,2026-07-09,No Answer
A05202,L0935,Website Visit,2026-07-09,Blog
A05203,L0970,Call,2026-07-09,Connected
A05204,L0987,Call,2026-07-09,Connected
A05205,L1002,Website Visit,2026-07-09,Services Page
A05206,L1009,Email,2026-07-09,Replied
A05207,L1033,Email,2026-07-09,No Response
A05208,L1085,Call,2026-07-09,No Answer
A05209,L1132,Website Visit,2026-07-09,Case Study
A05210,L1140,Call,2026-07-09,Callback Requested
A05211,L1254,Meeting,2026-07-09,Completed
A05212,L1255,Website Visit,2026-07-09,Services Page
A05213,L1288,Website Visit,2026-07-09,Pricing Page
A05214,L1299,Email,2026-07-09,Opened
A05215,L1308,Call,2026-07-09,Connected
A05216,L1314,Website Visit,2026-07-09,Case Study
A05217,L1374,Call,2026-07-09,No Answer
A05218,L1390,Email,2026-07-09,Replied
A05219,L1390,Website Visit,2026-07-09,Contact Page
A05220,L1393,Website Visit,2026-07-09,Contact Page
A05221,L1394,Website Visit,2026-07-09,Services Page
A05222,L1396,Call,2026-07-09,No Answer
A05223,L0708,Meeting,2026-07-10,Completed
A05224,L0725,Email,2026-07-10,No Response
A05225,L0768,Website Visit,2026-07-10,Blog
A05226,L0772,Call,2026-07-10,No Answer
A05227,L0780,Email,2026-07-10,Opened
A05228,L0784,Call,2026-07-10,Callback Requested
A05229,L0816,Call,2026-07-10,Callback Requested
A05230,L0835,Website Visit,2026-07-10,Services Page
A05231,L0852,Email,2026-07-10,Opened
A05232,L0862,Call,2026-07-10,Voicemail
A05233,L0869,Email,2026-07-10,Opened
A05234,L0910,Website Visit,2026-07-10,Contact Page
A05235,L0918,Call,2026-07-10,Connected
A05236,L0924,Call,2026-07-10,No Answer
A05237,L0956,Website Visit,2026-07-10,Services Page
A05238,L0994,Email,2026-07-10,No Response
A05239,L1001,Website Visit,2026-07-10,Contact Page
A05240,L1016,Call,2026-07-10,Connected
A05241,L1028,Meeting,2026-07-10,No Show
A05242,L1030,Website Visit,2026-07-10,Pricing Page
A05243,L1045,Meeting,2026-07-10,Completed
A05244,L1131,Website Visit,2026-07-10,Services Page
A05245,L1214,Call,2026-07-10,No Answer
A05246,L1239,Call,2026-07-10,Connected
A05247,L1265,Website Visit,2026-07-10,Pricing Page
A05248,L1268,Call,2026-07-10,No Answer
A05249,L1268,Website Visit,2026-07-10,Case Study
A05250,L1272,Call,2026-07-10,No Answer
A05251,L1280,Call,2026-07-10,No Answer
A05252,L1297,Call,2026-07-10,Connected
A05253,L1318,Website Visit,2026-07-10,Services Page
A05254,L1321,Email,2026-07-10,Replied
A05255,L1333,Website Visit,2026-07-10,Services Page
A05256,L1351,Call,2026-07-10,Callback Requested
A05257,L1368,Call,2026-07-10,Not Interested
A05258,L1377,Website Visit,2026-07-10,Contact Page
A05259,L1388,Call,2026-07-10,Connected
A05260,L1401,Website Visit,2026-07-10,Blog
A05261,L0719,Call,2026-07-11,Connected
A05262,L0739,Meeting,2026-07-11,Completed
A05263,L0758,Call,2026-07-11,Not Interested
A05264,L0765,Call,2026-07-11,Connected
A05265,L0780,Email,2026-07-11,No Response
A05266,L0788,Call,2026-07-11,Connected
A05267,L0803,Website Visit,2026-07-11,Blog
A05268,L0815,Call,2026-07-11,Connected
A05269,L0817,Call,2026-07-11,No Answer
A05270,L0836,Call,2026-07-11,Not Interested
A05271,L0859,Call,2026-07-11,No Answer
A05272,L0866,Email,2026-07-11,Replied
A05273,L0870,Call,2026-07-11,Voicemail
A05274,L0914,Call,2026-07-11,No Answer
A05275,L0947,Email,2026-07-11,Replied
A05276,L0950,Website Visit,2026-07-11,Case Study
A05277,L0996,Meeting,2026-07-11,Completed
A05278,L1003,Meeting,2026-07-11,Completed
A05279,L1049,Website Visit,2026-07-11,Case Study
A05280,L1108,Call,2026-07-11,No Answer
A05281,L1134,Call,2026-07-11,Connected
A05282,L1137,Website Visit,2026-07-11,Services Page
A05283,L1140,Website Visit,2026-07-11,Contact Page
A05284,L1143,Website Visit,2026-07-11,Services Page
A05285,L1169,Email,2026-07-11,Replied
A05286,L1187,Call,2026-07-11,Connected
A05287,L1221,Call,2026-07-11,Connected
A05288,L1234,Website Visit,2026-07-11,Blog
A05289,L1243,Email,2026-07-11,Opened
A05290,L1244,Website Visit,2026-07-11,Blog
A05291,L1252,Meeting,2026-07-11,Completed
A05292,L1321,Meeting,2026-07-11,No Show
A05293,L1322,Call,2026-07-11,Connected
A05294,L1327,Website Visit,2026-07-11,Pricing Page
A05295,L1336,Email,2026-07-11,No Response
A05296,L1401,Email,2026-07-11,Opened
A05297,L1402,Email,2026-07-11,Opened
A05298,L0731,Website Visit,2026-07-12,Blog
A05299,L0750,Call,2026-07-12,Connected
A05300,L0755,Call,2026-07-12,Connected
A05301,L0758,Email,2026-07-12,Replied
A05302,L0758,Email,2026-07-12,Opened
A05303,L0763,Call,2026-07-12,Connected
A05304,L0781,Email,2026-07-12,Bounced
A05305,L0785,Email,2026-07-12,No Response
A05306,L0841,Email,2026-07-12,No Response
A05307,L0859,Website Visit,2026-07-12,Case Study
A05308,L0878,Website Visit,2026-07-12,Case Study
A05309,L0902,Email,2026-07-12,Opened
A05310,L0902,Website Visit,2026-07-12,Case Study
A05311,L0907,Meeting,2026-07-12,No Show
A05312,L0907,Website Visit,2026-07-12,Blog
A05313,L0911,Email,2026-07-12,No Response
A05314,L0911,Website Visit,2026-07-12,Contact Page
A05315,L0933,Call,2026-07-12,Callback Requested
A05316,L0952,Website Visit,2026-07-12,Blog
A05317,L0961,Email,2026-07-12,No Response
A05318,L0989,Call,2026-07-12,Connected
A05319,L0997,Email,2026-07-12,No Response
A05320,L1024,Email,2026-07-12,Replied
A05321,L1036,Website Visit,2026-07-12,Services Page
A05322,L1045,Email,2026-07-12,No Response
A05323,L1057,Website Visit,2026-07-12,Blog
A05324,L1059,Meeting,2026-07-12,Completed
A05325,L1064,Email,2026-07-12,Bounced
A05326,L1077,Website Visit,2026-07-12,Contact Page
A05327,L1078,Call,2026-07-12,Connected
A05328,L1081,Email,2026-07-12,Opened
A05329,L1096,Call,2026-07-12,Connected
A05330,L1116,Email,2026-07-12,Bounced
A05331,L1121,Website Visit,2026-07-12,Services Page
A05332,L1148,Website Visit,2026-07-12,Case Study
A05333,L1157,Meeting,2026-07-12,Completed
A05334,L1178,Email,2026-07-12,Bounced
A05335,L1200,Meeting,2026-07-12,No Show
A05336,L1230,Email,2026-07-12,Bounced
A05337,L1240,Website Visit,2026-07-12,Services Page
A05338,L1257,Call,2026-07-12,Connected
A05339,L1279,Website Visit,2026-07-12,Pricing Page
A05340,L1280,Meeting,2026-07-12,Completed
A05341,L1353,Call,2026-07-12,Callback Requested
A05342,L1368,Email,2026-07-12,No Response
A05343,L1368,Meeting,2026-07-12,Completed
A05344,L1385,Call,2026-07-12,Callback Requested
A05345,L0724,Call,2026-07-13,Callback Requested
A05346,L0743,Email,2026-07-13,Replied
A05347,L0758,Call,2026-07-13,No Answer
A05348,L0766,Call,2026-07-13,No Answer
A05349,L0779,Website Visit,2026-07-13,Pricing Page
A05350,L0787,Website Visit,2026-07-13,Case Study
A05351,L0799,Call,2026-07-13,No Answer
A05352,L0801,Call,2026-07-13,Connected
A05353,L0806,Call,2026-07-13,Connected
A05354,L0855,Call,2026-07-13,Callback Requested
A05355,L0859,Email,2026-07-13,No Response
A05356,L0885,Email,2026-07-13,Replied
A05357,L0885,Meeting,2026-07-13,Rescheduled
A05358,L0916,Call,2026-07-13,No Answer
A05359,L0923,Website Visit,2026-07-13,Pricing Page
A05360,L0934,Email,2026-07-13,Opened
A05361,L0934,Meeting,2026-07-13,Completed
A05362,L0942,Call,2026-07-13,No Answer
A05363,L1028,Email,2026-07-13,Replied
A05364,L1072,Call,2026-07-13,Connected
A05365,L1072,Email,2026-07-13,No Response
A05366,L1079,Call,2026-07-13,Callback Requested
A05367,L1080,Call,2026-07-13,No Answer
A05368,L1082,Email,2026-07-13,No Response
A05369,L1089,Call,2026-07-13,Connected
A05370,L1122,Website Visit,2026-07-13,Contact Page
A05371,L1140,Call,2026-07-13,Connected
A05372,L1151,Call,2026-07-13,Connected
A05373,L1174,Website Visit,2026-07-13,Blog
A05374,L1193,Email,2026-07-13,Replied
A05375,L1205,Website Visit,2026-07-13,Contact Page
A05376,L1224,Website Visit,2026-07-13,Services Page
A05377,L1231,Call,2026-07-13,No Answer
A05378,L1234,Meeting,2026-07-13,Completed
A05379,L1243,Call,2026-07-13,Not Interested
A05380,L1246,Call,2026-07-13,Connected
A05381,L1283,Website Visit,2026-07-13,Pricing Page
A05382,L1291,Email,2026-07-13,Opened
A05383,L1296,Email,2026-07-13,No Response
A05384,L1305,Website Visit,2026-07-13,Contact Page
A05385,L1317,Website Visit,2026-07-13,Blog
A05386,L1326,Website Visit,2026-07-13,Contact Page
A05387,L1337,Meeting,2026-07-13,Completed
A05388,L1339,Website Visit,2026-07-13,Case Study
A05389,L1350,Website Visit,2026-07-13,Blog
A05390,L1360,Meeting,2026-07-13,Completed
A05391,L1393,Meeting,2026-07-13,Completed
A05392,L1400,Website Visit,2026-07-13,Services Page
A05393,L1410,Email,2026-07-13,No Response
A05394,L0727,Meeting,2026-07-14,Completed
A05395,L0750,Email,2026-07-14,Opened
A05396,L0771,Call,2026-07-14,No Answer
A05397,L0771,Meeting,2026-07-14,Completed
A05398,L0780,Email,2026-07-14,Bounced
A05399,L0783,Call,2026-07-14,Connected
A05400,L0794,Call,2026-07-14,Connected
A05401,L0801,Call,2026-07-14,Voicemail
A05402,L0860,Email,2026-07-14,Opened
A05403,L0911,Email,2026-07-14,No Response
A05404,L0926,Email,2026-07-14,No Response
A05405,L0931,Website Visit,2026-07-14,Case Study
A05406,L0937,Website Visit,2026-07-14,Services Page
A05407,L0954,Email,2026-07-14,Replied
A05408,L0956,Call,2026-07-14,No Answer
A05409,L0983,Website Visit,2026-07-14,Blog
A05410,L1011,Call,2026-07-14,No Answer
A05411,L1059,Call,2026-07-14,Connected
A05412,L1059,Email,2026-07-14,Replied
A05413,L1065,Email,2026-07-14,No Response
A05414,L1093,Call,2026-07-14,No Answer
A05415,L1102,Call,2026-07-14,No Answer
A05416,L1118,Meeting,2026-07-14,No Show
A05417,L1125,Website Visit,2026-07-14,Case Study
A05418,L1256,Website Visit,2026-07-14,Case Study
A05419,L1257,Call,2026-07-14,No Answer
A05420,L1257,Meeting,2026-07-14,Rescheduled
A05421,L1267,Website Visit,2026-07-14,Services Page
A05422,L1316,Call,2026-07-14,No Answer
A05423,L1372,Email,2026-07-14,No Response
A05424,L1380,Call,2026-07-14,No Answer
A05425,L1425,Call,2026-07-14,No Answer
A05426,L0771,Website Visit,2026-07-15,Contact Page
A05427,L0774,Call,2026-07-15,No Answer
A05428,L0802,Call,2026-07-15,No Answer
A05429,L0806,Email,2026-07-15,No Response
A05430,L0817,Call,2026-07-15,No Answer
A05431,L0820,Website Visit,2026-07-15,Blog
A05432,L0840,Call,2026-07-15,Callback Requested
A05433,L0854,Email,2026-07-15,No Response
A05434,L0860,Call,2026-07-15,Callback Requested
A05435,L0864,Call,2026-07-15,No Answer
A05436,L0871,Meeting,2026-07-15,Completed
A05437,L0884,Email,2026-07-15,Replied
A05438,L0912,Call,2026-07-15,No Answer
A05439,L0937,Email,2026-07-15,No Response
A05440,L1057,Website Visit,2026-07-15,Contact Page
A05441,L1058,Website Visit,2026-07-15,Blog
A05442,L1067,Website Visit,2026-07-15,Services Page
A05443,L1077,Website Visit,2026-07-15,Pricing Page
A05444,L1085,Meeting,2026-07-15,Rescheduled
A05445,L1085,Website Visit,2026-07-15,Blog
A05446,L1088,Call,2026-07-15,No Answer
A05447,L1128,Website Visit,2026-07-15,Pricing Page
A05448,L1137,Website Visit,2026-07-15,Services Page
A05449,L1143,Email,2026-07-15,Opened
A05450,L1169,Call,2026-07-15,Connected
A05451,L1187,Call,2026-07-15,No Answer
A05452,L1193,Website Visit,2026-07-15,Case Study
A05453,L1194,Website Visit,2026-07-15,Blog
A05454,L1207,Call,2026-07-15,Connected
A05455,L1245,Call,2026-07-15,Connected
A05456,L1252,Call,2026-07-15,Not Interested
A05457,L1268,Call,2026-07-15,Connected
A05458,L1269,Website Visit,2026-07-15,Contact Page
A05459,L1317,Call,2026-07-15,Connected
A05460,L1329,Website Visit,2026-07-15,Pricing Page
A05461,L1337,Email,2026-07-15,No Response
A05462,L1354,Call,2026-07-15,Connected
A05463,L1412,Website Visit,2026-07-15,Blog
A05464,L1418,Call,2026-07-15,Callback Requested
A05465,L1434,Website Visit,2026-07-15,Case Study
A05466,L1443,Email,2026-07-15,Opened
A05467,L1444,Email,2026-07-15,Opened
A05468,L0762,Email,2026-07-16,Replied
A05469,L0789,Website Visit,2026-07-16,Services Page
A05470,L0808,Website Visit,2026-07-16,Contact Page
A05471,L0823,Call,2026-07-16,No Answer
A05472,L0827,Call,2026-07-16,No Answer
A05473,L0828,Email,2026-07-16,No Response
A05474,L0840,Website Visit,2026-07-16,Contact Page
A05475,L0897,Website Visit,2026-07-16,Services Page
A05476,L0926,Call,2026-07-16,Voicemail
A05477,L0937,Call,2026-07-16,Callback Requested
A05478,L0937,Meeting,2026-07-16,Completed
A05479,L0956,Website Visit,2026-07-16,Services Page
A05480,L0957,Call,2026-07-16,Connected
A05481,L0969,Email,2026-07-16,Replied
A05482,L0996,Email,2026-07-16,Opened
A05483,L0999,Website Visit,2026-07-16,Services Page
A05484,L1054,Website Visit,2026-07-16,Contact Page
A05485,L1055,Call,2026-07-16,Voicemail
A05486,L1087,Website Visit,2026-07-16,Pricing Page
A05487,L1093,Website Visit,2026-07-16,Services Page
A05488,L1101,Email,2026-07-16,Opened
A05489,L1177,Email,2026-07-16,Opened
A05490,L1238,Call,2026-07-16,Connected
A05491,L1239,Email,2026-07-16,No Response
A05492,L1240,Email,2026-07-16,No Response
A05493,L1253,Website Visit,2026-07-16,Pricing Page
A05494,L1254,Email,2026-07-16,Opened
A05495,L1257,Website Visit,2026-07-16,Services Page
A05496,L1280,Website Visit,2026-07-16,Pricing Page
A05497,L1304,Website Visit,2026-07-16,Pricing Page
A05498,L1337,Call,2026-07-16,Connected
A05499,L1380,Website Visit,2026-07-16,Services Page
A05500,L1385,Email,2026-07-16,No Response
A05501,L1393,Call,2026-07-16,Connected
A05502,L1393,Email,2026-07-16,Opened
A05503,L1429,Website Visit,2026-07-16,Services Page
A05504,L1435,Call,2026-07-16,Callback Requested
A05505,L1435,Email,2026-07-16,Replied
A05506,L1450,Website Visit,2026-07-16,Services Page
A05507,L0757,Email,2026-07-17,Replied
A05508,L0767,Email,2026-07-17,Opened
A05509,L0775,Website Visit,2026-07-17,Blog
A05510,L0780,Website Visit,2026-07-17,Pricing Page
A05511,L0801,Website Visit,2026-07-17,Services Page
A05512,L0811,Website Visit,2026-07-17,Services Page
A05513,L0813,Email,2026-07-17,Opened
A05514,L0814,Email,2026-07-17,No Response
A05515,L0821,Call,2026-07-17,No Answer
A05516,L0848,Call,2026-07-17,Connected
A05517,L0875,Website Visit,2026-07-17,Case Study
A05518,L0894,Call,2026-07-17,Connected
A05519,L0910,Call,2026-07-17,No Answer
A05520,L0922,Website Visit,2026-07-17,Contact Page
A05521,L0927,Meeting,2026-07-17,Completed
A05522,L0932,Website Visit,2026-07-17,Case Study
A05523,L0945,Meeting,2026-07-17,Rescheduled
A05524,L0967,Email,2026-07-17,Opened
A05525,L0999,Call,2026-07-17,Connected
A05526,L1042,Call,2026-07-17,Not Interested
A05527,L1046,Website Visit,2026-07-17,Services Page
A05528,L1046,Website Visit,2026-07-17,Contact Page
A05529,L1078,Email,2026-07-17,Replied
A05530,L1167,Website Visit,2026-07-17,Case Study
A05531,L1195,Call,2026-07-17,No Answer
A05532,L1207,Email,2026-07-17,Replied
A05533,L1251,Email,2026-07-17,Opened
A05534,L1259,Meeting,2026-07-17,Completed
A05535,L1265,Email,2026-07-17,Opened
A05536,L1279,Email,2026-07-17,Replied
A05537,L1287,Call,2026-07-17,No Answer
A05538,L1327,Email,2026-07-17,No Response
A05539,L1329,Meeting,2026-07-17,Completed
A05540,L1341,Website Visit,2026-07-17,Case Study
A05541,L1348,Call,2026-07-17,Callback Requested
A05542,L1351,Call,2026-07-17,Connected
A05543,L1414,Email,2026-07-17,No Response
A05544,L1424,Call,2026-07-17,Connected
A05545,L1425,Website Visit,2026-07-17,Case Study
A05546,L1429,Email,2026-07-17,Opened
A05547,L1451,Call,2026-07-17,Voicemail
A05548,L1454,Call,2026-07-17,Connected
A05549,L1458,Website Visit,2026-07-17,Services Page
A05550,L1460,Call,2026-07-17,Connected
A05551,L0779,Website Visit,2026-07-18,Pricing Page
A05552,L0782,Email,2026-07-18,No Response
A05553,L0813,Email,2026-07-18,Opened
A05554,L0856,Website Visit,2026-07-18,Services Page
A05555,L0861,Call,2026-07-18,Connected
A05556,L0901,Website Visit,2026-07-18,Pricing Page
A05557,L0907,Call,2026-07-18,No Answer
A05558,L0932,Call,2026-07-18,No Answer
A05559,L0945,Website Visit,2026-07-18,Services Page
A05560,L0966,Meeting,2026-07-18,Completed
A05561,L0984,Email,2026-07-18,No Response
A05562,L1006,Website Visit,2026-07-18,Blog
A05563,L1055,Website Visit,2026-07-18,Services Page
A05564,L1072,Website Visit,2026-07-18,Services Page
A05565,L1074,Email,2026-07-18,Replied
A05566,L1074,Website Visit,2026-07-18,Services Page
A05567,L1104,Email,2026-07-18,Replied
A05568,L1115,Website Visit,2026-07-18,Blog
A05569,L1151,Email,2026-07-18,Opened
A05570,L1194,Call,2026-07-18,Callback Requested
A05571,L1209,Call,2026-07-18,Connected
A05572,L1222,Call,2026-07-18,Connected
A05573,L1241,Website Visit,2026-07-18,Pricing Page
A05574,L1258,Call,2026-07-18,Voicemail
A05575,L1258,Meeting,2026-07-18,No Show
A05576,L1270,Email,2026-07-18,Opened
A05577,L1279,Email,2026-07-18,Replied
A05578,L1298,Email,2026-07-18,Replied
A05579,L1313,Website Visit,2026-07-18,Blog
A05580,L1349,Website Visit,2026-07-18,Case Study
A05581,L1377,Meeting,2026-07-18,Completed
A05582,L1382,Website Visit,2026-07-18,Services Page
A05583,L1416,Meeting,2026-07-18,Completed
A05584,L1447,Website Visit,2026-07-18,Blog
A05585,L1466,Call,2026-07-18,Connected
A05586,L1474,Call,2026-07-18,Voicemail
A05587,L0776,Call,2026-07-19,Callback Requested
A05588,L0800,Email,2026-07-19,No Response
A05589,L0840,Website Visit,2026-07-19,Services Page
A05590,L0856,Meeting,2026-07-19,Completed
A05591,L0876,Call,2026-07-19,No Answer
A05592,L0901,Call,2026-07-19,Not Interested
A05593,L0942,Website Visit,2026-07-19,Contact Page
A05594,L0954,Meeting,2026-07-19,Completed
A05595,L1050,Email,2026-07-19,No Response
A05596,L1053,Call,2026-07-19,Voicemail
A05597,L1087,Website Visit,2026-07-19,Services Page
A05598,L1091,Website Visit,2026-07-19,Services Page
A05599,L1107,Call,2026-07-19,Connected
A05600,L1107,Meeting,2026-07-19,Completed
A05601,L1112,Meeting,2026-07-19,Completed
A05602,L1119,Call,2026-07-19,Connected
A05603,L1155,Website Visit,2026-07-19,Blog
A05604,L1165,Email,2026-07-19,Opened
A05605,L1194,Website Visit,2026-07-19,Services Page
A05606,L1220,Email,2026-07-19,No Response
A05607,L1231,Email,2026-07-19,Opened
A05608,L1306,Website Visit,2026-07-19,Blog
A05609,L1321,Call,2026-07-19,Voicemail
A05610,L1325,Email,2026-07-19,Opened
A05611,L1350,Call,2026-07-19,Callback Requested
A05612,L1353,Call,2026-07-19,Callback Requested
A05613,L1358,Email,2026-07-19,Opened
A05614,L1380,Email,2026-07-19,No Response
A05615,L1387,Website Visit,2026-07-19,Services Page
A05616,L1394,Website Visit,2026-07-19,Contact Page
A05617,L1416,Email,2026-07-19,Opened
A05618,L1422,Email,2026-07-19,No Response
A05619,L1422,Website Visit,2026-07-19,Pricing Page
A05620,L1439,Call,2026-07-19,Connected
A05621,L1444,Call,2026-07-19,Voicemail
A05622,L1453,Website Visit,2026-07-19,Services Page
A05623,L1458,Call,2026-07-19,Callback Requested
A05624,L0786,Call,2026-07-20,Voicemail
A05625,L0786,Website Visit,2026-07-20,Pricing Page
A05626,L0800,Website Visit,2026-07-20,Contact Page
A05627,L0840,Email,2026-07-20,Replied
A05628,L0868,Call,2026-07-20,Connected
A05629,L0869,Call,2026-07-20,No Answer
A05630,L0875,Website Visit,2026-07-20,Contact Page
A05631,L0882,Website Visit,2026-07-20,Case Study
A05632,L0895,Website Visit,2026-07-20,Blog
A05633,L0957,Call,2026-07-20,Connected
A05634,L0986,Website Visit,2026-07-20,Blog
A05635,L0995,Call,2026-07-20,Connected
A05636,L1010,Call,2026-07-20,Callback Requested
A05637,L1028,Website Visit,2026-07-20,Case Study
A05638,L1057,Website Visit,2026-07-20,Pricing Page
A05639,L1091,Website Visit,2026-07-20,Blog
A05640,L1092,Website Visit,2026-07-20,Pricing Page
A05641,L1101,Website Visit,2026-07-20,Contact Page
A05642,L1125,Call,2026-07-20,No Answer
A05643,L1131,Call,2026-07-20,No Answer
A05644,L1153,Email,2026-07-20,No Response
A05645,L1206,Email,2026-07-20,No Response
A05646,L1240,Website Visit,2026-07-20,Contact Page
A05647,L1256,Website Visit,2026-07-20,Services Page
A05648,L1258,Call,2026-07-20,Callback Requested
A05649,L1297,Call,2026-07-20,Connected
A05650,L1305,Call,2026-07-20,Callback Requested
A05651,L1331,Website Visit,2026-07-20,Services Page
A05652,L1351,Website Visit,2026-07-20,Services Page
A05653,L1359,Website Visit,2026-07-20,Services Page
A05654,L1361,Website Visit,2026-07-20,Case Study
A05655,L1401,Email,2026-07-20,Opened
A05656,L1421,Website Visit,2026-07-20,Blog
A05657,L1425,Website Visit,2026-07-20,Case Study
A05658,L1446,Website Visit,2026-07-20,Services Page
A05659,L1460,Call,2026-07-20,Connected
A05660,L1465,Call,2026-07-20,Connected
A05661,L1467,Website Visit,2026-07-20,Case Study
A05662,L1470,Email,2026-07-20,No Response
A05663,L1472,Email,2026-07-20,Replied
A05664,L1497,Call,2026-07-20,No Answer
A05665,L0805,Call,2026-07-21,Connected
A05666,L0814,Meeting,2026-07-21,Completed
A05667,L0825,Email,2026-07-21,Opened
A05668,L0870,Email,2026-07-21,Opened
A05669,L0875,Call,2026-07-21,Connected
A05670,L0893,Website Visit,2026-07-21,Blog
A05671,L0917,Call,2026-07-21,Connected
A05672,L0918,Website Visit,2026-07-21,Services Page
A05673,L0945,Email,2026-07-21,Bounced
A05674,L0964,Email,2026-07-21,No Response
A05675,L0973,Call,2026-07-21,Connected
A05676,L0984,Call,2026-07-21,Callback Requested
A05677,L1012,Call,2026-07-21,Connected
A05678,L1037,Website Visit,2026-07-21,Case Study
A05679,L1047,Website Visit,2026-07-21,Services Page
A05680,L1058,Website Visit,2026-07-21,Pricing Page
A05681,L1085,Website Visit,2026-07-21,Contact Page
A05682,L1087,Email,2026-07-21,No Response
A05683,L1095,Call,2026-07-21,Connected
A05684,L1100,Call,2026-07-21,Voicemail
A05685,L1107,Website Visit,2026-07-21,Case Study
A05686,L1108,Call,2026-07-21,Connected
A05687,L1125,Website Visit,2026-07-21,Pricing Page
A05688,L1132,Email,2026-07-21,Replied
A05689,L1186,Website Visit,2026-07-21,Services Page
A05690,L1191,Call,2026-07-21,No Answer
A05691,L1193,Call,2026-07-21,Callback Requested
A05692,L1196,Call,2026-07-21,Connected
A05693,L1212,Call,2026-07-21,Voicemail
A05694,L1216,Call,2026-07-21,No Answer
A05695,L1267,Website Visit,2026-07-21,Services Page
A05696,L1314,Website Visit,2026-07-21,Case Study
A05697,L1324,Call,2026-07-21,Connected
A05698,L1330,Call,2026-07-21,Connected
A05699,L1341,Meeting,2026-07-21,Completed
A05700,L1342,Website Visit,2026-07-21,Services Page
A05701,L1351,Email,2026-07-21,No Response
A05702,L1385,Email,2026-07-21,No Response
A05703,L1389,Call,2026-07-21,Callback Requested
A05704,L1390,Website Visit,2026-07-21,Contact Page
A05705,L1403,Call,2026-07-21,Connected
A05706,L1410,Meeting,2026-07-21,Rescheduled
A05707,L1416,Call,2026-07-21,No Answer
A05708,L1422,Call,2026-07-21,Not Interested
A05709,L1423,Email,2026-07-21,Replied
A05710,L1425,Email,2026-07-21,No Response
A05711,L1426,Call,2026-07-21,Connected
A05712,L1434,Website Visit,2026-07-21,Services Page
A05713,L1456,Call,2026-07-21,Connected
A05714,L1472,Call,2026-07-21,Voicemail
A05715,L1476,Call,2026-07-21,Connected
A05716,L1478,Meeting,2026-07-21,Completed
A05717,L1484,Call,2026-07-21,Voicemail
A05718,L0800,Meeting,2026-07-22,Completed
A05719,L0820,Website Visit,2026-07-22,Blog
A05720,L0825,Call,2026-07-22,Callback Requested
A05721,L0850,Meeting,2026-07-22,Completed
A05722,L0859,Meeting,2026-07-22,Completed
A05723,L0861,Email,2026-07-22,No Response
A05724,L0866,Website Visit,2026-07-22,Services Page
A05725,L0869,Website Visit,2026-07-22,Case Study
A05726,L0873,Website Visit,2026-07-22,Blog
A05727,L0912,Website Visit,2026-07-22,Contact Page
A05728,L0913,Email,2026-07-22,Opened
A05729,L0926,Call,2026-07-22,No Answer
A05730,L0952,Call,2026-07-22,No Answer
A05731,L0966,Call,2026-07-22,No Answer
A05732,L0981,Email,2026-07-22,Replied
A05733,L0992,Email,2026-07-22,Replied
A05734,L1018,Email,2026-07-22,Replied
A05735,L1034,Website Visit,2026-07-22,Services Page
A05736,L1039,Email,2026-07-22,No Response
A05737,L1054,Call,2026-07-22,Connected
A05738,L1063,Email,2026-07-22,No Response
A05739,L1114,Website Visit,2026-07-22,Pricing Page
A05740,L1116,Email,2026-07-22,No Response
A05741,L1154,Call,2026-07-22,Connected
A05742,L1170,Website Visit,2026-07-22,Services Page
A05743,L1176,Website Visit,2026-07-22,Blog
A05744,L1200,Email,2026-07-22,Opened
A05745,L1206,Call,2026-07-22,Voicemail
A05746,L1208,Call,2026-07-22,Callback Requested
A05747,L1220,Meeting,2026-07-22,Completed
A05748,L1254,Email,2026-07-22,No Response
A05749,L1263,Call,2026-07-22,Voicemail
A05750,L1263,Website Visit,2026-07-22,Blog
A05751,L1264,Website Visit,2026-07-22,Blog
A05752,L1265,Website Visit,2026-07-22,Services Page
A05753,L1299,Call,2026-07-22,No Answer
A05754,L1309,Call,2026-07-22,No Answer
A05755,L1362,Email,2026-07-22,No Response
A05756,L1377,Email,2026-07-22,Replied
A05757,L1421,Meeting,2026-07-22,Completed
A05758,L1437,Call,2026-07-22,Connected
A05759,L1455,Website Visit,2026-07-22,Blog
A05760,L1472,Meeting,2026-07-22,Completed
A05761,L1498,Email,2026-07-22,Bounced
A05762,L1500,Email,2026-07-22,No Response
A05763,L1510,Website Visit,2026-07-22,Services Page
A05764,L0808,Website Visit,2026-07-23,Blog
A05765,L0813,Call,2026-07-23,No Answer
A05766,L0816,Website Visit,2026-07-23,Blog
A05767,L0828,Call,2026-07-23,Connected
A05768,L0830,Email,2026-07-23,No Response
A05769,L0833,Call,2026-07-23,Connected
A05770,L0850,Website Visit,2026-07-23,Services Page
A05771,L0891,Website Visit,2026-07-23,Pricing Page
A05772,L0894,Website Visit,2026-07-23,Pricing Page
A05773,L0915,Meeting,2026-07-23,Completed
A05774,L0972,Call,2026-07-23,Callback Requested
A05775,L0996,Call,2026-07-23,No Answer
A05776,L1016,Email,2026-07-23,Replied
A05777,L1045,Call,2026-07-23,No Answer
A05778,L1054,Website Visit,2026-07-23,Blog
A05779,L1059,Email,2026-07-23,Opened
A05780,L1075,Call,2026-07-23,No Answer
A05781,L1112,Email,2026-07-23,No Response
A05782,L1115,Call,2026-07-23,Callback Requested
A05783,L1118,Call,2026-07-23,Connected
A05784,L1133,Call,2026-07-23,Connected
A05785,L1181,Call,2026-07-23,Voicemail
A05786,L1210,Website Visit,2026-07-23,Pricing Page
A05787,L1230,Call,2026-07-23,No Answer
A05788,L1234,Website Visit,2026-07-23,Blog
A05789,L1237,Website Visit,2026-07-23,Services Page
A05790,L1322,Call,2026-07-23,Callback Requested
A05791,L1322,Website Visit,2026-07-23,Services Page
A05792,L1327,Call,2026-07-23,Connected
A05793,L1345,Website Visit,2026-07-23,Pricing Page
A05794,L1368,Call,2026-07-23,Connected
A05795,L1393,Call,2026-07-23,No Answer
A05796,L1393,Website Visit,2026-07-23,Services Page
A05797,L1399,Call,2026-07-23,Connected
A05798,L1401,Email,2026-07-23,Replied
A05799,L1433,Website Visit,2026-07-23,Services Page
A05800,L1451,Call,2026-07-23,Connected
A05801,L1460,Email,2026-07-23,Opened
A05802,L1478,Call,2026-07-23,No Answer
A05803,L1485,Website Visit,2026-07-23,Services Page
A05804,L1491,Website Visit,2026-07-23,Contact Page
A05805,L0807,Website Visit,2026-07-24,Contact Page
A05806,L0814,Call,2026-07-24,Callback Requested
A05807,L0821,Website Visit,2026-07-24,Case Study
A05808,L0824,Email,2026-07-24,Bounced
A05809,L0850,Email,2026-07-24,Replied
A05810,L0854,Meeting,2026-07-24,Rescheduled
A05811,L0901,Meeting,2026-07-24,Rescheduled
A05812,L0928,Website Visit,2026-07-24,Case Study
A05813,L0957,Website Visit,2026-07-24,Blog
A05814,L0967,Call,2026-07-24,Connected
A05815,L0987,Website Visit,2026-07-24,Services Page
A05816,L1074,Call,2026-07-24,No Answer
A05817,L1134,Website Visit,2026-07-24,Pricing Page
A05818,L1160,Website Visit,2026-07-24,Contact Page
A05819,L1168,Email,2026-07-24,Opened
A05820,L1187,Website Visit,2026-07-24,Case Study
A05821,L1192,Website Visit,2026-07-24,Blog
A05822,L1205,Website Visit,2026-07-24,Contact Page
A05823,L1207,Email,2026-07-24,Replied
A05824,L1228,Call,2026-07-24,Callback Requested
A05825,L1257,Call,2026-07-24,No Answer
A05826,L1259,Call,2026-07-24,No Answer
A05827,L1288,Call,2026-07-24,Connected
A05828,L1330,Call,2026-07-24,No Answer
A05829,L1372,Meeting,2026-07-24,Completed
A05830,L1395,Call,2026-07-24,Connected
A05831,L1414,Call,2026-07-24,No Answer
A05832,L1421,Website Visit,2026-07-24,Services Page
A05833,L1422,Website Visit,2026-07-24,Services Page
A05834,L1435,Call,2026-07-24,Connected
A05835,L1443,Call,2026-07-24,No Answer
A05836,L1444,Email,2026-07-24,Replied
A05837,L1446,Call,2026-07-24,Connected
A05838,L1456,Website Visit,2026-07-24,Services Page
A05839,L1470,Call,2026-07-24,Callback Requested
A05840,L1476,Meeting,2026-07-24,Completed
A05841,L1511,Website Visit,2026-07-24,Blog
A05842,L0853,Website Visit,2026-07-25,Case Study
A05843,L0856,Email,2026-07-25,Replied
A05844,L0859,Website Visit,2026-07-25,Pricing Page
A05845,L0869,Website Visit,2026-07-25,Pricing Page
A05846,L0871,Call,2026-07-25,Voicemail
A05847,L0934,Meeting,2026-07-25,Completed
A05848,L0989,Website Visit,2026-07-25,Services Page
A05849,L1005,Call,2026-07-25,No Answer
A05850,L1010,Website Visit,2026-07-25,Services Page
A05851,L1015,Website Visit,2026-07-25,Pricing Page
A05852,L1048,Email,2026-07-25,Bounced
A05853,L1053,Meeting,2026-07-25,Rescheduled
A05854,L1062,Website Visit,2026-07-25,Pricing Page
A05855,L1094,Call,2026-07-25,No Answer
A05856,L1099,Meeting,2026-07-25,Completed
A05857,L1108,Call,2026-07-25,No Answer
A05858,L1110,Call,2026-07-25,No Answer
A05859,L1133,Website Visit,2026-07-25,Case Study
A05860,L1143,Call,2026-07-25,Connected
A05861,L1169,Website Visit,2026-07-25,Contact Page
A05862,L1226,Website Visit,2026-07-25,Blog
A05863,L1330,Call,2026-07-25,Connected
A05864,L1349,Call,2026-07-25,Callback Requested
A05865,L1368,Email,2026-07-25,Opened
A05866,L1372,Meeting,2026-07-25,Completed
A05867,L1388,Call,2026-07-25,Connected
A05868,L1403,Email,2026-07-25,No Response
A05869,L1406,Meeting,2026-07-25,No Show
A05870,L1423,Call,2026-07-25,Callback Requested
A05871,L1425,Email,2026-07-25,Replied
A05872,L1476,Website Visit,2026-07-25,Blog
A05873,L1507,Meeting,2026-07-25,Completed
A05874,L0826,Meeting,2026-07-26,Completed
A05875,L0830,Email,2026-07-26,Opened
A05876,L0833,Website Visit,2026-07-26,Contact Page
A05877,L0874,Call,2026-07-26,Connected
A05878,L0876,Email,2026-07-26,No Response
A05879,L0885,Call,2026-07-26,No Answer
A05880,L0887,Website Visit,2026-07-26,Pricing Page
A05881,L0893,Call,2026-07-26,Callback Requested
A05882,L0894,Call,2026-07-26,Connected
A05883,L0915,Meeting,2026-07-26,Completed
A05884,L0947,Email,2026-07-26,Opened
A05885,L1048,Call,2026-07-26,Connected
A05886,L1054,Meeting,2026-07-26,Completed
A05887,L1116,Email,2026-07-26,No Response
A05888,L1180,Website Visit,2026-07-26,Contact Page
A05889,L1195,Email,2026-07-26,No Response
A05890,L1228,Email,2026-07-26,Opened
A05891,L1269,Email,2026-07-26,No Response
A05892,L1270,Website Visit,2026-07-26,Services Page
A05893,L1286,Call,2026-07-26,Connected
A05894,L1297,Website Visit,2026-07-26,Case Study
A05895,L1318,Meeting,2026-07-26,Completed
A05896,L1329,Call,2026-07-26,No Answer
A05897,L1331,Meeting,2026-07-26,Completed
A05898,L1333,Meeting,2026-07-26,Rescheduled
A05899,L1341,Meeting,2026-07-26,Completed
A05900,L1349,Email,2026-07-26,Opened
A05901,L1368,Website Visit,2026-07-26,Blog
A05902,L1379,Website Visit,2026-07-26,Pricing Page
A05903,L1393,Website Visit,2026-07-26,Services Page
A05904,L1402,Website Visit,2026-07-26,Contact Page
A05905,L1483,Website Visit,2026-07-26,Blog
A05906,L1485,Website Visit,2026-07-26,Services Page
A05907,L1492,Call,2026-07-26,Voicemail
A05908,L1495,Call,2026-07-26,Connected
A05909,L1498,Email,2026-07-26,Replied
A05910,L1504,Call,2026-07-26,No Answer
A05911,L1508,Website Visit,2026-07-26,Contact Page
A05912,L1512,Website Visit,2026-07-26,Contact Page
A05913,L0833,Website Visit,2026-07-27,Services Page
A05914,L0839,Website Visit,2026-07-27,Contact Page
A05915,L0847,Website Visit,2026-07-27,Contact Page
A05916,L0852,Website Visit,2026-07-27,Services Page
A05917,L0861,Email,2026-07-27,Bounced
A05918,L0861,Email,2026-07-27,Opened
A05919,L0889,Call,2026-07-27,Voicemail
A05920,L0890,Call,2026-07-27,No Answer
A05921,L1055,Call,2026-07-27,No Answer
A05922,L1057,Call,2026-07-27,Connected
A05923,L1074,Meeting,2026-07-27,Rescheduled
A05924,L1082,Website Visit,2026-07-27,Services Page
A05925,L1089,Call,2026-07-27,Callback Requested
A05926,L1089,Call,2026-07-27,Callback Requested
A05927,L1094,Call,2026-07-27,No Answer
A05928,L1110,Website Visit,2026-07-27,Contact Page
A05929,L1116,Meeting,2026-07-27,Completed
A05930,L1125,Website Visit,2026-07-27,Blog
A05931,L1134,Website Visit,2026-07-27,Blog
A05932,L1149,Email,2026-07-27,No Response
A05933,L1153,Email,2026-07-27,Opened
A05934,L1214,Meeting,2026-07-27,Completed
A05935,L1267,Website Visit,2026-07-27,Pricing Page
A05936,L1280,Call,2026-07-27,Voicemail
A05937,L1288,Call,2026-07-27,Callback Requested
A05938,L1307,Email,2026-07-27,Replied
A05939,L1327,Website Visit,2026-07-27,Pricing Page
A05940,L1333,Email,2026-07-27,Opened
A05941,L1340,Email,2026-07-27,Replied
A05942,L1366,Call,2026-07-27,Callback Requested
A05943,L1372,Call,2026-07-27,Callback Requested
A05944,L1372,Website Visit,2026-07-27,Pricing Page
A05945,L1387,Website Visit,2026-07-27,Services Page
A05946,L1410,Email,2026-07-27,Opened
A05947,L1421,Website Visit,2026-07-27,Contact Page
A05948,L1433,Email,2026-07-27,Replied
A05949,L1435,Meeting,2026-07-27,Completed
A05950,L1474,Email,2026-07-27,Replied
A05951,L1485,Call,2026-07-27,Connected
A05952,L1490,Call,2026-07-27,Callback Requested
A05953,L1504,Call,2026-07-27,Connected
A05954,L0847,Call,2026-07-28,No Answer
A05955,L0864,Website Visit,2026-07-28,Pricing Page
A05956,L0923,Call,2026-07-28,Connected
A05957,L0925,Call,2026-07-28,Connected
A05958,L0952,Meeting,2026-07-28,No Show
A05959,L0971,Website Visit,2026-07-28,Pricing Page
A05960,L0985,Website Visit,2026-07-28,Blog
A05961,L0996,Email,2026-07-28,Replied
A05962,L0999,Email,2026-07-28,No Response
A05963,L1013,Email,2026-07-28,No Response
A05964,L1014,Meeting,2026-07-28,Completed
A05965,L1044,Website Visit,2026-07-28,Case Study
A05966,L1080,Email,2026-07-28,No Response
A05967,L1100,Email,2026-07-28,Replied
A05968,L1100,Website Visit,2026-07-28,Case Study
A05969,L1101,Call,2026-07-28,Voicemail
A05970,L1101,Email,2026-07-28,Opened
A05971,L1105,Meeting,2026-07-28,Completed
A05972,L1110,Email,2026-07-28,No Response
A05973,L1116,Call,2026-07-28,No Answer
A05974,L1118,Email,2026-07-28,No Response
A05975,L1164,Website Visit,2026-07-28,Blog
A05976,L1171,Website Visit,2026-07-28,Case Study
A05977,L1179,Call,2026-07-28,Connected
A05978,L1179,Meeting,2026-07-28,Completed
A05979,L1191,Email,2026-07-28,Replied
A05980,L1259,Meeting,2026-07-28,Rescheduled
A05981,L1296,Email,2026-07-28,Replied
A05982,L1315,Call,2026-07-28,Voicemail
A05983,L1353,Email,2026-07-28,No Response
A05984,L1360,Website Visit,2026-07-28,Blog
A05985,L1385,Website Visit,2026-07-28,Blog
A05986,L1400,Website Visit,2026-07-28,Services Page
A05987,L1410,Call,2026-07-28,Connected
A05988,L1416,Website Visit,2026-07-28,Pricing Page
A05989,L1421,Call,2026-07-28,Connected
A05990,L1423,Website Visit,2026-07-28,Case Study
A05991,L1431,Website Visit,2026-07-28,Blog
A05992,L1435,Email,2026-07-28,Opened
A05993,L1441,Website Visit,2026-07-28,Contact Page
A05994,L1449,Website Visit,2026-07-28,Pricing Page
A05995,L1495,Meeting,2026-07-28,Completed
A05996,L1499,Website Visit,2026-07-28,Pricing Page
A05997,L1523,Call,2026-07-28,Voicemail
A05998,L1523,Meeting,2026-07-28,Completed
A05999,L1549,Call,2026-07-28,Connected
A06000,L1553,Website Visit,2026-07-28,Services Page
A06001,L1557,Email,2026-07-28,Replied
A06002,L0848,Email,2026-07-29,Replied
A06003,L0856,Email,2026-07-29,Opened
A06004,L0856,Meeting,2026-07-29,Completed
A06005,L0891,Call,2026-07-29,Connected
A06006,L0894,Email,2026-07-29,Replied
A06007,L0895,Email,2026-07-29,Replied
A06008,L0907,Website Visit,2026-07-29,Blog
A06009,L0937,Email,2026-07-29,Bounced
A06010,L0939,Website Visit,2026-07-29,Services Page
A06011,L0962,Website Visit,2026-07-29,Case Study
A06012,L0966,Website Visit,2026-07-29,Blog
A06013,L1027,Email,2026-07-29,Opened
A06014,L1059,Call,2026-07-29,No Answer
A06015,L1099,Email,2026-07-29,Opened
A06016,L1119,Email,2026-07-29,Replied
A06017,L1139,Website Visit,2026-07-29,Blog
A06018,L1159,Call,2026-07-29,Connected
A06019,L1265,Meeting,2026-07-29,Completed
A06020,L1265,Meeting,2026-07-29,Rescheduled
A06021,L1284,Call,2026-07-29,Callback Requested
A06022,L1312,Website Visit,2026-07-29,Pricing Page
A06023,L1326,Email,2026-07-29,No Response
A06024,L1339,Website Visit,2026-07-29,Case Study
A06025,L1374,Email,2026-07-29,Opened
A06026,L1380,Website Visit,2026-07-29,Pricing Page
A06027,L1386,Meeting,2026-07-29,Completed
A06028,L1388,Website Visit,2026-07-29,Blog
A06029,L1393,Call,2026-07-29,Connected
A06030,L1405,Website Visit,2026-07-29,Services Page
A06031,L1410,Email,2026-07-29,Opened
A06032,L1412,Call,2026-07-29,Callback Requested
A06033,L1421,Meeting,2026-07-29,Completed
A06034,L1435,Website Visit,2026-07-29,Blog
A06035,L1457,Website Visit,2026-07-29,Services Page
A06036,L1459,Call,2026-07-29,Callback Requested
A06037,L1459,Website Visit,2026-07-29,Pricing Page
A06038,L1485,Meeting,2026-07-29,Completed
A06039,L1486,Website Visit,2026-07-29,Services Page
A06040,L1489,Website Visit,2026-07-29,Services Page
A06041,L1492,Email,2026-07-29,Opened
A06042,L1525,Email,2026-07-29,Replied
A06043,L1540,Call,2026-07-29,Callback Requested
A06044,L1557,Call,2026-07-29,Connected
A06045,L1557,Email,2026-07-29,No Response
A06046,L1565,Website Visit,2026-07-29,Services Page
A06047,L0872,Website Visit,2026-07-30,Services Page
A06048,L0879,Call,2026-07-30,No Answer
A06049,L0881,Email,2026-07-30,Opened
A06050,L0921,Website Visit,2026-07-30,Services Page
A06051,L0921,Website Visit,2026-07-30,Services Page
A06052,L0954,Call,2026-07-30,No Answer
A06053,L0954,Website Visit,2026-07-30,Services Page
A06054,L0966,Website Visit,2026-07-30,Blog
A06055,L0983,Call,2026-07-30,Connected
A06056,L0996,Call,2026-07-30,Connected
A06057,L1006,Website Visit,2026-07-30,Case Study
A06058,L1009,Website Visit,2026-07-30,Pricing Page
A06059,L1033,Website Visit,2026-07-30,Pricing Page
A06060,L1077,Website Visit,2026-07-30,Blog
A06061,L1107,Website Visit,2026-07-30,Contact Page
A06062,L1159,Call,2026-07-30,Connected
A06063,L1169,Meeting,2026-07-30,Completed
A06064,L1179,Website Visit,2026-07-30,Contact Page
A06065,L1218,Website Visit,2026-07-30,Services Page
A06066,L1244,Website Visit,2026-07-30,Services Page
A06067,L1268,Email,2026-07-30,No Response
A06068,L1281,Email,2026-07-30,Opened
A06069,L1295,Call,2026-07-30,Callback Requested
A06070,L1322,Email,2026-07-30,No Response
A06071,L1362,Call,2026-07-30,No Answer
A06072,L1385,Email,2026-07-30,No Response
A06073,L1386,Email,2026-07-30,Replied
A06074,L1402,Meeting,2026-07-30,Rescheduled
A06075,L1403,Website Visit,2026-07-30,Services Page
A06076,L1465,Call,2026-07-30,Connected
A06077,L1477,Website Visit,2026-07-30,Services Page
A06078,L1485,Call,2026-07-30,No Answer
A06079,L1487,Email,2026-07-30,Replied
A06080,L1487,Website Visit,2026-07-30,Services Page
A06081,L1489,Email,2026-07-30,Replied
A06082,L1494,Website Visit,2026-07-30,Services Page
A06083,L1533,Website Visit,2026-07-30,Contact Page
A06084,L1544,Website Visit,2026-07-30,Pricing Page
A06085,L1550,Email,2026-07-30,No Response
A06086,L1554,Email,2026-07-30,Replied
A06087,L1569,Website Visit,2026-07-30,Services Page
A06088,L1570,Website Visit,2026-07-30,Blog
A06089,L1576,Call,2026-07-30,Connected
A06090,L0863,Website Visit,2026-07-31,Blog
A06091,L0882,Call,2026-07-31,Connected
A06092,L0898,Website Visit,2026-07-31,Services Page
A06093,L0924,Call,2026-07-31,No Answer
A06094,L0945,Call,2026-07-31,No Answer
A06095,L0947,Meeting,2026-07-31,Completed
A06096,L1002,Website Visit,2026-07-31,Case Study
A06097,L1014,Call,2026-07-31,Not Interested
A06098,L1017,Website Visit,2026-07-31,Pricing Page
A06099,L1053,Call,2026-07-31,Callback Requested
A06100,L1054,Call,2026-07-31,Connected
A06101,L1056,Email,2026-07-31,No Response
A06102,L1059,Website Visit,2026-07-31,Services Page
A06103,L1071,Website Visit,2026-07-31,Pricing Page
A06104,L1077,Call,2026-07-31,Voicemail
A06105,L1080,Call,2026-07-31,Connected
A06106,L1085,Email,2026-07-31,Replied
A06107,L1099,Meeting,2026-07-31,Completed
A06108,L1109,Website Visit,2026-07-31,Pricing Page
A06109,L1119,Meeting,2026-07-31,Rescheduled
A06110,L1125,Meeting,2026-07-31,Completed
A06111,L1128,Meeting,2026-07-31,Completed
A06112,L1129,Email,2026-07-31,Opened
A06113,L1137,Call,2026-07-31,No Answer
A06114,L1145,Website Visit,2026-07-31,Services Page
A06115,L1163,Website Visit,2026-07-31,Services Page
A06116,L1168,Call,2026-07-31,Connected
A06117,L1200,Website Visit,2026-07-31,Pricing Page
A06118,L1207,Website Visit,2026-07-31,Services Page
A06119,L1210,Website Visit,2026-07-31,Services Page
A06120,L1220,Website Visit,2026-07-31,Pricing Page
A06121,L1235,Website Visit,2026-07-31,Pricing Page
A06122,L1263,Meeting,2026-07-31,Completed
A06123,L1295,Email,2026-07-31,Bounced
A06124,L1299,Meeting,2026-07-31,Completed
A06125,L1318,Email,2026-07-31,Replied
A06126,L1331,Email,2026-07-31,Replied
A06127,L1333,Website Visit,2026-07-31,Contact Page
A06128,L1364,Call,2026-07-31,No Answer
A06129,L1394,Email,2026-07-31,Opened
A06130,L1404,Call,2026-07-31,No Answer
A06131,L1444,Website Visit,2026-07-31,Case Study
A06132,L1454,Email,2026-07-31,Opened
A06133,L1469,Call,2026-07-31,Connected
A06134,L1476,Call,2026-07-31,Connected
A06135,L1498,Meeting,2026-07-31,Rescheduled
A06136,L1523,Email,2026-07-31,Replied
A06137,L1523,Email,2026-07-31,No Response
A06138,L1563,Email,2026-07-31,No Response
A06139,L0890,Call,2026-08-01,Voicemail
A06140,L0907,Email,2026-08-01,Bounced
A06141,L0938,Call,2026-08-01,Not Interested
A06142,L0997,Website Visit,2026-08-01,Services Page
A06143,L1001,Call,2026-08-01,Voicemail
A06144,L1017,Website Visit,2026-08-01,Services Page
A06145,L1027,Call,2026-08-01,Connected
A06146,L1028,Call,2026-08-01,Connected
A06147,L1030,Website Visit,2026-08-01,Case Study
A06148,L1057,Email,2026-08-01,Bounced
A06149,L1075,Meeting,2026-08-01,Completed
A06150,L1099,Call,2026-08-01,Voicemail
A06151,L1101,Meeting,2026-08-01,Completed
A06152,L1104,Call,2026-08-01,Connected
A06153,L1132,Call,2026-08-01,Callback Requested
A06154,L1147,Call,2026-08-01,Connected
A06155,L1171,Website Visit,2026-08-01,Pricing Page
A06156,L1181,Website Visit,2026-08-01,Services Page
A06157,L1184,Email,2026-08-01,Replied
A06158,L1243,Website Visit,2026-08-01,Services Page
A06159,L1245,Email,2026-08-01,Replied
A06160,L1252,Call,2026-08-01,Connected
A06161,L1259,Call,2026-08-01,Connected
A06162,L1268,Meeting,2026-08-01,No Show
A06163,L1287,Call,2026-08-01,Callback Requested
A06164,L1295,Meeting,2026-08-01,Completed
A06165,L1351,Email,2026-08-01,Opened
A06166,L1360,Email,2026-08-01,No Response
A06167,L1392,Email,2026-08-01,Replied
A06168,L1404,Website Visit,2026-08-01,Contact Page
A06169,L1406,Website Visit,2026-08-01,Pricing Page
A06170,L1425,Meeting,2026-08-01,No Show
A06171,L1457,Call,2026-08-01,Connected
A06172,L1459,Website Visit,2026-08-01,Blog
A06173,L1482,Website Visit,2026-08-01,Services Page
A06174,L1488,Email,2026-08-01,Opened
A06175,L1493,Call,2026-08-01,No Answer
A06176,L1493,Website Visit,2026-08-01,Blog
A06177,L1495,Website Visit,2026-08-01,Blog
A06178,L1514,Meeting,2026-08-01,Completed
A06179,L1521,Website Visit,2026-08-01,Pricing Page
A06180,L1574,Website Visit,2026-08-01,Case Study
A06181,L1585,Website Visit,2026-08-01,Services Page
A06182,L0895,Call,2026-08-02,Connected
A06183,L0899,Website Visit,2026-08-02,Case Study
A06184,L0919,Email,2026-08-02,No Response
A06185,L0937,Website Visit,2026-08-02,Contact Page
A06186,L1030,Meeting,2026-08-02,Completed
A06187,L1064,Website Visit,2026-08-02,Blog
A06188,L1116,Website Visit,2026-08-02,Services Page
A06189,L1118,Website Visit,2026-08-02,Pricing Page
A06190,L1162,Email,2026-08-02,Opened
A06191,L1169,Email,2026-08-02,Replied
A06192,L1173,Email,2026-08-02,No Response
A06193,L1193,Call,2026-08-02,Connected
A06194,L1222,Email,2026-08-02,Replied
A06195,L1243,Email,2026-08-02,Opened
A06196,L1267,Meeting,2026-08-02,Completed
A06197,L1290,Website Visit,2026-08-02,Pricing Page
A06198,L1291,Meeting,2026-08-02,Completed
A06199,L1291,Meeting,2026-08-02,Rescheduled
A06200,L1302,Website Visit,2026-08-02,Blog
A06201,L1307,Call,2026-08-02,No Answer
A06202,L1317,Meeting,2026-08-02,Completed
A06203,L1329,Call,2026-08-02,Callback Requested
A06204,L1333,Call,2026-08-02,No Answer
A06205,L1360,Call,2026-08-02,No Answer
A06206,L1367,Website Visit,2026-08-02,Blog
A06207,L1382,Call,2026-08-02,Not Interested
A06208,L1401,Website Visit,2026-08-02,Case Study
A06209,L1401,Website Visit,2026-08-02,Case Study
A06210,L1407,Website Visit,2026-08-02,Case Study
A06211,L1412,Call,2026-08-02,Not Interested
A06212,L1421,Email,2026-08-02,Bounced
A06213,L1439,Website Visit,2026-08-02,Services Page
A06214,L1472,Call,2026-08-02,No Answer
A06215,L1478,Meeting,2026-08-02,Completed
A06216,L1507,Email,2026-08-02,Replied
A06217,L1523,Call,2026-08-02,Connected
A06218,L1525,Website Visit,2026-08-02,Contact Page
A06219,L1539,Call,2026-08-02,Not Interested
A06220,L1569,Meeting,2026-08-02,Completed
A06221,L1581,Website Visit,2026-08-02,Blog
A06222,L1586,Call,2026-08-02,Callback Requested
A06223,L0888,Website Visit,2026-08-03,Pricing Page
A06224,L0917,Email,2026-08-03,Replied
A06225,L0925,Email,2026-08-03,Opened
A06226,L0932,Call,2026-08-03,Connected
A06227,L0947,Call,2026-08-03,Connected
A06228,L0958,Call,2026-08-03,No Answer
A06229,L1063,Call,2026-08-03,Callback Requested
A06230,L1125,Website Visit,2026-08-03,Pricing Page
A06231,L1135,Website Visit,2026-08-03,Blog
A06232,L1186,Website Visit,2026-08-03,Services Page
A06233,L1188,Call,2026-08-03,No Answer
A06234,L1230,Email,2026-08-03,No Response
A06235,L1252,Email,2026-08-03,No Response
A06236,L1291,Call,2026-08-03,No Answer
A06237,L1312,Call,2026-08-03,Voicemail
A06238,L1329,Meeting,2026-08-03,Completed
A06239,L1331,Email,2026-08-03,No Response
A06240,L1336,Website Visit,2026-08-03,Blog
A06241,L1350,Call,2026-08-03,Callback Requested
A06242,L1364,Call,2026-08-03,Voicemail
A06243,L1366,Website Visit,2026-08-03,Pricing Page
A06244,L1368,Email,2026-08-03,Opened
A06245,L1386,Email,2026-08-03,Replied
A06246,L1447,Email,2026-08-03,No Response
A06247,L1448,Call,2026-08-03,Voicemail
A06248,L1455,Email,2026-08-03,No Response
A06249,L1472,Email,2026-08-03,Opened
A06250,L1495,Website Visit,2026-08-03,Services Page
A06251,L1496,Email,2026-08-03,No Response
A06252,L1514,Email,2026-08-03,No Response
A06253,L1523,Email,2026-08-03,Opened
A06254,L1523,Website Visit,2026-08-03,Contact Page
A06255,L1531,Website Visit,2026-08-03,Contact Page
A06256,L1537,Call,2026-08-03,Connected
A06257,L1557,Website Visit,2026-08-03,Pricing Page
A06258,L1559,Email,2026-08-03,No Response
A06259,L1561,Website Visit,2026-08-03,Case Study
A06260,L1574,Meeting,2026-08-03,Completed
A06261,L1596,Call,2026-08-03,Connected
A06262,L1599,Website Visit,2026-08-03,Case Study
A06263,L1601,Call,2026-08-03,Callback Requested
A06264,L0893,Website Visit,2026-08-04,Services Page
A06265,L0907,Email,2026-08-04,No Response
A06266,L0930,Website Visit,2026-08-04,Case Study
A06267,L0942,Meeting,2026-08-04,Completed
A06268,L0956,Call,2026-08-04,Callback Requested
A06269,L1028,Website Visit,2026-08-04,Contact Page
A06270,L1034,Email,2026-08-04,Opened
A06271,L1054,Meeting,2026-08-04,Completed
A06272,L1057,Call,2026-08-04,No Answer
A06273,L1166,Meeting,2026-08-04,Completed
A06274,L1186,Call,2026-08-04,Connected
A06275,L1208,Website Visit,2026-08-04,Contact Page
A06276,L1226,Website Visit,2026-08-04,Services Page
A06277,L1243,Email,2026-08-04,No Response
A06278,L1244,Call,2026-08-04,No Answer
A06279,L1280,Website Visit,2026-08-04,Services Page
A06280,L1291,Call,2026-08-04,Connected
A06281,L1325,Website Visit,2026-08-04,Blog
A06282,L1341,Website Visit,2026-08-04,Services Page
A06283,L1351,Website Visit,2026-08-04,Blog
A06284,L1354,Meeting,2026-08-04,Completed
A06285,L1359,Email,2026-08-04,Replied
A06286,L1380,Call,2026-08-04,Connected
A06287,L1396,Website Visit,2026-08-04,Contact Page
A06288,L1403,Email,2026-08-04,Replied
A06289,L1410,Website Visit,2026-08-04,Services Page
A06290,L1471,Call,2026-08-04,Voicemail
A06291,L1472,Website Visit,2026-08-04,Contact Page
A06292,L1494,Call,2026-08-04,Callback Requested
A06293,L1499,Website Visit,2026-08-04,Pricing Page
A06294,L1508,Website Visit,2026-08-04,Case Study
A06295,L1528,Call,2026-08-04,No Answer
A06296,L1544,Website Visit,2026-08-04,Case Study
A06297,L1574,Website Visit,2026-08-04,Blog
A06298,L1591,Website Visit,2026-08-04,Case Study
A06299,L1606,Website Visit,2026-08-04,Services Page
A06300,L0894,Call,2026-08-05,Callback Requested
A06301,L0900,Email,2026-08-05,Opened
A06302,L0905,Call,2026-08-05,Connected
A06303,L0905,Website Visit,2026-08-05,Case Study
A06304,L0919,Call,2026-08-05,No Answer
A06305,L0920,Website Visit,2026-08-05,Services Page
A06306,L0934,Email,2026-08-05,No Response
A06307,L0934,Meeting,2026-08-05,Completed
A06308,L0947,Meeting,2026-08-05,Completed
A06309,L1011,Email,2026-08-05,Bounced
A06310,L1011,Website Visit,2026-08-05,Services Page
A06311,L1013,Call,2026-08-05,Connected
A06312,L1030,Call,2026-08-05,Connected
A06313,L1050,Call,2026-08-05,Voicemail
A06314,L1065,Email,2026-08-05,No Response
A06315,L1107,Call,2026-08-05,Not Interested
A06316,L1116,Website Visit,2026-08-05,Services Page
A06317,L1129,Website Visit,2026-08-05,Contact Page
A06318,L1180,Call,2026-08-05,Connected
A06319,L1203,Call,2026-08-05,Voicemail
A06320,L1207,Email,2026-08-05,No Response
A06321,L1243,Website Visit,2026-08-05,Services Page
A06322,L1252,Email,2026-08-05,Replied
A06323,L1256,Call,2026-08-05,Connected
A06324,L1269,Email,2026-08-05,No Response
A06325,L1293,Call,2026-08-05,Voicemail
A06326,L1294,Call,2026-08-05,Connected
A06327,L1299,Website Visit,2026-08-05,Blog
A06328,L1311,Call,2026-08-05,Connected
A06329,L1320,Email,2026-08-05,Opened
A06330,L1331,Call,2026-08-05,No Answer
A06331,L1337,Call,2026-08-05,Not Interested
A06332,L1359,Website Visit,2026-08-05,Case Study
A06333,L1385,Website Visit,2026-08-05,Services Page
A06334,L1410,Website Visit,2026-08-05,Pricing Page
A06335,L1411,Website Visit,2026-08-05,Blog
A06336,L1412,Email,2026-08-05,Opened
A06337,L1413,Call,2026-08-05,No Answer
A06338,L1415,Website Visit,2026-08-05,Case Study
A06339,L1416,Website Visit,2026-08-05,Services Page
A06340,L1426,Email,2026-08-05,Opened
A06341,L1455,Call,2026-08-05,Connected
A06342,L1458,Call,2026-08-05,Connected
A06343,L1459,Website Visit,2026-08-05,Pricing Page
A06344,L1476,Call,2026-08-05,No Answer
A06345,L1501,Website Visit,2026-08-05,Services Page
A06346,L1526,Email,2026-08-05,Opened
A06347,L1537,Meeting,2026-08-05,Rescheduled
A06348,L1572,Call,2026-08-05,Connected
A06349,L1607,Website Visit,2026-08-05,Case Study
A06350,L1618,Call,2026-08-05,Connected
A06351,L0915,Call,2026-08-06,Connected
A06352,L0928,Email,2026-08-06,No Response
A06353,L0942,Email,2026-08-06,No Response
A06354,L0999,Meeting,2026-08-06,Completed
A06355,L1045,Meeting,2026-08-06,Rescheduled
A06356,L1049,Website Visit,2026-08-06,Pricing Page
A06357,L1085,Website Visit,2026-08-06,Blog
A06358,L1093,Email,2026-08-06,Opened
A06359,L1099,Meeting,2026-08-06,Completed
A06360,L1156,Email,2026-08-06,Opened
A06361,L1231,Call,2026-08-06,Not Interested
A06362,L1238,Call,2026-08-06,Voicemail
A06363,L1265,Website Visit,2026-08-06,Blog
A06364,L1277,Website Visit,2026-08-06,Blog
A06365,L1321,Website Visit,2026-08-06,Pricing Page
A06366,L1321,Website Visit,2026-08-06,Pricing Page
A06367,L1329,Website Visit,2026-08-06,Blog
A06368,L1337,Meeting,2026-08-06,Completed
A06369,L1338,Call,2026-08-06,Connected
A06370,L1348,Call,2026-08-06,Connected
A06371,L1351,Meeting,2026-08-06,Completed
A06372,L1379,Call,2026-08-06,Connected
A06373,L1388,Call,2026-08-06,Connected
A06374,L1393,Meeting,2026-08-06,Completed
A06375,L1393,Meeting,2026-08-06,Completed
A06376,L1396,Email,2026-08-06,Replied
A06377,L1404,Meeting,2026-08-06,Completed
A06378,L1423,Website Visit,2026-08-06,Services Page
A06379,L1435,Meeting,2026-08-06,Completed
A06380,L1444,Call,2026-08-06,No Answer
A06381,L1460,Website Visit,2026-08-06,Case Study
A06382,L1465,Website Visit,2026-08-06,Case Study
A06383,L1469,Email,2026-08-06,Replied
A06384,L1472,Website Visit,2026-08-06,Case Study
A06385,L1475,Call,2026-08-06,Connected
A06386,L1476,Website Visit,2026-08-06,Contact Page
A06387,L1494,Call,2026-08-06,Connected
A06388,L1500,Call,2026-08-06,Voicemail
A06389,L1512,Website Visit,2026-08-06,Pricing Page
A06390,L1516,Website Visit,2026-08-06,Blog
A06391,L1538,Website Visit,2026-08-06,Pricing Page
A06392,L1540,Website Visit,2026-08-06,Contact Page
A06393,L1565,Call,2026-08-06,Callback Requested
A06394,L1567,Meeting,2026-08-06,Rescheduled
A06395,L1567,Website Visit,2026-08-06,Services Page
A06396,L1612,Email,2026-08-06,Replied
A06397,L0956,Meeting,2026-08-07,Completed
A06398,L0995,Call,2026-08-07,Connected
A06399,L0999,Call,2026-08-07,Connected
A06400,L1005,Website Visit,2026-08-07,Blog
A06401,L1034,Website Visit,2026-08-07,Case Study
A06402,L1038,Call,2026-08-07,Connected
A06403,L1044,Email,2026-08-07,Replied
A06404,L1051,Website Visit,2026-08-07,Pricing Page
A06405,L1072,Email,2026-08-07,No Response
A06406,L1074,Website Visit,2026-08-07,Services Page
A06407,L1130,Call,2026-08-07,Connected
A06408,L1188,Website Visit,2026-08-07,Pricing Page
A06409,L1191,Website Visit,2026-08-07,Case Study
A06410,L1252,Website Visit,2026-08-07,Services Page
A06411,L1259,Email,2026-08-07,Opened
A06412,L1276,Website Visit,2026-08-07,Pricing Page
A06413,L1295,Email,2026-08-07,Opened
A06414,L1298,Website Visit,2026-08-07,Pricing Page
A06415,L1311,Email,2026-08-07,No Response
A06416,L1328,Website Visit,2026-08-07,Contact Page
A06417,L1337,Call,2026-08-07,Connected
A06418,L1347,Website Visit,2026-08-07,Case Study
A06419,L1360,Call,2026-08-07,Connected
A06420,L1360,Email,2026-08-07,Replied
A06421,L1365,Website Visit,2026-08-07,Case Study
A06422,L1376,Call,2026-08-07,Callback Requested
A06423,L1402,Website Visit,2026-08-07,Contact Page
A06424,L1413,Website Visit,2026-08-07,Contact Page
A06425,L1416,Email,2026-08-07,No Response
A06426,L1423,Meeting,2026-08-07,Completed
A06427,L1425,Email,2026-08-07,Opened
A06428,L1435,Website Visit,2026-08-07,Blog
A06429,L1452,Email,2026-08-07,Replied
A06430,L1454,Call,2026-08-07,Connected
A06431,L1476,Website Visit,2026-08-07,Blog
A06432,L1478,Email,2026-08-07,Opened
A06433,L1485,Call,2026-08-07,Connected
A06434,L1492,Website Visit,2026-08-07,Blog
A06435,L1495,Call,2026-08-07,Callback Requested
A06436,L1498,Call,2026-08-07,Callback Requested
A06437,L1503,Call,2026-08-07,No Answer
A06438,L1546,Email,2026-08-07,Bounced
A06439,L1550,Website Visit,2026-08-07,Contact Page
A06440,L1562,Call,2026-08-07,Voicemail
A06441,L1567,Email,2026-08-07,Replied
A06442,L1574,Email,2026-08-07,Replied
A06443,L1595,Website Visit,2026-08-07,Pricing Page
A06444,L0917,Call,2026-08-08,Voicemail
A06445,L0952,Call,2026-08-08,Connected
A06446,L0973,Email,2026-08-08,Opened
A06447,L0987,Email,2026-08-08,Opened
A06448,L0996,Email,2026-08-08,Opened
A06449,L1011,Website Visit,2026-08-08,Pricing Page
A06450,L1057,Meeting,2026-08-08,Rescheduled
A06451,L1105,Call,2026-08-08,Not Interested
A06452,L1112,Email,2026-08-08,Replied
A06453,L1127,Call,2026-08-08,Callback Requested
A06454,L1158,Call,2026-08-08,Callback Requested
A06455,L1164,Website Visit,2026-08-08,Services Page
A06456,L1167,Website Visit,2026-08-08,Blog
A06457,L1180,Website Visit,2026-08-08,Services Page
A06458,L1208,Email,2026-08-08,Opened
A06459,L1235,Call,2026-08-08,Connected
A06460,L1235,Call,2026-08-08,No Answer
A06461,L1257,Website Visit,2026-08-08,Services Page
A06462,L1347,Website Visit,2026-08-08,Services Page
A06463,L1377,Meeting,2026-08-08,Rescheduled
A06464,L1398,Website Visit,2026-08-08,Services Page
A06465,L1406,Call,2026-08-08,Callback Requested
A06466,L1406,Meeting,2026-08-08,Completed
A06467,L1422,Call,2026-08-08,Not Interested
A06468,L1443,Website Visit,2026-08-08,Services Page
A06469,L1447,Website Visit,2026-08-08,Services Page
A06470,L1472,Meeting,2026-08-08,Completed
A06471,L1485,Email,2026-08-08,Bounced
A06472,L1498,Website Visit,2026-08-08,Blog
A06473,L1507,Meeting,2026-08-08,Completed
A06474,L1540,Call,2026-08-08,Voicemail
A06475,L1542,Email,2026-08-08,No Response
A06476,L1560,Website Visit,2026-08-08,Services Page
A06477,L1576,Email,2026-08-08,No Response
A06478,L1606,Email,2026-08-08,No Response
A06479,L1607,Call,2026-08-08,Connected
A06480,L1618,Website Visit,2026-08-08,Contact Page
A06481,L1644,Meeting,2026-08-08,Completed
A06482,L1648,Email,2026-08-08,Replied
A06483,L1649,Website Visit,2026-08-08,Pricing Page
A06484,L1654,Meeting,2026-08-08,Completed
A06485,L0937,Call,2026-08-09,Connected
A06486,L0940,Website Visit,2026-08-09,Blog
A06487,L0967,Website Visit,2026-08-09,Services Page
A06488,L0978,Email,2026-08-09,No Response
A06489,L0979,Website Visit,2026-08-09,Case Study
A06490,L0984,Call,2026-08-09,Connected
A06491,L0991,Call,2026-08-09,Connected
A06492,L0999,Meeting,2026-08-09,Completed
A06493,L1033,Website Visit,2026-08-09,Case Study
A06494,L1034,Email,2026-08-09,No Response
A06495,L1039,Call,2026-08-09,Callback Requested
A06496,L1039,Call,2026-08-09,Connected
A06497,L1047,Call,2026-08-09,Callback Requested
A06498,L1053,Meeting,2026-08-09,Completed
A06499,L1056,Call,2026-08-09,No Answer
A06500,L1065,Website Visit,2026-08-09,Services Page
A06501,L1075,Email,2026-08-09,Opened
A06502,L1088,Website Visit,2026-08-09,Pricing Page
A06503,L1089,Email,2026-08-09,Opened
A06504,L1110,Website Visit,2026-08-09,Services Page
A06505,L1128,Email,2026-08-09,Replied
A06506,L1149,Website Visit,2026-08-09,Contact Page
A06507,L1150,Call,2026-08-09,Callback Requested
A06508,L1157,Email,2026-08-09,Opened
A06509,L1186,Email,2026-08-09,Replied
A06510,L1212,Email,2026-08-09,No Response
A06511,L1221,Meeting,2026-08-09,Rescheduled
A06512,L1223,Call,2026-08-09,Connected
A06513,L1230,Meeting,2026-08-09,Rescheduled
A06514,L1234,Meeting,2026-08-09,Completed
A06515,L1291,Email,2026-08-09,Replied
A06516,L1303,Call,2026-08-09,No Answer
A06517,L1322,Email,2026-08-09,No Response
A06518,L1337,Website Visit,2026-08-09,Pricing Page
A06519,L1399,Call,2026-08-09,Voicemail
A06520,L1418,Email,2026-08-09,No Response
A06521,L1429,Website Visit,2026-08-09,Pricing Page
A06522,L1446,Website Visit,2026-08-09,Blog
A06523,L1462,Website Visit,2026-08-09,Services Page
A06524,L1476,Email,2026-08-09,No Response
A06525,L1480,Call,2026-08-09,Not Interested
A06526,L1485,Meeting,2026-08-09,Completed
A06527,L1489,Call,2026-08-09,Connected
A06528,L1503,Call,2026-08-09,Callback Requested
A06529,L1557,Meeting,2026-08-09,Completed
A06530,L1569,Email,2026-08-09,Opened
A06531,L1577,Call,2026-08-09,Connected
A06532,L1589,Website Visit,2026-08-09,Pricing Page
A06533,L1607,Website Visit,2026-08-09,Case Study
A06534,L1627,Meeting,2026-08-09,Completed
A06535,L1635,Website Visit,2026-08-09,Pricing Page
A06536,L1639,Call,2026-08-09,Connected
A06537,L1644,Email,2026-08-09,Replied
A06538,L1663,Email,2026-08-09,Opened
A06539,L0954,Call,2026-08-10,Not Interested
A06540,L0955,Website Visit,2026-08-10,Blog
A06541,L1012,Call,2026-08-10,Callback Requested
A06542,L1025,Email,2026-08-10,Opened
A06543,L1053,Email,2026-08-10,Opened
A06544,L1054,Website Visit,2026-08-10,Case Study
A06545,L1080,Email,2026-08-10,No Response
A06546,L1092,Call,2026-08-10,No Answer
A06547,L1099,Website Visit,2026-08-10,Blog
A06548,L1119,Website Visit,2026-08-10,Case Study
A06549,L1189,Email,2026-08-10,Opened
A06550,L1200,Call,2026-08-10,No Answer
A06551,L1204,Website Visit,2026-08-10,Services Page
A06552,L1218,Call,2026-08-10,Connected
A06553,L1220,Website Visit,2026-08-10,Blog
A06554,L1230,Website Visit,2026-08-10,Contact Page
A06555,L1259,Email,2026-08-10,No Response
A06556,L1282,Call,2026-08-10,Callback Requested
A06557,L1304,Call,2026-08-10,Callback Requested
A06558,L1348,Email,2026-08-10,Opened
A06559,L1368,Call,2026-08-10,No Answer
A06560,L1368,Website Visit,2026-08-10,Blog
A06561,L1382,Call,2026-08-10,No Answer
A06562,L1397,Call,2026-08-10,No Answer
A06563,L1424,Website Visit,2026-08-10,Pricing Page
A06564,L1425,Website Visit,2026-08-10,Pricing Page
A06565,L1446,Call,2026-08-10,No Answer
A06566,L1502,Call,2026-08-10,Voicemail
A06567,L1507,Email,2026-08-10,Opened
A06568,L1514,Email,2026-08-10,Bounced
A06569,L1535,Website Visit,2026-08-10,Services Page
A06570,L1553,Email,2026-08-10,Replied
A06571,L1557,Website Visit,2026-08-10,Blog
A06572,L1569,Call,2026-08-10,Connected
A06573,L1629,Website Visit,2026-08-10,Blog
A06574,L1645,Call,2026-08-10,No Answer
A06575,L1669,Call,2026-08-10,Callback Requested
A06576,L1673,Call,2026-08-10,Callback Requested
A06577,L0991,Website Visit,2026-08-11,Contact Page
A06578,L0992,Call,2026-08-11,Voicemail
A06579,L0999,Website Visit,2026-08-11,Services Page
A06580,L1008,Website Visit,2026-08-11,Services Page
A06581,L1068,Website Visit,2026-08-11,Pricing Page
A06582,L1087,Call,2026-08-11,No Answer
A06583,L1107,Meeting,2026-08-11,Rescheduled
A06584,L1118,Meeting,2026-08-11,Completed
A06585,L1125,Call,2026-08-11,Not Interested
A06586,L1156,Website Visit,2026-08-11,Services Page
A06587,L1172,Call,2026-08-11,Connected
A06588,L1175,Website Visit,2026-08-11,Services Page
A06589,L1240,Website Visit,2026-08-11,Services Page
A06590,L1265,Call,2026-08-11,No Answer
A06591,L1267,Meeting,2026-08-11,Completed
A06592,L1291,Call,2026-08-11,Callback Requested
A06593,L1310,Email,2026-08-11,Opened
A06594,L1317,Email,2026-08-11,Opened
A06595,L1329,Website Visit,2026-08-11,Pricing Page
A06596,L1344,Website Visit,2026-08-11,Services Page
A06597,L1368,Call,2026-08-11,Callback Requested
A06598,L1368,Website Visit,2026-08-11,Blog
A06599,L1375,Call,2026-08-11,Callback Requested
A06600,L1378,Email,2026-08-11,Replied
A06601,L1384,Call,2026-08-11,Voicemail
A06602,L1413,Call,2026-08-11,No Answer
A06603,L1423,Website Visit,2026-08-11,Contact Page
A06604,L1431,Website Visit,2026-08-11,Pricing Page
A06605,L1435,Call,2026-08-11,Callback Requested
A06606,L1446,Meeting,2026-08-11,Completed
A06607,L1447,Call,2026-08-11,Voicemail
A06608,L1454,Meeting,2026-08-11,Rescheduled
A06609,L1457,Website Visit,2026-08-11,Blog
A06610,L1459,Call,2026-08-11,No Answer
A06611,L1469,Email,2026-08-11,No Response
A06612,L1476,Email,2026-08-11,Replied
A06613,L1479,Call,2026-08-11,Callback Requested
A06614,L1544,Email,2026-08-11,Opened
A06615,L1560,Call,2026-08-11,No Answer
A06616,L1572,Call,2026-08-11,Voicemail
A06617,L1577,Call,2026-08-11,Connected
A06618,L1606,Meeting,2026-08-11,Completed
A06619,L1606,Website Visit,2026-08-11,Pricing Page
A06620,L1668,Email,2026-08-11,Replied
A06621,L1669,Call,2026-08-11,No Answer
A06622,L1669,Call,2026-08-11,No Answer
A06623,L1679,Email,2026-08-11,No Response
A06624,L1017,Call,2026-08-12,No Answer
A06625,L1030,Meeting,2026-08-12,Completed
A06626,L1057,Meeting,2026-08-12,Completed
A06627,L1063,Website Visit,2026-08-12,Services Page
A06628,L1130,Email,2026-08-12,No Response
A06629,L1138,Website Visit,2026-08-12,Contact Page
A06630,L1155,Call,2026-08-12,Callback Requested
A06631,L1160,Website Visit,2026-08-12,Blog
A06632,L1169,Email,2026-08-12,No Response
A06633,L1173,Website Visit,2026-08-12,Services Page
A06634,L1174,Email,2026-08-12,Opened
A06635,L1190,Call,2026-08-12,No Answer
A06636,L1238,Website Visit,2026-08-12,Services Page
A06637,L1245,Website Visit,2026-08-12,Contact Page
A06638,L1258,Website Visit,2026-08-12,Case Study
A06639,L1263,Website Visit,2026-08-12,Blog
A06640,L1271,Website Visit,2026-08-12,Pricing Page
A06641,L1277,Call,2026-08-12,Voicemail
A06642,L1280,Meeting,2026-08-12,Completed
A06643,L1285,Call,2026-08-12,No Answer
A06644,L1338,Email,2026-08-12,No Response
A06645,L1347,Website Visit,2026-08-12,Blog
A06646,L1414,Call,2026-08-12,Not Interested
A06647,L1439,Call,2026-08-12,No Answer
A06648,L1459,Email,2026-08-12,Replied
A06649,L1460,Email,2026-08-12,Bounced
A06650,L1465,Website Visit,2026-08-12,Pricing Page
A06651,L1479,Website Visit,2026-08-12,Pricing Page
A06652,L1490,Call,2026-08-12,Connected
A06653,L1492,Email,2026-08-12,No Response
A06654,L1541,Call,2026-08-12,No Answer
A06655,L1547,Call,2026-08-12,Callback Requested
A06656,L1568,Website Visit,2026-08-12,Contact Page
A06657,L1584,Website Visit,2026-08-12,Blog
A06658,L1599,Meeting,2026-08-12,Completed
A06659,L1612,Call,2026-08-12,Connected
A06660,L1632,Website Visit,2026-08-12,Services Page
A06661,L1639,Call,2026-08-12,Callback Requested
A06662,L1644,Website Visit,2026-08-12,Blog
A06663,L1649,Call,2026-08-12,Connected
A06664,L1650,Meeting,2026-08-12,Completed
A06665,L1655,Call,2026-08-12,Connected
A06666,L1657,Email,2026-08-12,Opened
A06667,L1657,Meeting,2026-08-12,Completed
A06668,L1659,Call,2026-08-12,Not Interested
A06669,L1684,Call,2026-08-12,Not Interested
A06670,L1693,Email,2026-08-12,Opened
A06671,L0963,Call,2026-08-13,Connected
A06672,L0996,Call,2026-08-13,No Answer
A06673,L1003,Call,2026-08-13,Voicemail
A06674,L1003,Email,2026-08-13,No Response
A06675,L1021,Email,2026-08-13,No Response
A06676,L1024,Email,2026-08-13,Bounced
A06677,L1034,Email,2026-08-13,No Response
A06678,L1073,Email,2026-08-13,Replied
A06679,L1084,Call,2026-08-13,Connected
A06680,L1084,Call,2026-08-13,No Answer
A06681,L1096,Call,2026-08-13,Voicemail
A06682,L1105,Call,2026-08-13,Connected
A06683,L1131,Call,2026-08-13,Connected
A06684,L1137,Email,2026-08-13,Replied
A06685,L1157,Call,2026-08-13,Connected
A06686,L1164,Call,2026-08-13,Connected
A06687,L1214,Call,2026-08-13,Callback Requested
A06688,L1214,Email,2026-08-13,Opened
A06689,L1221,Call,2026-08-13,No Answer
A06690,L1280,Email,2026-08-13,No Response
A06691,L1288,Website Visit,2026-08-13,Case Study
A06692,L1330,Website Visit,2026-08-13,Services Page
A06693,L1332,Email,2026-08-13,No Response
A06694,L1349,Website Visit,2026-08-13,Pricing Page
A06695,L1386,Call,2026-08-13,Not Interested
A06696,L1406,Call,2026-08-13,Connected
A06697,L1429,Website Visit,2026-08-13,Pricing Page
A06698,L1431,Call,2026-08-13,Connected
A06699,L1485,Meeting,2026-08-13,No Show
A06700,L1513,Website Visit,2026-08-13,Blog
A06701,L1522,Website Visit,2026-08-13,Services Page
A06702,L1525,Call,2026-08-13,Not Interested
A06703,L1567,Call,2026-08-13,Connected
A06704,L1574,Call,2026-08-13,No Answer
A06705,L1586,Call,2026-08-13,Connected
A06706,L1595,Meeting,2026-08-13,Completed
A06707,L1624,Call,2026-08-13,Connected
A06708,L1659,Email,2026-08-13,No Response
A06709,L1667,Website Visit,2026-08-13,Blog
A06710,L1670,Call,2026-08-13,No Answer
A06711,L1670,Website Visit,2026-08-13,Pricing Page
A06712,L1684,Call,2026-08-13,Callback Requested
A06713,L1684,Meeting,2026-08-13,No Show
A06714,L1690,Email,2026-08-13,No Response
A06715,L1690,Meeting,2026-08-13,Completed
A06716,L1690,Website Visit,2026-08-13,Case Study
A06717,L1691,Call,2026-08-13,Connected
A06718,L1701,Call,2026-08-13,Connected
A06719,L1701,Website Visit,2026-08-13,Case Study
A06720,L1701,Website Visit,2026-08-13,Services Page
A06721,L0966,Email,2026-08-14,Opened
A06722,L1008,Website Visit,2026-08-14,Services Page
A06723,L1014,Website Visit,2026-08-14,Services Page
A06724,L1024,Call,2026-08-14,Voicemail
A06725,L1033,Call,2026-08-14,No Answer
A06726,L1057,Website Visit,2026-08-14,Contact Page
A06727,L1063,Call,2026-08-14,Voicemail
A06728,L1073,Call,2026-08-14,Connected
A06729,L1100,Website Visit,2026-08-14,Blog
A06730,L1117,Website Visit,2026-08-14,Pricing Page
A06731,L1144,Website Visit,2026-08-14,Pricing Page
A06732,L1184,Website Visit,2026-08-14,Case Study
A06733,L1215,Call,2026-08-14,Voicemail
A06734,L1217,Website Visit,2026-08-14,Blog
A06735,L1220,Call,2026-08-14,Connected
A06736,L1267,Call,2026-08-14,Connected
A06737,L1269,Meeting,2026-08-14,Completed
A06738,L1287,Call,2026-08-14,Connected
A06739,L1297,Website Visit,2026-08-14,Case Study
A06740,L1301,Call,2026-08-14,Connected
A06741,L1303,Website Visit,2026-08-14,Blog
A06742,L1318,Website Visit,2026-08-14,Contact Page
A06743,L1321,Call,2026-08-14,Callback Requested
A06744,L1335,Call,2026-08-14,Connected
A06745,L1351,Meeting,2026-08-14,Completed
A06746,L1360,Meeting,2026-08-14,Completed
A06747,L1368,Website Visit,2026-08-14,Services Page
A06748,L1401,Call,2026-08-14,No Answer
A06749,L1402,Website Visit,2026-08-14,Services Page
A06750,L1406,Call,2026-08-14,Voicemail
A06751,L1406,Website Visit,2026-08-14,Case Study
A06752,L1410,Meeting,2026-08-14,Completed
A06753,L1417,Call,2026-08-14,Connected
A06754,L1418,Email,2026-08-14,No Response
A06755,L1435,Website Visit,2026-08-14,Blog
A06756,L1437,Call,2026-08-14,Connected
A06757,L1478,Website Visit,2026-08-14,Pricing Page
A06758,L1485,Website Visit,2026-08-14,Blog
A06759,L1514,Call,2026-08-14,No Answer
A06760,L1522,Website Visit,2026-08-14,Case Study
A06761,L1537,Email,2026-08-14,Opened
A06762,L1559,Website Visit,2026-08-14,Case Study
A06763,L1575,Call,2026-08-14,Connected
A06764,L1576,Call,2026-08-14,No Answer
A06765,L1595,Email,2026-08-14,Opened
A06766,L1599,Call,2026-08-14,No Answer
A06767,L1603,Email,2026-08-14,No Response
A06768,L1606,Website Visit,2026-08-14,Pricing Page
A06769,L1625,Call,2026-08-14,No Answer
A06770,L1644,Call,2026-08-14,Not Interested
A06771,L1644,Call,2026-08-14,No Answer
A06772,L1651,Website Visit,2026-08-14,Contact Page
A06773,L1659,Call,2026-08-14,Callback Requested
A06774,L1699,Call,2026-08-14,Voicemail
A06775,L1714,Website Visit,2026-08-14,Case Study
A06776,L1057,Email,2026-08-15,Opened
A06777,L1072,Call,2026-08-15,No Answer
A06778,L1104,Call,2026-08-15,Connected
A06779,L1125,Email,2026-08-15,Replied
A06780,L1158,Email,2026-08-15,Replied
A06781,L1179,Call,2026-08-15,No Answer
A06782,L1192,Website Visit,2026-08-15,Blog
A06783,L1205,Call,2026-08-15,Callback Requested
A06784,L1214,Website Visit,2026-08-15,Contact Page
A06785,L1259,Website Visit,2026-08-15,Services Page
A06786,L1269,Meeting,2026-08-15,Completed
A06787,L1270,Meeting,2026-08-15,Completed
A06788,L1279,Website Visit,2026-08-15,Services Page
A06789,L1280,Meeting,2026-08-15,Completed
A06790,L1293,Email,2026-08-15,No Response
A06791,L1320,Call,2026-08-15,No Answer
A06792,L1336,Meeting,2026-08-15,Rescheduled
A06793,L1347,Email,2026-08-15,Replied
A06794,L1401,Meeting,2026-08-15,Rescheduled
A06795,L1450,Website Visit,2026-08-15,Blog
A06796,L1462,Website Visit,2026-08-15,Services Page
A06797,L1492,Call,2026-08-15,Connected
A06798,L1519,Call,2026-08-15,No Answer
A06799,L1523,Call,2026-08-15,No Answer
A06800,L1528,Email,2026-08-15,Opened
A06801,L1536,Website Visit,2026-08-15,Services Page
A06802,L1550,Call,2026-08-15,No Answer
A06803,L1556,Website Visit,2026-08-15,Contact Page
A06804,L1595,Email,2026-08-15,Replied
A06805,L1606,Call,2026-08-15,Callback Requested
A06806,L1612,Call,2026-08-15,Voicemail
A06807,L1626,Meeting,2026-08-15,Completed
A06808,L1627,Call,2026-08-15,Connected
A06809,L1650,Email,2026-08-15,No Response
A06810,L1650,Email,2026-08-15,Opened
A06811,L1655,Website Visit,2026-08-15,Services Page
A06812,L1657,Website Visit,2026-08-15,Blog
A06813,L1670,Email,2026-08-15,Replied
A06814,L1671,Website Visit,2026-08-15,Services Page
A06815,L1684,Call,2026-08-15,Connected
A06816,L1686,Email,2026-08-15,No Response
A06817,L1688,Website Visit,2026-08-15,Services Page
A06818,L1692,Call,2026-08-15,No Answer
A06819,L1724,Website Visit,2026-08-15,Blog
A06820,L1056,Website Visit,2026-08-16,Blog
A06821,L1057,Website Visit,2026-08-16,Blog
A06822,L1068,Website Visit,2026-08-16,Blog
A06823,L1074,Meeting,2026-08-16,Completed
A06824,L1077,Email,2026-08-16,Opened
A06825,L1082,Email,2026-08-16,Opened
A06826,L1085,Website Visit,2026-08-16,Pricing Page
A06827,L1087,Email,2026-08-16,Opened
A06828,L1092,Call,2026-08-16,Connected
A06829,L1105,Email,2026-08-16,Opened
A06830,L1125,Website Visit,2026-08-16,Contact Page
A06831,L1172,Call,2026-08-16,No Answer
A06832,L1207,Call,2026-08-16,No Answer
A06833,L1209,Email,2026-08-16,Replied
A06834,L1231,Call,2026-08-16,Connected
A06835,L1257,Call,2026-08-16,No Answer
A06836,L1268,Call,2026-08-16,Voicemail
A06837,L1272,Email,2026-08-16,No Response
A06838,L1291,Website Visit,2026-08-16,Pricing Page
A06839,L1322,Call,2026-08-16,Callback Requested
A06840,L1360,Email,2026-08-16,Opened
A06841,L1402,Call,2026-08-16,Connected
A06842,L1411,Website Visit,2026-08-16,Services Page
A06843,L1423,Website Visit,2026-08-16,Case Study
A06844,L1444,Call,2026-08-16,Connected
A06845,L1464,Website Visit,2026-08-16,Services Page
A06846,L1472,Email,2026-08-16,No Response
A06847,L1474,Website Visit,2026-08-16,Blog
A06848,L1485,Email,2026-08-16,Replied
A06849,L1498,Call,2026-08-16,Connected
A06850,L1506,Call,2026-08-16,Connected
A06851,L1522,Call,2026-08-16,Not Interested
A06852,L1536,Website Visit,2026-08-16,Case Study
A06853,L1539,Call,2026-08-16,Connected
A06854,L1546,Call,2026-08-16,Callback Requested
A06855,L1546,Email,2026-08-16,No Response
A06856,L1560,Call,2026-08-16,Voicemail
A06857,L1567,Call,2026-08-16,Connected
A06858,L1569,Website Visit,2026-08-16,Services Page
A06859,L1636,Website Visit,2026-08-16,Case Study
A06860,L1650,Email,2026-08-16,No Response
A06861,L1668,Meeting,2026-08-16,Completed
A06862,L1678,Call,2026-08-16,Not Interested
A06863,L1722,Website Visit,2026-08-16,Pricing Page
A06864,L1723,Website Visit,2026-08-16,Case Study
A06865,L1724,Website Visit,2026-08-16,Services Page
A06866,L0994,Call,2026-08-17,No Answer
A06867,L0996,Call,2026-08-17,No Answer
A06868,L1021,Call,2026-08-17,No Answer
A06869,L1045,Call,2026-08-17,No Answer
A06870,L1052,Website Visit,2026-08-17,Pricing Page
A06871,L1053,Website Visit,2026-08-17,Case Study
A06872,L1092,Email,2026-08-17,No Response
A06873,L1106,Website Visit,2026-08-17,Case Study
A06874,L1108,Website Visit,2026-08-17,Case Study
A06875,L1144,Call,2026-08-17,Connected
A06876,L1149,Website Visit,2026-08-17,Case Study
A06877,L1154,Website Visit,2026-08-17,Services Page
A06878,L1156,Website Visit,2026-08-17,Pricing Page
A06879,L1228,Website Visit,2026-08-17,Blog
A06880,L1240,Email,2026-08-17,Opened
A06881,L1252,Email,2026-08-17,Replied
A06882,L1253,Website Visit,2026-08-17,Contact Page
A06883,L1284,Website Visit,2026-08-17,Services Page
A06884,L1302,Website Visit,2026-08-17,Blog
A06885,L1343,Call,2026-08-17,Voicemail
A06886,L1359,Call,2026-08-17,Voicemail
A06887,L1360,Call,2026-08-17,Connected
A06888,L1367,Call,2026-08-17,Callback Requested
A06889,L1368,Meeting,2026-08-17,Completed
A06890,L1384,Call,2026-08-17,Connected
A06891,L1386,Email,2026-08-17,Replied
A06892,L1396,Call,2026-08-17,Connected
A06893,L1423,Website Visit,2026-08-17,Pricing Page
A06894,L1435,Website Visit,2026-08-17,Services Page
A06895,L1435,Website Visit,2026-08-17,Services Page
A06896,L1461,Website Visit,2026-08-17,Case Study
A06897,L1472,Email,2026-08-17,No Response
A06898,L1483,Call,2026-08-17,Voicemail
A06899,L1489,Website Visit,2026-08-17,Services Page
A06900,L1507,Email,2026-08-17,Replied
A06901,L1513,Website Visit,2026-08-17,Case Study
A06902,L1522,Call,2026-08-17,Callback Requested
A06903,L1543,Website Visit,2026-08-17,Services Page
A06904,L1574,Call,2026-08-17,No Answer
A06905,L1586,Email,2026-08-17,No Response
A06906,L1599,Call,2026-08-17,Voicemail
A06907,L1616,Meeting,2026-08-17,Completed
A06908,L1616,Website Visit,2026-08-17,Pricing Page
A06909,L1646,Call,2026-08-17,No Answer
A06910,L1648,Call,2026-08-17,No Answer
A06911,L1669,Website Visit,2026-08-17,Services Page
A06912,L1671,Email,2026-08-17,Replied
A06913,L1679,Website Visit,2026-08-17,Blog
A06914,L1691,Call,2026-08-17,Callback Requested
A06915,L1693,Call,2026-08-17,Connected
A06916,L1731,Website Visit,2026-08-17,Blog
A06917,L0999,Call,2026-08-18,Voicemail
A06918,L1026,Call,2026-08-18,Connected
A06919,L1030,Call,2026-08-18,No Answer
A06920,L1072,Email,2026-08-18,Opened
A06921,L1092,Meeting,2026-08-18,Completed
A06922,L1093,Call,2026-08-18,Callback Requested
A06923,L1099,Email,2026-08-18,Replied
A06924,L1150,Email,2026-08-18,Opened
A06925,L1174,Email,2026-08-18,No Response
A06926,L1234,Call,2026-08-18,Voicemail
A06927,L1246,Website Visit,2026-08-18,Pricing Page
A06928,L1259,Call,2026-08-18,Connected
A06929,L1260,Call,2026-08-18,Voicemail
A06930,L1265,Call,2026-08-18,Connected
A06931,L1268,Email,2026-08-18,Replied
A06932,L1295,Email,2026-08-18,No Response
A06933,L1300,Website Visit,2026-08-18,Blog
A06934,L1309,Email,2026-08-18,No Response
A06935,L1317,Website Visit,2026-08-18,Case Study
A06936,L1368,Website Visit,2026-08-18,Services Page
A06937,L1371,Website Visit,2026-08-18,Services Page
A06938,L1372,Website Visit,2026-08-18,Pricing Page
A06939,L1388,Website Visit,2026-08-18,Services Page
A06940,L1413,Website Visit,2026-08-18,Case Study
A06941,L1425,Call,2026-08-18,Callback Requested
A06942,L1435,Call,2026-08-18,No Answer
A06943,L1459,Meeting,2026-08-18,Completed
A06944,L1485,Email,2026-08-18,No Response
A06945,L1490,Website Visit,2026-08-18,Pricing Page
A06946,L1512,Call,2026-08-18,Connected
A06947,L1545,Website Visit,2026-08-18,Services Page
A06948,L1552,Website Visit,2026-08-18,Contact Page
A06949,L1554,Call,2026-08-18,No Answer
A06950,L1601,Website Visit,2026-08-18,Contact Page
A06951,L1605,Website Visit,2026-08-18,Services Page
A06952,L1642,Call,2026-08-18,Connected
A06953,L1651,Call,2026-08-18,Connected
A06954,L1657,Email,2026-08-18,Opened
A06955,L1660,Website Visit,2026-08-18,Blog
A06956,L1664,Call,2026-08-18,Voicemail
A06957,L1673,Call,2026-08-18,Callback Requested
A06958,L1691,Email,2026-08-18,No Response
A06959,L1724,Website Visit,2026-08-18,Case Study
A06960,L1727,Website Visit,2026-08-18,Blog
A06961,L1728,Website Visit,2026-08-18,Case Study
A06962,L1754,Website Visit,2026-08-18,Case Study
A06963,L0996,Meeting,2026-08-19,Completed
A06964,L0999,Call,2026-08-19,Connected
A06965,L1028,Email,2026-08-19,Replied
A06966,L1057,Email,2026-08-19,No Response
A06967,L1067,Website Visit,2026-08-19,Services Page
A06968,L1080,Meeting,2026-08-19,Completed
A06969,L1081,Call,2026-08-19,No Answer
A06970,L1147,Call,2026-08-19,Not Interested
A06971,L1153,Website Visit,2026-08-19,Blog
A06972,L1158,Call,2026-08-19,No Answer
A06973,L1174,Website Visit,2026-08-19,Pricing Page
A06974,L1188,Website Visit,2026-08-19,Pricing Page
A06975,L1193,Website Visit,2026-08-19,Case Study
A06976,L1201,Website Visit,2026-08-19,Blog
A06977,L1220,Call,2026-08-19,Callback Requested
A06978,L1230,Call,2026-08-19,Voicemail
A06979,L1230,Email,2026-08-19,Opened
A06980,L1258,Meeting,2026-08-19,Completed
A06981,L1263,Meeting,2026-08-19,Completed
A06982,L1268,Website Visit,2026-08-19,Services Page
A06983,L1279,Call,2026-08-19,Connected
A06984,L1294,Email,2026-08-19,Replied
A06985,L1298,Meeting,2026-08-19,Completed
A06986,L1299,Call,2026-08-19,Callback Requested
A06987,L1305,Website Visit,2026-08-19,Services Page
A06988,L1312,Website Visit,2026-08-19,Case Study
A06989,L1326,Email,2026-08-19,Opened
A06990,L1329,Call,2026-08-19,No Answer
A06991,L1341,Call,2026-08-19,No Answer
A06992,L1385,Website Visit,2026-08-19,Case Study
A06993,L1397,Email,2026-08-19,No Response
A06994,L1406,Email,2026-08-19,No Response
A06995,L1427,Website Visit,2026-08-19,Pricing Page
A06996,L1448,Email,2026-08-19,No Response
A06997,L1461,Call,2026-08-19,Connected
A06998,L1479,Call,2026-08-19,Voicemail
A06999,L1479,Email,2026-08-19,Replied
A07000,L1481,Email,2026-08-19,Replied
A07001,L1485,Website Visit,2026-08-19,Blog
A07002,L1488,Call,2026-08-19,Connected
A07003,L1489,Call,2026-08-19,No Answer
A07004,L1523,Email,2026-08-19,Opened
A07005,L1523,Meeting,2026-08-19,Completed
A07006,L1568,Call,2026-08-19,Voicemail
A07007,L1568,Call,2026-08-19,No Answer
A07008,L1619,Website Visit,2026-08-19,Case Study
A07009,L1642,Website Visit,2026-08-19,Services Page
A07010,L1644,Website Visit,2026-08-19,Blog
A07011,L1649,Email,2026-08-19,No Response
A07012,L1651,Call,2026-08-19,Connected
A07013,L1671,Website Visit,2026-08-19,Pricing Page
A07014,L1687,Call,2026-08-19,Callback Requested
A07015,L1693,Email,2026-08-19,No Response
A07016,L1693,Website Visit,2026-08-19,Services Page
A07017,L1716,Meeting,2026-08-19,Completed
A07018,L1727,Website Visit,2026-08-19,Services Page
A07019,L1734,Website Visit,2026-08-19,Blog
A07020,L1740,Website Visit,2026-08-19,Contact Page
A07021,L1748,Website Visit,2026-08-19,Pricing Page
A07022,L1757,Call,2026-08-19,Connected
A07023,L1015,Website Visit,2026-08-20,Pricing Page
A07024,L1028,Call,2026-08-20,Connected
A07025,L1028,Email,2026-08-20,Bounced
A07026,L1047,Call,2026-08-20,Connected
A07027,L1047,Website Visit,2026-08-20,Case Study
A07028,L1053,Email,2026-08-20,No Response
A07029,L1073,Call,2026-08-20,Connected
A07030,L1078,Call,2026-08-20,Connected
A07031,L1090,Website Visit,2026-08-20,Blog
A07032,L1101,Meeting,2026-08-20,Completed
A07033,L1125,Email,2026-08-20,Replied
A07034,L1136,Website Visit,2026-08-20,Pricing Page
A07035,L1147,Email,2026-08-20,Opened
A07036,L1166,Call,2026-08-20,No Answer
A07037,L1178,Website Visit,2026-08-20,Blog
A07038,L1214,Email,2026-08-20,No Response
A07039,L1223,Email,2026-08-20,Replied
A07040,L1228,Call,2026-08-20,Connected
A07041,L1258,Call,2026-08-20,No Answer
A07042,L1279,Call,2026-08-20,Connected
A07043,L1316,Website Visit,2026-08-20,Blog
A07044,L1398,Call,2026-08-20,No Answer
A07045,L1404,Email,2026-08-20,No Response
A07046,L1406,Call,2026-08-20,No Answer
A07047,L1423,Email,2026-08-20,Replied
A07048,L1438,Email,2026-08-20,No Response
A07049,L1443,Meeting,2026-08-20,Completed
A07050,L1444,Website Visit,2026-08-20,Contact Page
A07051,L1498,Email,2026-08-20,No Response
A07052,L1504,Meeting,2026-08-20,Completed
A07053,L1512,Email,2026-08-20,Replied
A07054,L1522,Website Visit,2026-08-20,Pricing Page
A07055,L1528,Email,2026-08-20,No Response
A07056,L1545,Website Visit,2026-08-20,Pricing Page
A07057,L1554,Website Visit,2026-08-20,Case Study
A07058,L1571,Call,2026-08-20,Connected
A07059,L1599,Email,2026-08-20,Opened
A07060,L1599,Website Visit,2026-08-20,Contact Page
A07061,L1616,Call,2026-08-20,No Answer
A07062,L1627,Call,2026-08-20,Connected
A07063,L1630,Website Visit,2026-08-20,Contact Page
A07064,L1633,Website Visit,2026-08-20,Case Study
A07065,L1645,Website Visit,2026-08-20,Case Study
A07066,L1668,Call,2026-08-20,Connected
A07067,L1686,Call,2026-08-20,Voicemail
A07068,L1688,Email,2026-08-20,No Response
A07069,L1699,Website Visit,2026-08-20,Blog
A07070,L1708,Call,2026-08-20,Voicemail
A07071,L1711,Meeting,2026-08-20,Rescheduled
A07072,L1712,Call,2026-08-20,No Answer
A07073,L1713,Website Visit,2026-08-20,Contact Page
A07074,L1723,Website Visit,2026-08-20,Contact Page
A07075,L1729,Email,2026-08-20,Replied
A07076,L1729,Meeting,2026-08-20,Completed
A07077,L1737,Call,2026-08-20,No Answer
A07078,L1747,Website Visit,2026-08-20,Contact Page
A07079,L1752,Website Visit,2026-08-20,Case Study
A07080,L1763,Email,2026-08-20,No Response
A07081,L1768,Email,2026-08-20,No Response
A07082,L1018,Call,2026-08-21,Connected
A07083,L1023,Email,2026-08-21,Opened
A07084,L1030,Email,2026-08-21,No Response
A07085,L1044,Call,2026-08-21,Connected
A07086,L1044,Website Visit,2026-08-21,Pricing Page
A07087,L1082,Call,2026-08-21,Connected
A07088,L1106,Call,2026-08-21,Callback Requested
A07089,L1149,Call,2026-08-21,No Answer
A07090,L1156,Call,2026-08-21,Connected
A07091,L1166,Call,2026-08-21,Callback Requested
A07092,L1166,Call,2026-08-21,No Answer
A07093,L1191,Call,2026-08-21,No Answer
A07094,L1204,Email,2026-08-21,No Response
A07095,L1220,Meeting,2026-08-21,Completed
A07096,L1220,Website Visit,2026-08-21,Pricing Page
A07097,L1221,Website Visit,2026-08-21,Blog
A07098,L1240,Meeting,2026-08-21,Completed
A07099,L1241,Call,2026-08-21,Callback Requested
A07100,L1254,Email,2026-08-21,Replied
A07101,L1257,Meeting,2026-08-21,Completed
A07102,L1259,Meeting,2026-08-21,Completed
A07103,L1280,Email,2026-08-21,Opened
A07104,L1282,Call,2026-08-21,Callback Requested
A07105,L1312,Call,2026-08-21,Connected
A07106,L1317,Call,2026-08-21,Not Interested
A07107,L1321,Email,2026-08-21,Opened
A07108,L1352,Email,2026-08-21,Opened
A07109,L1354,Meeting,2026-08-21,Rescheduled
A07110,L1382,Email,2026-08-21,No Response
A07111,L1388,Email,2026-08-21,Opened
A07112,L1410,Call,2026-08-21,Callback Requested
A07113,L1472,Call,2026-08-21,Connected
A07114,L1481,Website Visit,2026-08-21,Contact Page
A07115,L1497,Website Visit,2026-08-21,Blog
A07116,L1498,Website Visit,2026-08-21,Services Page
A07117,L1541,Call,2026-08-21,Connected
A07118,L1598,Website Visit,2026-08-21,Case Study
A07119,L1625,Call,2026-08-21,Connected
A07120,L1635,Call,2026-08-21,No Answer
A07121,L1673,Email,2026-08-21,Opened
A07122,L1684,Email,2026-08-21,Opened
A07123,L1692,Website Visit,2026-08-21,Contact Page
A07124,L1703,Website Visit,2026-08-21,Services Page
A07125,L1716,Call,2026-08-21,Callback Requested
A07126,L1721,Email,2026-08-21,No Response
A07127,L1729,Meeting,2026-08-21,Completed
A07128,L1760,Website Visit,2026-08-21,Case Study
A07129,L1773,Call,2026-08-21,No Answer
A07130,L1030,Email,2026-08-22,Opened
A07131,L1039,Meeting,2026-08-22,Completed
A07132,L1075,Website Visit,2026-08-22,Contact Page
A07133,L1156,Call,2026-08-22,No Answer
A07134,L1196,Website Visit,2026-08-22,Services Page
A07135,L1231,Website Visit,2026-08-22,Pricing Page
A07136,L1243,Meeting,2026-08-22,Completed
A07137,L1254,Call,2026-08-22,Callback Requested
A07138,L1258,Email,2026-08-22,Replied
A07139,L1258,Email,2026-08-22,Replied
A07140,L1268,Website Visit,2026-08-22,Contact Page
A07141,L1286,Website Visit,2026-08-22,Pricing Page
A07142,L1321,Call,2026-08-22,Connected
A07143,L1361,Website Visit,2026-08-22,Blog
A07144,L1372,Website Visit,2026-08-22,Contact Page
A07145,L1379,Email,2026-08-22,No Response
A07146,L1392,Call,2026-08-22,Connected
A07147,L1453,Email,2026-08-22,Opened
A07148,L1471,Website Visit,2026-08-22,Blog
A07149,L1472,Website Visit,2026-08-22,Contact Page
A07150,L1478,Website Visit,2026-08-22,Case Study
A07151,L1485,Call,2026-08-22,No Answer
A07152,L1517,Call,2026-08-22,No Answer
A07153,L1526,Call,2026-08-22,No Answer
A07154,L1568,Meeting,2026-08-22,Rescheduled
A07155,L1571,Call,2026-08-22,Callback Requested
A07156,L1574,Email,2026-08-22,Replied
A07157,L1582,Email,2026-08-22,Opened
A07158,L1584,Website Visit,2026-08-22,Pricing Page
A07159,L1616,Call,2026-08-22,No Answer
A07160,L1644,Website Visit,2026-08-22,Case Study
A07161,L1657,Website Visit,2026-08-22,Case Study
A07162,L1668,Email,2026-08-22,Opened
A07163,L1684,Email,2026-08-22,Opened
A07164,L1692,Website Visit,2026-08-22,Pricing Page
A07165,L1695,Website Visit,2026-08-22,Services Page
A07166,L1711,Website Visit,2026-08-22,Case Study
A07167,L1731,Website Visit,2026-08-22,Case Study
A07168,L1745,Call,2026-08-22,No Answer
A07169,L1765,Website Visit,2026-08-22,Pricing Page
A07170,L1768,Website Visit,2026-08-22,Blog
A07171,L1782,Email,2026-08-22,No Response
A07172,L1031,Email,2026-08-23,Replied
A07173,L1066,Call,2026-08-23,No Answer
A07174,L1068,Call,2026-08-23,No Answer
A07175,L1076,Website Visit,2026-08-23,Services Page
A07176,L1082,Email,2026-08-23,No Response
A07177,L1084,Email,2026-08-23,Opened
A07178,L1093,Website Visit,2026-08-23,Case Study
A07179,L1096,Call,2026-08-23,Connected
A07180,L1099,Website Visit,2026-08-23,Contact Page
A07181,L1102,Website Visit,2026-08-23,Services Page
A07182,L1131,Website Visit,2026-08-23,Blog
A07183,L1196,Call,2026-08-23,Connected
A07184,L1222,Call,2026-08-23,Callback Requested
A07185,L1230,Meeting,2026-08-23,Completed
A07186,L1240,Call,2026-08-23,Connected
A07187,L1258,Website Visit,2026-08-23,Contact Page
A07188,L1263,Email,2026-08-23,Replied
A07189,L1265,Website Visit,2026-08-23,Services Page
A07190,L1267,Call,2026-08-23,No Answer
A07191,L1269,Email,2026-08-23,Replied
A07192,L1288,Website Visit,2026-08-23,Services Page
A07193,L1320,Call,2026-08-23,Callback Requested
A07194,L1331,Call,2026-08-23,Connected
A07195,L1331,Meeting,2026-08-23,Completed
A07196,L1332,Call,2026-08-23,Connected
A07197,L1351,Website Visit,2026-08-23,Contact Page
A07198,L1363,Website Visit,2026-08-23,Pricing Page
A07199,L1363,Website Visit,2026-08-23,Case Study
A07200,L1376,Call,2026-08-23,No Answer
A07201,L1379,Website Visit,2026-08-23,Contact Page
A07202,L1386,Email,2026-08-23,No Response
A07203,L1386,Website Visit,2026-08-23,Services Page
A07204,L1387,Call,2026-08-23,Connected
A07205,L1399,Email,2026-08-23,Opened
A07206,L1410,Call,2026-08-23,Connected
A07207,L1458,Website Visit,2026-08-23,Contact Page
A07208,L1459,Email,2026-08-23,Replied
A07209,L1481,Website Visit,2026-08-23,Contact Page
A07210,L1486,Call,2026-08-23,Callback Requested
A07211,L1490,Email,2026-08-23,No Response
A07212,L1496,Call,2026-08-23,Callback Requested
A07213,L1507,Website Visit,2026-08-23,Contact Page
A07214,L1519,Email,2026-08-23,Bounced
A07215,L1523,Website Visit,2026-08-23,Contact Page
A07216,L1538,Website Visit,2026-08-23,Case Study
A07217,L1546,Call,2026-08-23,Voicemail
A07218,L1546,Call,2026-08-23,Connected
A07219,L1598,Email,2026-08-23,Opened
A07220,L1601,Call,2026-08-23,No Answer
A07221,L1603,Email,2026-08-23,No Response
A07222,L1631,Call,2026-08-23,Not Interested
A07223,L1639,Email,2026-08-23,Replied
A07224,L1662,Website Visit,2026-08-23,Services Page
A07225,L1663,Meeting,2026-08-23,Rescheduled
A07226,L1683,Email,2026-08-23,No Response
A07227,L1685,Call,2026-08-23,Voicemail
A07228,L1689,Call,2026-08-23,Connected
A07229,L1689,Website Visit,2026-08-23,Pricing Page
A07230,L1690,Website Visit,2026-08-23,Case Study
A07231,L1701,Email,2026-08-23,No Response
A07232,L1702,Call,2026-08-23,Not Interested
A07233,L1714,Website Visit,2026-08-23,Pricing Page
A07234,L1718,Website Visit,2026-08-23,Services Page
A07235,L1722,Meeting,2026-08-23,Completed
A07236,L1745,Call,2026-08-23,Connected
A07237,L1753,Call,2026-08-23,Connected
A07238,L1770,Call,2026-08-23,Connected
A07239,L1775,Call,2026-08-23,Connected
A07240,L1786,Call,2026-08-23,Connected
A07241,L1036,Website Visit,2026-08-24,Case Study
A07242,L1053,Call,2026-08-24,No Answer
A07243,L1053,Email,2026-08-24,No Response
A07244,L1072,Website Visit,2026-08-24,Case Study
A07245,L1074,Email,2026-08-24,No Response
A07246,L1077,Meeting,2026-08-24,Completed
A07247,L1101,Website Visit,2026-08-24,Pricing Page
A07248,L1108,Website Visit,2026-08-24,Blog
A07249,L1112,Call,2026-08-24,Callback Requested
A07250,L1171,Call,2026-08-24,Connected
A07251,L1172,Call,2026-08-24,No Answer
A07252,L1200,Meeting,2026-08-24,Rescheduled
A07253,L1204,Website Visit,2026-08-24,Services Page
A07254,L1220,Website Visit,2026-08-24,Blog
A07255,L1231,Call,2026-08-24,Connected
A07256,L1235,Meeting,2026-08-24,Completed
A07257,L1281,Call,2026-08-24,Voicemail
A07258,L1295,Website Visit,2026-08-24,Contact Page
A07259,L1311,Website Visit,2026-08-24,Case Study
A07260,L1318,Email,2026-08-24,Opened
A07261,L1321,Call,2026-08-24,Voicemail
A07262,L1337,Website Visit,2026-08-24,Contact Page
A07263,L1337,Website Visit,2026-08-24,Contact Page
A07264,L1348,Website Visit,2026-08-24,Pricing Page
A07265,L1354,Call,2026-08-24,Connected
A07266,L1354,Email,2026-08-24,Opened
A07267,L1377,Call,2026-08-24,Not Interested
A07268,L1377,Call,2026-08-24,No Answer
A07269,L1377,Website Visit,2026-08-24,Blog
A07270,L1385,Meeting,2026-08-24,Completed
A07271,L1410,Meeting,2026-08-24,Completed
A07272,L1410,Website Visit,2026-08-24,Case Study
A07273,L1452,Call,2026-08-24,Callback Requested
A07274,L1454,Call,2026-08-24,No Answer
A07275,L1455,Call,2026-08-24,No Answer
A07276,L1472,Website Visit,2026-08-24,Blog
A07277,L1495,Email,2026-08-24,Opened
A07278,L1498,Call,2026-08-24,Connected
A07279,L1501,Website Visit,2026-08-24,Services Page
A07280,L1504,Website Visit,2026-08-24,Services Page
A07281,L1509,Website Visit,2026-08-24,Services Page
A07282,L1523,Website Visit,2026-08-24,Pricing Page
A07283,L1542,Email,2026-08-24,No Response
A07284,L1547,Call,2026-08-24,Callback Requested
A07285,L1614,Website Visit,2026-08-24,Pricing Page
A07286,L1624,Email,2026-08-24,No Response
A07287,L1654,Meeting,2026-08-24,Completed
A07288,L1671,Call,2026-08-24,Connected
A07289,L1688,Meeting,2026-08-24,Completed
A07290,L1691,Email,2026-08-24,Replied
A07291,L1693,Call,2026-08-24,Callback Requested
A07292,L1710,Call,2026-08-24,No Answer
A07293,L1716,Meeting,2026-08-24,Completed
A07294,L1722,Website Visit,2026-08-24,Blog
A07295,L1759,Email,2026-08-24,Opened
A07296,L1768,Website Visit,2026-08-24,Services Page
A07297,L1775,Email,2026-08-24,No Response
A07298,L1783,Website Visit,2026-08-24,Services Page
A07299,L1801,Email,2026-08-24,Opened
A07300,L1801,Website Visit,2026-08-24,Services Page
A07301,L1043,Website Visit,2026-08-25,Contact Page
A07302,L1057,Call,2026-08-25,No Answer
A07303,L1069,Website Visit,2026-08-25,Pricing Page
A07304,L1077,Email,2026-08-25,Opened
A07305,L1082,Meeting,2026-08-25,Rescheduled
A07306,L1099,Call,2026-08-25,Connected
A07307,L1105,Website Visit,2026-08-25,Pricing Page
A07308,L1116,Website Visit,2026-08-25,Services Page
A07309,L1118,Call,2026-08-25,Connected
A07310,L1125,Call,2026-08-25,Voicemail
A07311,L1163,Call,2026-08-25,Connected
A07312,L1169,Email,2026-08-25,Opened
A07313,L1193,Call,2026-08-25,Callback Requested
A07314,L1208,Email,2026-08-25,No Response
A07315,L1212,Website Visit,2026-08-25,Case Study
A07316,L1248,Call,2026-08-25,Callback Requested
A07317,L1270,Call,2026-08-25,Connected
A07318,L1291,Website Visit,2026-08-25,Pricing Page
A07319,L1298,Call,2026-08-25,No Answer
A07320,L1333,Meeting,2026-08-25,Completed
A07321,L1374,Website Visit,2026-08-25,Contact Page
A07322,L1379,Website Visit,2026-08-25,Pricing Page
A07323,L1390,Call,2026-08-25,Voicemail
A07324,L1392,Call,2026-08-25,Connected
A07325,L1393,Email,2026-08-25,No Response
A07326,L1393,Website Visit,2026-08-25,Blog
A07327,L1411,Call,2026-08-25,Connected
A07328,L1411,Website Visit,2026-08-25,Blog
A07329,L1423,Email,2026-08-25,No Response
A07330,L1425,Meeting,2026-08-25,Completed
A07331,L1447,Call,2026-08-25,Callback Requested
A07332,L1460,Call,2026-08-25,Callback Requested
A07333,L1485,Website Visit,2026-08-25,Pricing Page
A07334,L1514,Website Visit,2026-08-25,Contact Page
A07335,L1522,Call,2026-08-25,Not Interested
A07336,L1523,Meeting,2026-08-25,Rescheduled
A07337,L1541,Email,2026-08-25,Opened
A07338,L1560,Call,2026-08-25,No Answer
A07339,L1576,Website Visit,2026-08-25,Contact Page
A07340,L1627,Meeting,2026-08-25,Completed
A07341,L1650,Meeting,2026-08-25,Completed
A07342,L1687,Website Visit,2026-08-25,Case Study
A07343,L1688,Email,2026-08-25,Opened
A07344,L1689,Call,2026-08-25,No Answer
A07345,L1690,Meeting,2026-08-25,No Show
A07346,L1691,Website Visit,2026-08-25,Contact Page
A07347,L1729,Email,2026-08-25,Replied
A07348,L1729,Website Visit,2026-08-25,Contact Page
A07349,L1737,Website Visit,2026-08-25,Services Page
A07350,L1745,Website Visit,2026-08-25,Case Study
A07351,L1752,Call,2026-08-25,Connected
A07352,L1754,Call,2026-08-25,Connected
A07353,L1765,Website Visit,2026-08-25,Services Page
A07354,L1782,Website Visit,2026-08-25,Pricing Page
A07355,L1801,Website Visit,2026-08-25,Case Study
A07356,L1044,Call,2026-08-26,No Answer
A07357,L1072,Meeting,2026-08-26,Completed
A07358,L1080,Website Visit,2026-08-26,Blog
A07359,L1085,Call,2026-08-26,Connected
A07360,L1094,Email,2026-08-26,No Response
A07361,L1116,Meeting,2026-08-26,Completed
A07362,L1125,Meeting,2026-08-26,Completed
A07363,L1153,Call,2026-08-26,No Answer
A07364,L1164,Email,2026-08-26,Replied
A07365,L1179,Call,2026-08-26,No Answer
A07366,L1186,Call,2026-08-26,Connected
A07367,L1193,Meeting,2026-08-26,Completed
A07368,L1227,Call,2026-08-26,Connected
A07369,L1231,Meeting,2026-08-26,Completed
A07370,L1231,Meeting,2026-08-26,Completed
A07371,L1238,Email,2026-08-26,Opened
A07372,L1254,Call,2026-08-26,Connected
A07373,L1257,Email,2026-08-26,Replied
A07374,L1282,Email,2026-08-26,Opened
A07375,L1295,Meeting,2026-08-26,Completed
A07376,L1303,Email,2026-08-26,No Response
A07377,L1309,Website Visit,2026-08-26,Contact Page
A07378,L1311,Call,2026-08-26,No Answer
A07379,L1312,Website Visit,2026-08-26,Case Study
A07380,L1319,Website Visit,2026-08-26,Pricing Page
A07381,L1333,Call,2026-08-26,No Answer
A07382,L1338,Call,2026-08-26,Connected
A07383,L1354,Website Visit,2026-08-26,Case Study
A07384,L1424,Website Visit,2026-08-26,Blog
A07385,L1425,Website Visit,2026-08-26,Blog
A07386,L1428,Call,2026-08-26,No Answer
A07387,L1429,Call,2026-08-26,No Answer
A07388,L1448,Email,2026-08-26,Replied
A07389,L1469,Call,2026-08-26,Connected
A07390,L1476,Email,2026-08-26,Opened
A07391,L1487,Email,2026-08-26,Replied
A07392,L1497,Email,2026-08-26,Opened
A07393,L1548,Call,2026-08-26,Connected
A07394,L1562,Website Visit,2026-08-26,Contact Page
A07395,L1568,Email,2026-08-26,Replied
A07396,L1574,Email,2026-08-26,Opened
A07397,L1595,Call,2026-08-26,Connected
A07398,L1598,Website Visit,2026-08-26,Services Page
A07399,L1616,Meeting,2026-08-26,Completed
A07400,L1626,Call,2026-08-26,Connected
A07401,L1644,Email,2026-08-26,Replied
A07402,L1654,Call,2026-08-26,Callback Requested
A07403,L1670,Email,2026-08-26,Bounced
A07404,L1671,Website Visit,2026-08-26,Blog
A07405,L1678,Website Visit,2026-08-26,Pricing Page
A07406,L1691,Call,2026-08-26,Connected
A07407,L1699,Meeting,2026-08-26,No Show
A07408,L1706,Website Visit,2026-08-26,Services Page
A07409,L1708,Call,2026-08-26,No Answer
A07410,L1711,Call,2026-08-26,No Answer
A07411,L1719,Website Visit,2026-08-26,Case Study
A07412,L1721,Call,2026-08-26,Connected
A07413,L1722,Email,2026-08-26,Opened
A07414,L1722,Website Visit,2026-08-26,Pricing Page
A07415,L1725,Call,2026-08-26,Voicemail
A07416,L1730,Call,2026-08-26,Not Interested
A07417,L1752,Call,2026-08-26,Connected
A07418,L1765,Email,2026-08-26,Opened
A07419,L1766,Website Visit,2026-08-26,Contact Page
A07420,L1770,Website Visit,2026-08-26,Services Page
A07421,L1782,Call,2026-08-26,No Answer
A07422,L1782,Website Visit,2026-08-26,Pricing Page
A07423,L1796,Call,2026-08-26,No Answer
A07424,L1809,Website Visit,2026-08-26,Contact Page
A07425,L1822,Email,2026-08-26,Opened
A07426,L1824,Website Visit,2026-08-26,Case Study
A07427,L1059,Email,2026-08-27,Opened
A07428,L1085,Website Visit,2026-08-27,Services Page
A07429,L1088,Email,2026-08-27,Bounced
A07430,L1096,Website Visit,2026-08-27,Blog
A07431,L1096,Website Visit,2026-08-27,Pricing Page
A07432,L1125,Email,2026-08-27,Replied
A07433,L1182,Website Visit,2026-08-27,Blog
A07434,L1224,Website Visit,2026-08-27,Case Study
A07435,L1262,Website Visit,2026-08-27,Services Page
A07436,L1265,Email,2026-08-27,Opened
A07437,L1271,Email,2026-08-27,Opened
A07438,L1307,Call,2026-08-27,Connected
A07439,L1347,Call,2026-08-27,Connected
A07440,L1351,Meeting,2026-08-27,Completed
A07441,L1354,Website Visit,2026-08-27,Services Page
A07442,L1377,Email,2026-08-27,Opened
A07443,L1377,Website Visit,2026-08-27,Pricing Page
A07444,L1385,Website Visit,2026-08-27,Case Study
A07445,L1386,Call,2026-08-27,No Answer
A07446,L1406,Email,2026-08-27,No Response
A07447,L1422,Website Visit,2026-08-27,Case Study
A07448,L1425,Website Visit,2026-08-27,Pricing Page
A07449,L1459,Meeting,2026-08-27,Rescheduled
A07450,L1468,Website Visit,2026-08-27,Services Page
A07451,L1503,Email,2026-08-27,No Response
A07452,L1509,Website Visit,2026-08-27,Case Study
A07453,L1557,Website Visit,2026-08-27,Case Study
A07454,L1573,Website Visit,2026-08-27,Case Study
A07455,L1610,Website Visit,2026-08-27,Case Study
A07456,L1630,Email,2026-08-27,Opened
A07457,L1644,Call,2026-08-27,Not Interested
A07458,L1673,Website Visit,2026-08-27,Case Study
A07459,L1689,Email,2026-08-27,Opened
A07460,L1689,Website Visit,2026-08-27,Services Page
A07461,L1694,Call,2026-08-27,Connected
A07462,L1706,Website Visit,2026-08-27,Services Page
A07463,L1708,Call,2026-08-27,Connected
A07464,L1717,Call,2026-08-27,Callback Requested
A07465,L1745,Email,2026-08-27,Bounced
A07466,L1768,Meeting,2026-08-27,Completed
A07467,L1769,Call,2026-08-27,No Answer
A07468,L1770,Call,2026-08-27,No Answer
A07469,L1788,Website Visit,2026-08-27,Blog
A07470,L1811,Call,2026-08-27,No Answer
A07471,L1813,Call,2026-08-27,Connected
A07472,L1814,Meeting,2026-08-27,Completed
A07473,L1828,Call,2026-08-27,No Answer
A07474,L1066,Email,2026-08-28,Opened
A07475,L1158,Meeting,2026-08-28,Completed
A07476,L1162,Website Visit,2026-08-28,Services Page
A07477,L1166,Email,2026-08-28,Opened
A07478,L1169,Website Visit,2026-08-28,Pricing Page
A07479,L1179,Call,2026-08-28,Callback Requested
A07480,L1180,Website Visit,2026-08-28,Pricing Page
A07481,L1212,Call,2026-08-28,Connected
A07482,L1230,Website Visit,2026-08-28,Contact Page
A07483,L1234,Call,2026-08-28,Callback Requested
A07484,L1314,Website Visit,2026-08-28,Contact Page
A07485,L1333,Email,2026-08-28,Opened
A07486,L1341,Website Visit,2026-08-28,Pricing Page
A07487,L1399,Website Visit,2026-08-28,Blog
A07488,L1411,Email,2026-08-28,Opened
A07489,L1423,Call,2026-08-28,Callback Requested
A07490,L1446,Call,2026-08-28,Callback Requested
A07491,L1453,Call,2026-08-28,No Answer
A07492,L1454,Meeting,2026-08-28,Completed
A07493,L1476,Call,2026-08-28,No Answer
A07494,L1487,Call,2026-08-28,Connected
A07495,L1502,Call,2026-08-28,Voicemail
A07496,L1507,Call,2026-08-28,No Answer
A07497,L1507,Website Visit,2026-08-28,Pricing Page
A07498,L1514,Meeting,2026-08-28,Completed
A07499,L1522,Meeting,2026-08-28,Completed
A07500,L1551,Call,2026-08-28,Connected
A07501,L1557,Call,2026-08-28,Voicemail
A07502,L1560,Website Visit,2026-08-28,Case Study
A07503,L1564,Website Visit,2026-08-28,Services Page
A07504,L1569,Email,2026-08-28,No Response
A07505,L1569,Email,2026-08-28,No Response
A07506,L1578,Website Visit,2026-08-28,Pricing Page
A07507,L1589,Website Visit,2026-08-28,Case Study
A07508,L1590,Website Visit,2026-08-28,Blog
A07509,L1595,Website Visit,2026-08-28,Blog
A07510,L1596,Email,2026-08-28,Replied
A07511,L1599,Call,2026-08-28,No Answer
A07512,L1605,Website Visit,2026-08-28,Blog
A07513,L1609,Website Visit,2026-08-28,Pricing Page
A07514,L1612,Website Visit,2026-08-28,Blog
A07515,L1618,Meeting,2026-08-28,Completed
A07516,L1620,Call,2026-08-28,Connected
A07517,L1624,Email,2026-08-28,Opened
A07518,L1627,Call,2026-08-28,Connected
A07519,L1653,Call,2026-08-28,No Answer
A07520,L1663,Website Visit,2026-08-28,Case Study
A07521,L1664,Email,2026-08-28,No Response
A07522,L1678,Website Visit,2026-08-28,Case Study
A07523,L1686,Website Visit,2026-08-28,Contact Page
A07524,L1690,Email,2026-08-28,No Response
A07525,L1692,Call,2026-08-28,Callback Requested
A07526,L1692,Website Visit,2026-08-28,Contact Page
A07527,L1701,Call,2026-08-28,No Answer
A07528,L1711,Email,2026-08-28,Opened
A07529,L1724,Email,2026-08-28,Opened
A07530,L1755,Call,2026-08-28,No Answer
A07531,L1759,Call,2026-08-28,Connected
A07532,L1763,Meeting,2026-08-28,Completed
A07533,L1767,Website Visit,2026-08-28,Contact Page
A07534,L1782,Meeting,2026-08-28,No Show
A07535,L1786,Website Visit,2026-08-28,Services Page
A07536,L1803,Website Visit,2026-08-28,Blog
A07537,L1810,Website Visit,2026-08-28,Blog
A07538,L1814,Website Visit,2026-08-28,Pricing Page
A07539,L1817,Call,2026-08-28,Callback Requested
A07540,L1818,Website Visit,2026-08-28,Blog
A07541,L1076,Website Visit,2026-08-29,Services Page
A07542,L1106,Call,2026-08-29,No Answer
A07543,L1153,Website Visit,2026-08-29,Contact Page
A07544,L1164,Email,2026-08-29,No Response
A07545,L1174,Website Visit,2026-08-29,Services Page
A07546,L1179,Meeting,2026-08-29,Completed
A07547,L1184,Call,2026-08-29,No Answer
A07548,L1240,Website Visit,2026-08-29,Pricing Page
A07549,L1295,Website Visit,2026-08-29,Services Page
A07550,L1303,Website Visit,2026-08-29,Pricing Page
A07551,L1321,Website Visit,2026-08-29,Case Study
A07552,L1364,Website Visit,2026-08-29,Services Page
A07553,L1372,Call,2026-08-29,Connected
A07554,L1385,Email,2026-08-29,No Response
A07555,L1407,Call,2026-08-29,Connected
A07556,L1424,Call,2026-08-29,No Answer
A07557,L1424,Email,2026-08-29,No Response
A07558,L1424,Website Visit,2026-08-29,Services Page
A07559,L1425,Call,2026-08-29,Callback Requested
A07560,L1447,Email,2026-08-29,Replied
A07561,L1452,Website Visit,2026-08-29,Contact Page
A07562,L1485,Email,2026-08-29,No Response
A07563,L1523,Call,2026-08-29,Connected
A07564,L1537,Call,2026-08-29,No Answer
A07565,L1542,Call,2026-08-29,Connected
A07566,L1547,Call,2026-08-29,No Answer
A07567,L1550,Call,2026-08-29,Callback Requested
A07568,L1550,Call,2026-08-29,Connected
A07569,L1550,Website Visit,2026-08-29,Blog
A07570,L1551,Email,2026-08-29,No Response
A07571,L1559,Call,2026-08-29,No Answer
A07572,L1567,Website Visit,2026-08-29,Services Page
A07573,L1567,Website Visit,2026-08-29,Case Study
A07574,L1607,Email,2026-08-29,Opened
A07575,L1620,Website Visit,2026-08-29,Services Page
A07576,L1643,Website Visit,2026-08-29,Case Study
A07577,L1644,Website Visit,2026-08-29,Contact Page
A07578,L1645,Email,2026-08-29,Replied
A07579,L1665,Call,2026-08-29,No Answer
A07580,L1665,Email,2026-08-29,Bounced
A07581,L1670,Call,2026-08-29,Callback Requested
A07582,L1676,Call,2026-08-29,Voicemail
A07583,L1683,Call,2026-08-29,No Answer
A07584,L1698,Call,2026-08-29,No Answer
A07585,L1701,Call,2026-08-29,Connected
A07586,L1706,Call,2026-08-29,Connected
A07587,L1712,Website Visit,2026-08-29,Services Page
A07588,L1718,Website Visit,2026-08-29,Contact Page
A07589,L1722,Call,2026-08-29,Connected
A07590,L1734,Website Visit,2026-08-29,Case Study
A07591,L1740,Website Visit,2026-08-29,Pricing Page
A07592,L1744,Website Visit,2026-08-29,Services Page
A07593,L1747,Meeting,2026-08-29,Completed
A07594,L1747,Website Visit,2026-08-29,Blog
A07595,L1755,Website Visit,2026-08-29,Blog
A07596,L1762,Call,2026-08-29,No Answer
A07597,L1763,Meeting,2026-08-29,Completed
A07598,L1777,Website Visit,2026-08-29,Case Study
A07599,L1796,Website Visit,2026-08-29,Pricing Page
A07600,L1802,Call,2026-08-29,Connected
A07601,L1804,Website Visit,2026-08-29,Blog
A07602,L1849,Email,2026-08-29,No Response
A07603,L1077,Call,2026-08-30,No Answer
A07604,L1077,Email,2026-08-30,Replied
A07605,L1078,Website Visit,2026-08-30,Case Study
A07606,L1080,Website Visit,2026-08-30,Case Study
A07607,L1086,Website Visit,2026-08-30,Pricing Page
A07608,L1169,Website Visit,2026-08-30,Contact Page
A07609,L1184,Website Visit,2026-08-30,Pricing Page
A07610,L1205,Call,2026-08-30,Connected
A07611,L1215,Website Visit,2026-08-30,Case Study
A07612,L1257,Email,2026-08-30,Opened
A07613,L1277,Meeting,2026-08-30,Completed
A07614,L1297,Call,2026-08-30,Callback Requested
A07615,L1335,Email,2026-08-30,No Response
A07616,L1341,Call,2026-08-30,Not Interested
A07617,L1355,Website Visit,2026-08-30,Contact Page
A07618,L1379,Email,2026-08-30,Replied
A07619,L1418,Website Visit,2026-08-30,Blog
A07620,L1423,Website Visit,2026-08-30,Contact Page
A07621,L1478,Call,2026-08-30,Not Interested
A07622,L1485,Website Visit,2026-08-30,Case Study
A07623,L1497,Call,2026-08-30,Voicemail
A07624,L1516,Website Visit,2026-08-30,Contact Page
A07625,L1550,Meeting,2026-08-30,Completed
A07626,L1557,Call,2026-08-30,No Answer
A07627,L1559,Call,2026-08-30,Callback Requested
A07628,L1608,Website Visit,2026-08-30,Contact Page
A07629,L1613,Website Visit,2026-08-30,Services Page
A07630,L1634,Website Visit,2026-08-30,Case Study
A07631,L1644,Email,2026-08-30,Opened
A07632,L1646,Call,2026-08-30,Callback Requested
A07633,L1650,Call,2026-08-30,Callback Requested
A07634,L1657,Meeting,2026-08-30,Completed
A07635,L1689,Website Visit,2026-08-30,Case Study
A07636,L1698,Website Visit,2026-08-30,Contact Page
A07637,L1705,Call,2026-08-30,Connected
A07638,L1705,Website Visit,2026-08-30,Case Study
A07639,L1707,Call,2026-08-30,Connected
A07640,L1730,Email,2026-08-30,Opened
A07641,L1733,Email,2026-08-30,No Response
A07642,L1768,Website Visit,2026-08-30,Contact Page
A07643,L1773,Email,2026-08-30,Opened
A07644,L1791,Call,2026-08-30,No Answer
A07645,L1798,Call,2026-08-30,Callback Requested
A07646,L1807,Website Visit,2026-08-30,Services Page
A07647,L1814,Email,2026-08-30,Opened
A07648,L1836,Website Visit,2026-08-30,Services Page
A07649,L1839,Website Visit,2026-08-30,Case Study
A07650,L1841,Call,2026-08-30,Voicemail
A07651,L1134,Call,2026-08-31,Voicemail
A07652,L1152,Call,2026-08-31,No Answer
A07653,L1189,Call,2026-08-31,No Answer
A07654,L1231,Email,2026-08-31,No Response
A07655,L1238,Call,2026-08-31,Connected
A07656,L1258,Call,2026-08-31,Connected
A07657,L1297,Website Visit,2026-08-31,Services Page
A07658,L1309,Email,2026-08-31,No Response
A07659,L1322,Meeting,2026-08-31,Completed
A07660,L1324,Website Visit,2026-08-31,Pricing Page
A07661,L1325,Call,2026-08-31,No Answer
A07662,L1341,Call,2026-08-31,Callback Requested
A07663,L1360,Website Visit,2026-08-31,Services Page
A07664,L1392,Email,2026-08-31,Opened
A07665,L1393,Email,2026-08-31,Replied
A07666,L1395,Website Visit,2026-08-31,Services Page
A07667,L1413,Email,2026-08-31,Bounced
A07668,L1422,Call,2026-08-31,No Answer
A07669,L1429,Email,2026-08-31,Replied
A07670,L1442,Email,2026-08-31,Replied
A07671,L1458,Call,2026-08-31,No Answer
A07672,L1458,Website Visit,2026-08-31,Contact Page
A07673,L1478,Call,2026-08-31,Voicemail
A07674,L1485,Call,2026-08-31,Voicemail
A07675,L1492,Call,2026-08-31,Callback Requested
A07676,L1506,Website Visit,2026-08-31,Contact Page
A07677,L1522,Email,2026-08-31,No Response
A07678,L1525,Call,2026-08-31,Callback Requested
A07679,L1546,Website Visit,2026-08-31,Pricing Page
A07680,L1550,Email,2026-08-31,Opened
A07681,L1552,Website Visit,2026-08-31,Pricing Page
A07682,L1568,Website Visit,2026-08-31,Pricing Page
A07683,L1572,Email,2026-08-31,Replied
A07684,L1595,Website Visit,2026-08-31,Services Page
A07685,L1611,Website Visit,2026-08-31,Blog
A07686,L1640,Website Visit,2026-08-31,Blog
A07687,L1650,Call,2026-08-31,Voicemail
A07688,L1652,Email,2026-08-31,No Response
A07689,L1662,Email,2026-08-31,Replied
A07690,L1663,Call,2026-08-31,No Answer
A07691,L1667,Call,2026-08-31,Callback Requested
A07692,L1678,Email,2026-08-31,Opened
A07693,L1684,Meeting,2026-08-31,No Show
A07694,L1690,Email,2026-08-31,Opened
A07695,L1692,Meeting,2026-08-31,Completed
A07696,L1700,Email,2026-08-31,No Response
A07697,L1737,Call,2026-08-31,Connected
A07698,L1744,Call,2026-08-31,No Answer
A07699,L1760,Call,2026-08-31,Connected
A07700,L1763,Call,2026-08-31,Callback Requested
A07701,L1814,Meeting,2026-08-31,Completed
A07702,L1832,Website Visit,2026-08-31,Pricing Page
A07703,L1852,Call,2026-08-31,Not Interested
A07704,L1852,Website Visit,2026-08-31,Case Study
A07705,L1855,Call,2026-08-31,Connected
A07706,L1861,Website Visit,2026-08-31,Services Page
A07707,L1863,Call,2026-08-31,Connected
A07708,L1095,Call,2026-09-01,Connected
A07709,L1101,Call,2026-09-01,Voicemail
A07710,L1171,Email,2026-09-01,Opened
A07711,L1172,Email,2026-09-01,Opened
A07712,L1183,Website Visit,2026-09-01,Services Page
A07713,L1207,Website Visit,2026-09-01,Case Study
A07714,L1221,Email,2026-09-01,No Response
A07715,L1238,Website Visit,2026-09-01,Case Study
A07716,L1265,Meeting,2026-09-01,Completed
A07717,L1267,Email,2026-09-01,Opened
A07718,L1280,Call,2026-09-01,No Answer
A07719,L1288,Email,2026-09-01,Replied
A07720,L1323,Website Visit,2026-09-01,Services Page
A07721,L1329,Email,2026-09-01,Opened
A07722,L1333,Meeting,2026-09-01,Completed
A07723,L1338,Website Visit,2026-09-01,Pricing Page
A07724,L1348,Email,2026-09-01,No Response
A07725,L1351,Website Visit,2026-09-01,Contact Page
A07726,L1375,Call,2026-09-01,No Answer
A07727,L1401,Call,2026-09-01,No Answer
A07728,L1407,Email,2026-09-01,Opened
A07729,L1410,Email,2026-09-01,Opened
A07730,L1421,Call,2026-09-01,Voicemail
A07731,L1427,Website Visit,2026-09-01,Services Page
A07732,L1472,Meeting,2026-09-01,Completed
A07733,L1481,Call,2026-09-01,No Answer
A07734,L1483,Call,2026-09-01,Connected
A07735,L1483,Website Visit,2026-09-01,Blog
A07736,L1494,Website Visit,2026-09-01,Case Study
A07737,L1506,Email,2026-09-01,No Response
A07738,L1514,Call,2026-09-01,Connected
A07739,L1520,Website Visit,2026-09-01,Pricing Page
A07740,L1523,Website Visit,2026-09-01,Pricing Page
A07741,L1568,Meeting,2026-09-01,Completed
A07742,L1578,Website Visit,2026-09-01,Pricing Page
A07743,L1582,Call,2026-09-01,No Answer
A07744,L1595,Call,2026-09-01,Connected
A07745,L1596,Call,2026-09-01,Connected
A07746,L1603,Call,2026-09-01,Connected
A07747,L1606,Call,2026-09-01,No Answer
A07748,L1616,Call,2026-09-01,Connected
A07749,L1622,Call,2026-09-01,No Answer
A07750,L1626,Call,2026-09-01,Connected
A07751,L1644,Meeting,2026-09-01,Completed
A07752,L1653,Website Visit,2026-09-01,Blog
A07753,L1654,Website Visit,2026-09-01,Blog
A07754,L1670,Meeting,2026-09-01,Rescheduled
A07755,L1680,Website Visit,2026-09-01,Pricing Page
A07756,L1681,Website Visit,2026-09-01,Case Study
A07757,L1700,Call,2026-09-01,Connected
A07758,L1722,Email,2026-09-01,Opened
A07759,L1736,Website Visit,2026-09-01,Services Page
A07760,L1747,Email,2026-09-01,Opened
A07761,L1757,Email,2026-09-01,Replied
A07762,L1779,Website Visit,2026-09-01,Blog
A07763,L1814,Call,2026-09-01,Not Interested
A07764,L1843,Website Visit,2026-09-01,Services Page
A07765,L1849,Call,2026-09-01,Callback Requested
A07766,L1867,Email,2026-09-01,No Response
A07767,L1871,Website Visit,2026-09-01,Blog
A07768,L1129,Email,2026-09-02,Opened
A07769,L1132,Website Visit,2026-09-02,Case Study
A07770,L1151,Call,2026-09-02,Callback Requested
A07771,L1151,Website Visit,2026-09-02,Services Page
A07772,L1157,Email,2026-09-02,Replied
A07773,L1243,Meeting,2026-09-02,Completed
A07774,L1254,Website Visit,2026-09-02,Pricing Page
A07775,L1268,Meeting,2026-09-02,Completed
A07776,L1277,Email,2026-09-02,Opened
A07777,L1312,Meeting,2026-09-02,Completed
A07778,L1322,Website Visit,2026-09-02,Contact Page
A07779,L1324,Email,2026-09-02,No Response
A07780,L1339,Call,2026-09-02,Connected
A07781,L1341,Call,2026-09-02,Connected
A07782,L1348,Call,2026-09-02,Callback Requested
A07783,L1368,Call,2026-09-02,Callback Requested
A07784,L1405,Call,2026-09-02,Callback Requested
A07785,L1425,Meeting,2026-09-02,Completed
A07786,L1438,Call,2026-09-02,Connected
A07787,L1458,Email,2026-09-02,No Response
A07788,L1462,Call,2026-09-02,Callback Requested
A07789,L1475,Call,2026-09-02,Connected
A07790,L1476,Website Visit,2026-09-02,Contact Page
A07791,L1481,Website Visit,2026-09-02,Case Study
A07792,L1498,Meeting,2026-09-02,Rescheduled
A07793,L1512,Meeting,2026-09-02,Rescheduled
A07794,L1537,Meeting,2026-09-02,Completed
A07795,L1549,Call,2026-09-02,No Answer
A07796,L1556,Call,2026-09-02,No Answer
A07797,L1560,Meeting,2026-09-02,Completed
A07798,L1577,Website Visit,2026-09-02,Case Study
A07799,L1596,Meeting,2026-09-02,Rescheduled
A07800,L1616,Email,2026-09-02,Opened
A07801,L1626,Email,2026-09-02,Bounced
A07802,L1628,Call,2026-09-02,No Answer
A07803,L1628,Email,2026-09-02,No Response
A07804,L1644,Email,2026-09-02,Opened
A07805,L1644,Website Visit,2026-09-02,Services Page
A07806,L1652,Website Visit,2026-09-02,Case Study
A07807,L1657,Website Visit,2026-09-02,Blog
A07808,L1663,Email,2026-09-02,Bounced
A07809,L1668,Website Visit,2026-09-02,Pricing Page
A07810,L1697,Website Visit,2026-09-02,Blog
A07811,L1729,Meeting,2026-09-02,Completed
A07812,L1745,Email,2026-09-02,No Response
A07813,L1753,Email,2026-09-02,No Response
A07814,L1753,Website Visit,2026-09-02,Blog
A07815,L1758,Website Visit,2026-09-02,Pricing Page
A07816,L1768,Call,2026-09-02,Callback Requested
A07817,L1776,Website Visit,2026-09-02,Services Page
A07818,L1776,Website Visit,2026-09-02,Blog
A07819,L1780,Call,2026-09-02,No Answer
A07820,L1780,Email,2026-09-02,Opened
A07821,L1782,Website Visit,2026-09-02,Services Page
A07822,L1800,Website Visit,2026-09-02,Services Page
A07823,L1807,Call,2026-09-02,No Answer
A07824,L1814,Website Visit,2026-09-02,Pricing Page
A07825,L1821,Call,2026-09-02,Connected
A07826,L1822,Email,2026-09-02,Replied
A07827,L1838,Website Visit,2026-09-02,Case Study
A07828,L1850,Call,2026-09-02,Callback Requested
A07829,L1853,Website Visit,2026-09-02,Contact Page
A07830,L1860,Website Visit,2026-09-02,Pricing Page
A07831,L1869,Website Visit,2026-09-02,Services Page
A07832,L1873,Website Visit,2026-09-02,Blog
A07833,L1173,Call,2026-09-03,Connected
A07834,L1182,Website Visit,2026-09-03,Blog
A07835,L1193,Website Visit,2026-09-03,Case Study
A07836,L1234,Email,2026-09-03,Replied
A07837,L1243,Website Visit,2026-09-03,Case Study
A07838,L1248,Email,2026-09-03,No Response
A07839,L1260,Website Visit,2026-09-03,Case Study
A07840,L1312,Email,2026-09-03,No Response
A07841,L1315,Call,2026-09-03,No Answer
A07842,L1319,Call,2026-09-03,No Answer
A07843,L1322,Meeting,2026-09-03,Rescheduled
A07844,L1338,Email,2026-09-03,Replied
A07845,L1343,Call,2026-09-03,Voicemail
A07846,L1355,Website Visit,2026-09-03,Services Page
A07847,L1378,Call,2026-09-03,Callback Requested
A07848,L1386,Call,2026-09-03,Connected
A07849,L1402,Call,2026-09-03,Connected
A07850,L1418,Website Visit,2026-09-03,Blog
A07851,L1423,Call,2026-09-03,Connected
A07852,L1423,Email,2026-09-03,Opened
A07853,L1443,Email,2026-09-03,Opened
A07854,L1447,Website Visit,2026-09-03,Services Page
A07855,L1452,Website Visit,2026-09-03,Case Study
A07856,L1471,Website Visit,2026-09-03,Contact Page
A07857,L1480,Call,2026-09-03,Connected
A07858,L1487,Website Visit,2026-09-03,Pricing Page
A07859,L1512,Call,2026-09-03,Callback Requested
A07860,L1519,Call,2026-09-03,No Answer
A07861,L1551,Call,2026-09-03,No Answer
A07862,L1557,Website Visit,2026-09-03,Blog
A07863,L1561,Website Visit,2026-09-03,Services Page
A07864,L1581,Website Visit,2026-09-03,Case Study
A07865,L1595,Email,2026-09-03,No Response
A07866,L1599,Website Visit,2026-09-03,Services Page
A07867,L1600,Website Visit,2026-09-03,Case Study
A07868,L1609,Website Visit,2026-09-03,Blog
A07869,L1627,Website Visit,2026-09-03,Contact Page
A07870,L1629,Website Visit,2026-09-03,Services Page
A07871,L1638,Call,2026-09-03,No Answer
A07872,L1645,Meeting,2026-09-03,Completed
A07873,L1653,Email,2026-09-03,No Response
A07874,L1654,Email,2026-09-03,Replied
A07875,L1654,Website Visit,2026-09-03,Case Study
A07876,L1655,Call,2026-09-03,Connected
A07877,L1671,Email,2026-09-03,No Response
A07878,L1678,Email,2026-09-03,No Response
A07879,L1684,Email,2026-09-03,No Response
A07880,L1688,Website Visit,2026-09-03,Pricing Page
A07881,L1701,Website Visit,2026-09-03,Pricing Page
A07882,L1716,Call,2026-09-03,No Answer
A07883,L1716,Call,2026-09-03,No Answer
A07884,L1718,Call,2026-09-03,No Answer
A07885,L1724,Meeting,2026-09-03,Completed
A07886,L1729,Call,2026-09-03,Callback Requested
A07887,L1761,Call,2026-09-03,No Answer
A07888,L1763,Email,2026-09-03,Opened
A07889,L1763,Meeting,2026-09-03,Rescheduled
A07890,L1769,Call,2026-09-03,Callback Requested
A07891,L1772,Website Visit,2026-09-03,Case Study
A07892,L1775,Call,2026-09-03,Connected
A07893,L1782,Meeting,2026-09-03,Completed
A07894,L1805,Website Visit,2026-09-03,Services Page
A07895,L1814,Call,2026-09-03,No Answer
A07896,L1814,Email,2026-09-03,Opened
A07897,L1816,Website Visit,2026-09-03,Case Study
A07898,L1825,Email,2026-09-03,Opened
A07899,L1831,Website Visit,2026-09-03,Case Study
A07900,L1834,Website Visit,2026-09-03,Pricing Page
A07901,L1850,Website Visit,2026-09-03,Pricing Page
A07902,L1855,Website Visit,2026-09-03,Contact Page
A07903,L1856,Website Visit,2026-09-03,Pricing Page
A07904,L1856,Website Visit,2026-09-03,Services Page
A07905,L1882,Website Visit,2026-09-03,Contact Page
A07906,L1884,Website Visit,2026-09-03,Services Page
A07907,L1118,Call,2026-09-04,Connected
A07908,L1118,Website Visit,2026-09-04,Case Study
A07909,L1127,Website Visit,2026-09-04,Case Study
A07910,L1199,Call,2026-09-04,No Answer
A07911,L1220,Website Visit,2026-09-04,Blog
A07912,L1230,Website Visit,2026-09-04,Pricing Page
A07913,L1231,Call,2026-09-04,Connected
A07914,L1244,Email,2026-09-04,Opened
A07915,L1252,Call,2026-09-04,No Answer
A07916,L1258,Website Visit,2026-09-04,Services Page
A07917,L1263,Call,2026-09-04,Callback Requested
A07918,L1270,Meeting,2026-09-04,Completed
A07919,L1277,Call,2026-09-04,Connected
A07920,L1285,Website Visit,2026-09-04,Pricing Page
A07921,L1295,Website Visit,2026-09-04,Pricing Page
A07922,L1298,Call,2026-09-04,No Answer
A07923,L1299,Meeting,2026-09-04,Completed
A07924,L1310,Call,2026-09-04,Connected
A07925,L1310,Email,2026-09-04,Opened
A07926,L1321,Meeting,2026-09-04,Completed
A07927,L1384,Call,2026-09-04,No Answer
A07928,L1388,Email,2026-09-04,Opened
A07929,L1430,Call,2026-09-04,No Answer
A07930,L1453,Call,2026-09-04,No Answer
A07931,L1469,Call,2026-09-04,No Answer
A07932,L1486,Call,2026-09-04,Voicemail
A07933,L1498,Call,2026-09-04,Voicemail
A07934,L1498,Email,2026-09-04,No Response
A07935,L1520,Website Visit,2026-09-04,Services Page
A07936,L1539,Website Visit,2026-09-04,Pricing Page
A07937,L1542,Call,2026-09-04,Callback Requested
A07938,L1543,Website Visit,2026-09-04,Blog
A07939,L1567,Website Visit,2026-09-04,Case Study
A07940,L1618,Call,2026-09-04,No Answer
A07941,L1626,Meeting,2026-09-04,Completed
A07942,L1626,Website Visit,2026-09-04,Case Study
A07943,L1644,Meeting,2026-09-04,Completed
A07944,L1645,Call,2026-09-04,No Answer
A07945,L1645,Email,2026-09-04,Replied
A07946,L1663,Meeting,2026-09-04,Completed
A07947,L1678,Website Visit,2026-09-04,Case Study
A07948,L1686,Call,2026-09-04,Connected
A07949,L1689,Meeting,2026-09-04,Completed
A07950,L1699,Email,2026-09-04,No Response
A07951,L1711,Call,2026-09-04,Callback Requested
A07952,L1733,Call,2026-09-04,Voicemail
A07953,L1765,Call,2026-09-04,No Answer
A07954,L1768,Call,2026-09-04,No Answer
A07955,L1772,Call,2026-09-04,Voicemail
A07956,L1802,Email,2026-09-04,Replied
A07957,L1807,Email,2026-09-04,Replied
A07958,L1808,Website Visit,2026-09-04,Blog
A07959,L1812,Call,2026-09-04,Connected
A07960,L1814,Call,2026-09-04,No Answer
A07961,L1817,Website Visit,2026-09-04,Blog
A07962,L1835,Website Visit,2026-09-04,Pricing Page
A07963,L1891,Website Visit,2026-09-04,Blog
A07964,L1894,Email,2026-09-04,Opened
A07965,L1894,Website Visit,2026-09-04,Pricing Page
A07966,L1897,Email,2026-09-04,Opened
A07967,L1905,Website Visit,2026-09-04,Case Study
A07968,L1905,Website Visit,2026-09-04,Case Study
A07969,L1130,Call,2026-09-05,Connected
A07970,L1166,Website Visit,2026-09-05,Contact Page
A07971,L1169,Website Visit,2026-09-05,Pricing Page
A07972,L1208,Call,2026-09-05,No Answer
A07973,L1223,Call,2026-09-05,No Answer
A07974,L1238,Email,2026-09-05,No Response
A07975,L1291,Website Visit,2026-09-05,Blog
A07976,L1314,Email,2026-09-05,No Response
A07977,L1330,Email,2026-09-05,No Response
A07978,L1367,Website Visit,2026-09-05,Pricing Page
A07979,L1374,Call,2026-09-05,Connected
A07980,L1377,Website Visit,2026-09-05,Contact Page
A07981,L1392,Call,2026-09-05,Connected
A07982,L1401,Meeting,2026-09-05,Completed
A07983,L1404,Website Visit,2026-09-05,Pricing Page
A07984,L1413,Meeting,2026-09-05,Completed
A07985,L1423,Call,2026-09-05,No Answer
A07986,L1443,Email,2026-09-05,Opened
A07987,L1453,Call,2026-09-05,Callback Requested
A07988,L1459,Email,2026-09-05,Replied
A07989,L1461,Website Visit,2026-09-05,Services Page
A07990,L1483,Website Visit,2026-09-05,Pricing Page
A07991,L1510,Website Visit,2026-09-05,Case Study
A07992,L1512,Meeting,2026-09-05,No Show
A07993,L1525,Call,2026-09-05,Callback Requested
A07994,L1533,Website Visit,2026-09-05,Case Study
A07995,L1538,Call,2026-09-05,No Answer
A07996,L1562,Call,2026-09-05,Connected
A07997,L1569,Call,2026-09-05,Connected
A07998,L1572,Call,2026-09-05,Connected
A07999,L1588,Website Visit,2026-09-05,Services Page
A08000,L1598,Call,2026-09-05,No Answer
A08001,L1604,Email,2026-09-05,No Response
A08002,L1618,Email,2026-09-05,Replied
A08003,L1638,Website Visit,2026-09-05,Pricing Page
A08004,L1663,Call,2026-09-05,Callback Requested
A08005,L1668,Call,2026-09-05,No Answer
A08006,L1670,Call,2026-09-05,Connected
A08007,L1677,Website Visit,2026-09-05,Services Page
A08008,L1688,Call,2026-09-05,No Answer
A08009,L1690,Call,2026-09-05,No Answer
A08010,L1729,Website Visit,2026-09-05,Contact Page
A08011,L1732,Website Visit,2026-09-05,Blog
A08012,L1747,Meeting,2026-09-05,Rescheduled
A08013,L1750,Call,2026-09-05,Connected
A08014,L1763,Call,2026-09-05,No Answer
A08015,L1763,Email,2026-09-05,Replied
A08016,L1780,Call,2026-09-05,No Answer
A08017,L1798,Email,2026-09-05,Replied
A08018,L1798,Email,2026-09-05,Opened
A08019,L1830,Website Visit,2026-09-05,Pricing Page
A08020,L1852,Call,2026-09-05,Connected
A08021,L1854,Website Visit,2026-09-05,Services Page
A08022,L1855,Website Visit,2026-09-05,Case Study
A08023,L1862,Call,2026-09-05,Connected
A08024,L1864,Website Visit,2026-09-05,Case Study
A08025,L1869,Call,2026-09-05,No Answer
A08026,L1870,Call,2026-09-05,No Answer
A08027,L1870,Website Visit,2026-09-05,Blog
A08028,L1879,Website Visit,2026-09-05,Pricing Page
A08029,L1887,Call,2026-09-05,Connected
A08030,L1904,Call,2026-09-05,No Answer
A08031,L1914,Website Visit,2026-09-05,Blog
A08032,L1157,Website Visit,2026-09-06,Contact Page
A08033,L1158,Email,2026-09-06,Opened
A08034,L1169,Website Visit,2026-09-06,Services Page
A08035,L1193,Call,2026-09-06,No Answer
A08036,L1199,Website Visit,2026-09-06,Contact Page
A08037,L1269,Call,2026-09-06,Connected
A08038,L1272,Website Visit,2026-09-06,Contact Page
A08039,L1286,Email,2026-09-06,Opened
A08040,L1316,Website Visit,2026-09-06,Contact Page
A08041,L1322,Email,2026-09-06,No Response
A08042,L1326,Website Visit,2026-09-06,Contact Page
A08043,L1349,Call,2026-09-06,Not Interested
A08044,L1378,Website Visit,2026-09-06,Case Study
A08045,L1399,Website Visit,2026-09-06,Case Study
A08046,L1405,Call,2026-09-06,Connected
A08047,L1416,Call,2026-09-06,Connected
A08048,L1421,Email,2026-09-06,No Response
A08049,L1446,Website Visit,2026-09-06,Services Page
A08050,L1461,Call,2026-09-06,Voicemail
A08051,L1475,Call,2026-09-06,Callback Requested
A08052,L1478,Call,2026-09-06,Not Interested
A08053,L1487,Email,2026-09-06,Replied
A08054,L1487,Meeting,2026-09-06,Completed
A08055,L1490,Meeting,2026-09-06,Completed
A08056,L1505,Website Visit,2026-09-06,Case Study
A08057,L1506,Call,2026-09-06,Voicemail
A08058,L1536,Email,2026-09-06,Opened
A08059,L1537,Website Visit,2026-09-06,Services Page
A08060,L1559,Call,2026-09-06,Connected
A08061,L1560,Email,2026-09-06,No Response
A08062,L1560,Website Visit,2026-09-06,Services Page
A08063,L1563,Call,2026-09-06,No Answer
A08064,L1576,Website Visit,2026-09-06,Contact Page
A08065,L1603,Call,2026-09-06,Voicemail
A08066,L1616,Email,2026-09-06,Replied
A08067,L1639,Email,2026-09-06,No Response
A08068,L1650,Website Visit,2026-09-06,Contact Page
A08069,L1666,Website Visit,2026-09-06,Pricing Page
A08070,L1705,Email,2026-09-06,Replied
A08071,L1718,Call,2026-09-06,Connected
A08072,L1725,Call,2026-09-06,Connected
A08073,L1744,Website Visit,2026-09-06,Case Study
A08074,L1747,Meeting,2026-09-06,Rescheduled
A08075,L1748,Email,2026-09-06,Opened
A08076,L1768,Email,2026-09-06,Replied
A08077,L1772,Call,2026-09-06,No Answer
A08078,L1800,Website Visit,2026-09-06,Case Study
A08079,L1831,Website Visit,2026-09-06,Blog
A08080,L1836,Website Visit,2026-09-06,Case Study
A08081,L1846,Website Visit,2026-09-06,Pricing Page
A08082,L1850,Website Visit,2026-09-06,Services Page
A08083,L1853,Call,2026-09-06,Connected
A08084,L1855,Call,2026-09-06,Callback Requested
A08085,L1868,Call,2026-09-06,No Answer
A08086,L1869,Call,2026-09-06,Connected
A08087,L1869,Website Visit,2026-09-06,Services Page
A08088,L1877,Website Visit,2026-09-06,Services Page
A08089,L1886,Website Visit,2026-09-06,Pricing Page
A08090,L1892,Website Visit,2026-09-06,Case Study
A08091,L1897,Email,2026-09-06,No Response
A08092,L1897,Website Visit,2026-09-06,Contact Page
A08093,L1898,Website Visit,2026-09-06,Blog
A08094,L1915,Call,2026-09-06,Connected
A08095,L1915,Email,2026-09-06,Bounced
A08096,L1917,Website Visit,2026-09-06,Services Page
A08097,L1158,Website Visit,2026-09-07,Pricing Page
A08098,L1162,Call,2026-09-07,Connected
A08099,L1166,Meeting,2026-09-07,Completed
A08100,L1168,Call,2026-09-07,Connected
A08101,L1178,Call,2026-09-07,Callback Requested
A08102,L1179,Email,2026-09-07,Bounced
A08103,L1181,Email,2026-09-07,No Response
A08104,L1189,Website Visit,2026-09-07,Pricing Page
A08105,L1217,Website Visit,2026-09-07,Blog
A08106,L1234,Email,2026-09-07,Replied
A08107,L1245,Website Visit,2026-09-07,Case Study
A08108,L1247,Call,2026-09-07,Connected
A08109,L1255,Website Visit,2026-09-07,Blog
A08110,L1258,Email,2026-09-07,Replied
A08111,L1259,Email,2026-09-07,Replied
A08112,L1267,Email,2026-09-07,Opened
A08113,L1285,Email,2026-09-07,No Response
A08114,L1298,Meeting,2026-09-07,Rescheduled
A08115,L1318,Meeting,2026-09-07,Completed
A08116,L1329,Email,2026-09-07,Opened
A08117,L1330,Website Visit,2026-09-07,Blog
A08118,L1336,Email,2026-09-07,No Response
A08119,L1372,Meeting,2026-09-07,Completed
A08120,L1391,Website Visit,2026-09-07,Contact Page
A08121,L1394,Call,2026-09-07,Connected
A08122,L1401,Call,2026-09-07,Connected
A08123,L1406,Website Visit,2026-09-07,Services Page
A08124,L1413,Website Visit,2026-09-07,Case Study
A08125,L1428,Website Visit,2026-09-07,Services Page
A08126,L1459,Call,2026-09-07,Callback Requested
A08127,L1471,Call,2026-09-07,Connected
A08128,L1484,Call,2026-09-07,Voicemail
A08129,L1490,Meeting,2026-09-07,No Show
A08130,L1525,Email,2026-09-07,Bounced
A08131,L1544,Call,2026-09-07,Callback Requested
A08132,L1548,Call,2026-09-07,No Answer
A08133,L1549,Website Visit,2026-09-07,Case Study
A08134,L1553,Email,2026-09-07,No Response
A08135,L1567,Meeting,2026-09-07,Completed
A08136,L1577,Website Visit,2026-09-07,Blog
A08137,L1599,Website Visit,2026-09-07,Case Study
A08138,L1604,Call,2026-09-07,No Answer
A08139,L1611,Website Visit,2026-09-07,Services Page
A08140,L1625,Call,2026-09-07,Connected
A08141,L1630,Call,2026-09-07,Connected
A08142,L1635,Call,2026-09-07,Connected
A08143,L1649,Call,2026-09-07,Connected
A08144,L1654,Call,2026-09-07,No Answer
A08145,L1654,Website Visit,2026-09-07,Services Page
A08146,L1687,Email,2026-09-07,Opened
A08147,L1690,Website Visit,2026-09-07,Services Page
A08148,L1732,Website Visit,2026-09-07,Contact Page
A08149,L1733,Website Visit,2026-09-07,Pricing Page
A08150,L1744,Call,2026-09-07,No Answer
A08151,L1753,Call,2026-09-07,No Answer
A08152,L1763,Website Visit,2026-09-07,Services Page
A08153,L1774,Website Visit,2026-09-07,Blog
A08154,L1778,Website Visit,2026-09-07,Services Page
A08155,L1807,Website Visit,2026-09-07,Services Page
A08156,L1822,Website Visit,2026-09-07,Services Page
A08157,L1852,Email,2026-09-07,Opened
A08158,L1871,Website Visit,2026-09-07,Pricing Page
A08159,L1884,Website Visit,2026-09-07,Pricing Page
A08160,L1885,Website Visit,2026-09-07,Contact Page
A08161,L1892,Website Visit,2026-09-07,Pricing Page
A08162,L1894,Call,2026-09-07,Connected
A08163,L1894,Email,2026-09-07,Opened
A08164,L1923,Call,2026-09-07,No Answer
A08165,L1926,Website Visit,2026-09-07,Contact Page
A08166,L1149,Email,2026-09-08,Replied
A08167,L1158,Email,2026-09-08,Opened
A08168,L1183,Website Visit,2026-09-08,Case Study
A08169,L1190,Email,2026-09-08,Replied
A08170,L1220,Call,2026-09-08,No Answer
A08171,L1221,Meeting,2026-09-08,Completed
A08172,L1244,Email,2026-09-08,No Response
A08173,L1257,Website Visit,2026-09-08,Services Page
A08174,L1268,Website Visit,2026-09-08,Blog
A08175,L1280,Email,2026-09-08,Replied
A08176,L1290,Website Visit,2026-09-08,Contact Page
A08177,L1304,Email,2026-09-08,Opened
A08178,L1325,Website Visit,2026-09-08,Services Page
A08179,L1326,Call,2026-09-08,No Answer
A08180,L1336,Call,2026-09-08,Connected
A08181,L1351,Email,2026-09-08,Replied
A08182,L1381,Website Visit,2026-09-08,Contact Page
A08183,L1406,Website Visit,2026-09-08,Pricing Page
A08184,L1413,Meeting,2026-09-08,Completed
A08185,L1420,Website Visit,2026-09-08,Contact Page
A08186,L1446,Email,2026-09-08,Replied
A08187,L1461,Website Visit,2026-09-08,Blog
A08188,L1465,Website Visit,2026-09-08,Case Study
A08189,L1468,Website Visit,2026-09-08,Case Study
A08190,L1471,Email,2026-09-08,No Response
A08191,L1490,Call,2026-09-08,Not Interested
A08192,L1492,Meeting,2026-09-08,Completed
A08193,L1500,Website Visit,2026-09-08,Services Page
A08194,L1525,Email,2026-09-08,Replied
A08195,L1525,Website Visit,2026-09-08,Blog
A08196,L1576,Email,2026-09-08,No Response
A08197,L1596,Website Visit,2026-09-08,Pricing Page
A08198,L1615,Website Visit,2026-09-08,Pricing Page
A08199,L1625,Email,2026-09-08,Replied
A08200,L1640,Website Visit,2026-09-08,Case Study
A08201,L1645,Meeting,2026-09-08,Completed
A08202,L1663,Email,2026-09-08,Replied
A08203,L1669,Website Visit,2026-09-08,Blog
A08204,L1673,Website Visit,2026-09-08,Services Page
A08205,L1686,Website Visit,2026-09-08,Pricing Page
A08206,L1702,Email,2026-09-08,No Response
A08207,L1722,Call,2026-09-08,No Answer
A08208,L1730,Email,2026-09-08,Bounced
A08209,L1759,Call,2026-09-08,Voicemail
A08210,L1761,Email,2026-09-08,No Response
A08211,L1786,Website Visit,2026-09-08,Pricing Page
A08212,L1791,Email,2026-09-08,Opened
A08213,L1801,Call,2026-09-08,Connected
A08214,L1801,Website Visit,2026-09-08,Services Page
A08215,L1812,Email,2026-09-08,Opened
A08216,L1816,Call,2026-09-08,No Answer
A08217,L1819,Website Visit,2026-09-08,Case Study
A08218,L1852,Meeting,2026-09-08,Completed
A08219,L1885,Website Visit,2026-09-08,Case Study
A08220,L1887,Website Visit,2026-09-08,Blog
A08221,L1890,Call,2026-09-08,Connected
A08222,L1894,Meeting,2026-09-08,Completed
A08223,L1898,Email,2026-09-08,No Response
A08224,L1913,Website Visit,2026-09-08,Case Study
A08225,L1914,Call,2026-09-08,Voicemail
A08226,L1922,Website Visit,2026-09-08,Pricing Page
A08227,L1926,Website Visit,2026-09-08,Services Page
A08228,L1927,Website Visit,2026-09-08,Pricing Page
A08229,L1184,Call,2026-09-09,Connected
A08230,L1228,Email,2026-09-09,No Response
A08231,L1267,Call,2026-09-09,Connected
A08232,L1268,Call,2026-09-09,Connected
A08233,L1285,Website Visit,2026-09-09,Blog
A08234,L1313,Call,2026-09-09,No Answer
A08235,L1321,Email,2026-09-09,Replied
A08236,L1329,Website Visit,2026-09-09,Pricing Page
A08237,L1353,Email,2026-09-09,Opened
A08238,L1369,Call,2026-09-09,Callback Requested
A08239,L1369,Email,2026-09-09,Replied
A08240,L1385,Meeting,2026-09-09,Completed
A08241,L1385,Website Visit,2026-09-09,Services Page
A08242,L1395,Website Visit,2026-09-09,Contact Page
A08243,L1404,Meeting,2026-09-09,Completed
A08244,L1417,Email,2026-09-09,No Response
A08245,L1435,Email,2026-09-09,Opened
A08246,L1435,Email,2026-09-09,No Response
A08247,L1435,Website Visit,2026-09-09,Pricing Page
A08248,L1464,Call,2026-09-09,Voicemail
A08249,L1480,Email,2026-09-09,No Response
A08250,L1487,Meeting,2026-09-09,Completed
A08251,L1507,Website Visit,2026-09-09,Case Study
A08252,L1522,Email,2026-09-09,Opened
A08253,L1531,Website Visit,2026-09-09,Case Study
A08254,L1537,Call,2026-09-09,Connected
A08255,L1540,Email,2026-09-09,No Response
A08256,L1540,Website Visit,2026-09-09,Services Page
A08257,L1557,Website Visit,2026-09-09,Pricing Page
A08258,L1567,Email,2026-09-09,Opened
A08259,L1567,Meeting,2026-09-09,Completed
A08260,L1606,Call,2026-09-09,No Answer
A08261,L1619,Website Visit,2026-09-09,Pricing Page
A08262,L1627,Email,2026-09-09,Opened
A08263,L1645,Email,2026-09-09,Opened
A08264,L1649,Website Visit,2026-09-09,Case Study
A08265,L1652,Website Visit,2026-09-09,Pricing Page
A08266,L1664,Website Visit,2026-09-09,Pricing Page
A08267,L1668,Call,2026-09-09,No Answer
A08268,L1670,Email,2026-09-09,Bounced
A08269,L1680,Website Visit,2026-09-09,Services Page
A08270,L1685,Call,2026-09-09,Connected
A08271,L1697,Website Visit,2026-09-09,Case Study
A08272,L1724,Call,2026-09-09,Callback Requested
A08273,L1733,Call,2026-09-09,Not Interested
A08274,L1751,Email,2026-09-09,Opened
A08275,L1752,Website Visit,2026-09-09,Services Page
A08276,L1758,Website Visit,2026-09-09,Pricing Page
A08277,L1796,Website Visit,2026-09-09,Blog
A08278,L1804,Website Visit,2026-09-09,Blog
A08279,L1830,Website Visit,2026-09-09,Case Study
A08280,L1847,Website Visit,2026-09-09,Pricing Page
A08281,L1852,Website Visit,2026-09-09,Pricing Page
A08282,L1867,Call,2026-09-09,Voicemail
A08283,L1869,Email,2026-09-09,Replied
A08284,L1870,Email,2026-09-09,No Response
A08285,L1877,Website Visit,2026-09-09,Blog
A08286,L1882,Call,2026-09-09,Connected
A08287,L1893,Website Visit,2026-09-09,Services Page
A08288,L1894,Email,2026-09-09,Replied
A08289,L1902,Website Visit,2026-09-09,Services Page
A08290,L1915,Call,2026-09-09,Connected
A08291,L1918,Website Visit,2026-09-09,Blog
A08292,L1927,Call,2026-09-09,Voicemail
A08293,L1927,Email,2026-09-09,Opened
A08294,L1928,Website Visit,2026-09-09,Pricing Page
A08295,L1939,Website Visit,2026-09-09,Blog
A08296,L1180,Call,2026-09-10,Voicemail
A08297,L1184,Call,2026-09-10,Connected
A08298,L1195,Website Visit,2026-09-10,Pricing Page
A08299,L1201,Website Visit,2026-09-10,Services Page
A08300,L1216,Website Visit,2026-09-10,Pricing Page
A08301,L1228,Meeting,2026-09-10,Completed
A08302,L1243,Call,2026-09-10,Connected
A08303,L1244,Call,2026-09-10,Not Interested
A08304,L1254,Website Visit,2026-09-10,Case Study
A08305,L1257,Website Visit,2026-09-10,Contact Page
A08306,L1258,Email,2026-09-10,Opened
A08307,L1269,Call,2026-09-10,Connected
A08308,L1273,Call,2026-09-10,Connected
A08309,L1276,Website Visit,2026-09-10,Services Page
A08310,L1303,Call,2026-09-10,No Answer
A08311,L1305,Call,2026-09-10,Callback Requested
A08312,L1318,Email,2026-09-10,Bounced
A08313,L1347,Email,2026-09-10,Replied
A08314,L1354,Call,2026-09-10,No Answer
A08315,L1354,Email,2026-09-10,Replied
A08316,L1364,Call,2026-09-10,No Answer
A08317,L1370,Call,2026-09-10,No Answer
A08318,L1377,Email,2026-09-10,No Response
A08319,L1386,Website Visit,2026-09-10,Case Study
A08320,L1412,Website Visit,2026-09-10,Case Study
A08321,L1419,Website Visit,2026-09-10,Services Page
A08322,L1439,Website Visit,2026-09-10,Services Page
A08323,L1444,Website Visit,2026-09-10,Services Page
A08324,L1452,Call,2026-09-10,Voicemail
A08325,L1459,Meeting,2026-09-10,Completed
A08326,L1465,Email,2026-09-10,Opened
A08327,L1478,Email,2026-09-10,No Response
A08328,L1488,Call,2026-09-10,Voicemail
A08329,L1522,Website Visit,2026-09-10,Case Study
A08330,L1547,Website Visit,2026-09-10,Case Study
A08331,L1576,Call,2026-09-10,Voicemail
A08332,L1598,Call,2026-09-10,Connected
A08333,L1630,Website Visit,2026-09-10,Contact Page
A08334,L1633,Call,2026-09-10,Not Interested
A08335,L1700,Call,2026-09-10,Voicemail
A08336,L1706,Email,2026-09-10,No Response
A08337,L1710,Website Visit,2026-09-10,Blog
A08338,L1720,Website Visit,2026-09-10,Contact Page
A08339,L1724,Call,2026-09-10,No Answer
A08340,L1730,Call,2026-09-10,Connected
A08341,L1747,Call,2026-09-10,Not Interested
A08342,L1771,Website Visit,2026-09-10,Pricing Page
A08343,L1778,Website Visit,2026-09-10,Blog
A08344,L1802,Website Visit,2026-09-10,Pricing Page
A08345,L1827,Email,2026-09-10,Opened
A08346,L1830,Call,2026-09-10,Not Interested
A08347,L1832,Website Visit,2026-09-10,Blog
A08348,L1834,Website Visit,2026-09-10,Case Study
A08349,L1852,Meeting,2026-09-10,Rescheduled
A08350,L1882,Email,2026-09-10,No Response
A08351,L1886,Call,2026-09-10,Connected
A08352,L1891,Website Visit,2026-09-10,Pricing Page
A08353,L1893,Call,2026-09-10,Not Interested
A08354,L1894,Call,2026-09-10,No Answer
A08355,L1904,Call,2026-09-10,No Answer
A08356,L1907,Call,2026-09-10,Callback Requested
A08357,L1913,Website Visit,2026-09-10,Case Study
A08358,L1914,Website Visit,2026-09-10,Blog
A08359,L1915,Email,2026-09-10,Replied
A08360,L1915,Website Visit,2026-09-10,Services Page
A08361,L1920,Call,2026-09-10,No Answer
A08362,L1922,Email,2026-09-10,No Response
A08363,L1925,Call,2026-09-10,No Answer
A08364,L1927,Email,2026-09-10,Opened
A08365,L1942,Website Visit,2026-09-10,Blog
A08366,L1953,Website Visit,2026-09-10,Blog
A08367,L1191,Meeting,2026-09-11,No Show
A08368,L1200,Email,2026-09-11,Replied
A08369,L1208,Meeting,2026-09-11,Rescheduled
A08370,L1239,Email,2026-09-11,No Response
A08371,L1291,Email,2026-09-11,No Response
A08372,L1322,Website Visit,2026-09-11,Services Page
A08373,L1331,Website Visit,2026-09-11,Services Page
A08374,L1341,Email,2026-09-11,No Response
A08375,L1407,Website Visit,2026-09-11,Pricing Page
A08376,L1430,Email,2026-09-11,Replied
A08377,L1442,Call,2026-09-11,Connected
A08378,L1442,Email,2026-09-11,Replied
A08379,L1443,Call,2026-09-11,Callback Requested
A08380,L1449,Website Visit,2026-09-11,Case Study
A08381,L1453,Email,2026-09-11,Replied
A08382,L1465,Call,2026-09-11,Connected
A08383,L1475,Email,2026-09-11,Replied
A08384,L1498,Website Visit,2026-09-11,Pricing Page
A08385,L1500,Email,2026-09-11,Replied
A08386,L1503,Website Visit,2026-09-11,Case Study
A08387,L1522,Call,2026-09-11,No Answer
A08388,L1528,Call,2026-09-11,No Answer
A08389,L1547,Email,2026-09-11,No Response
A08390,L1553,Call,2026-09-11,No Answer
A08391,L1563,Call,2026-09-11,Connected
A08392,L1565,Call,2026-09-11,Connected
A08393,L1566,Website Visit,2026-09-11,Services Page
A08394,L1567,Email,2026-09-11,No Response
A08395,L1569,Website Visit,2026-09-11,Services Page
A08396,L1576,Website Visit,2026-09-11,Services Page
A08397,L1602,Website Visit,2026-09-11,Contact Page
A08398,L1644,Email,2026-09-11,Replied
A08399,L1650,Email,2026-09-11,No Response
A08400,L1655,Website Visit,2026-09-11,Services Page
A08401,L1671,Call,2026-09-11,No Answer
A08402,L1678,Call,2026-09-11,Connected
A08403,L1686,Call,2026-09-11,No Answer
A08404,L1687,Call,2026-09-11,No Answer
A08405,L1693,Website Visit,2026-09-11,Contact Page
A08406,L1707,Call,2026-09-11,No Answer
A08407,L1708,Website Visit,2026-09-11,Pricing Page
A08408,L1716,Website Visit,2026-09-11,Pricing Page
A08409,L1745,Call,2026-09-11,Callback Requested
A08410,L1759,Call,2026-09-11,Callback Requested
A08411,L1765,Call,2026-09-11,Connected
A08412,L1768,Meeting,2026-09-11,Completed
A08413,L1772,Meeting,2026-09-11,Completed
A08414,L1786,Call,2026-09-11,No Answer
A08415,L1790,Call,2026-09-11,No Answer
A08416,L1790,Website Visit,2026-09-11,Case Study
A08417,L1801,Email,2026-09-11,Replied
A08418,L1810,Website Visit,2026-09-11,Services Page
A08419,L1812,Call,2026-09-11,Not Interested
A08420,L1817,Email,2026-09-11,No Response
A08421,L1822,Call,2026-09-11,Voicemail
A08422,L1822,Website Visit,2026-09-11,Blog
A08423,L1835,Website Visit,2026-09-11,Services Page
A08424,L1842,Call,2026-09-11,Connected
A08425,L1844,Website Visit,2026-09-11,Services Page
A08426,L1866,Website Visit,2026-09-11,Blog
A08427,L1869,Call,2026-09-11,No Answer
A08428,L1870,Email,2026-09-11,Replied
A08429,L1878,Website Visit,2026-09-11,Pricing Page
A08430,L1890,Call,2026-09-11,Connected
A08431,L1893,Call,2026-09-11,Not Interested
A08432,L1894,Meeting,2026-09-11,No Show
A08433,L1894,Website Visit,2026-09-11,Blog
A08434,L1897,Call,2026-09-11,Connected
A08435,L1908,Call,2026-09-11,Voicemail
A08436,L1912,Website Visit,2026-09-11,Services Page
A08437,L1917,Email,2026-09-11,Replied
A08438,L1917,Website Visit,2026-09-11,Pricing Page
A08439,L1920,Website Visit,2026-09-11,Services Page
A08440,L1922,Call,2026-09-11,Voicemail
A08441,L1923,Website Visit,2026-09-11,Pricing Page
A08442,L1930,Call,2026-09-11,Connected
A08443,L1933,Website Visit,2026-09-11,Services Page
A08444,L1937,Website Visit,2026-09-11,Blog
A08445,L1940,Call,2026-09-11,Connected
A08446,L1944,Website Visit,2026-09-11,Contact Page
A08447,L1946,Website Visit,2026-09-11,Case Study
A08448,L1948,Email,2026-09-11,Replied
A08449,L1959,Website Visit,2026-09-11,Blog
A08450,L1959,Website Visit,2026-09-11,Pricing Page
A08451,L1210,Call,2026-09-12,Callback Requested
A08452,L1277,Call,2026-09-12,Connected
A08453,L1287,Meeting,2026-09-12,Rescheduled
A08454,L1288,Website Visit,2026-09-12,Services Page
A08455,L1299,Call,2026-09-12,No Answer
A08456,L1359,Call,2026-09-12,Callback Requested
A08457,L1360,Website Visit,2026-09-12,Services Page
A08458,L1364,Email,2026-09-12,Opened
A08459,L1386,Website Visit,2026-09-12,Services Page
A08460,L1393,Call,2026-09-12,Connected
A08461,L1431,Email,2026-09-12,No Response
A08462,L1446,Website Visit,2026-09-12,Pricing Page
A08463,L1452,Call,2026-09-12,Connected
A08464,L1496,Email,2026-09-12,No Response
A08465,L1523,Call,2026-09-12,No Answer
A08466,L1526,Call,2026-09-12,Connected
A08467,L1550,Website Visit,2026-09-12,Pricing Page
A08468,L1554,Website Visit,2026-09-12,Case Study
A08469,L1559,Email,2026-09-12,Bounced
A08470,L1560,Website Visit,2026-09-12,Blog
A08471,L1562,Website Visit,2026-09-12,Case Study
A08472,L1569,Meeting,2026-09-12,Completed
A08473,L1627,Email,2026-09-12,Opened
A08474,L1633,Website Visit,2026-09-12,Blog
A08475,L1650,Website Visit,2026-09-12,Pricing Page
A08476,L1690,Website Visit,2026-09-12,Blog
A08477,L1696,Website Visit,2026-09-12,Pricing Page
A08478,L1710,Call,2026-09-12,No Answer
A08479,L1712,Email,2026-09-12,Opened
A08480,L1722,Email,2026-09-12,No Response
A08481,L1738,Website Visit,2026-09-12,Pricing Page
A08482,L1741,Website Visit,2026-09-12,Blog
A08483,L1747,Call,2026-09-12,Connected
A08484,L1752,Call,2026-09-12,Not Interested
A08485,L1772,Website Visit,2026-09-12,Services Page
A08486,L1773,Call,2026-09-12,Connected
A08487,L1775,Email,2026-09-12,No Response
A08488,L1780,Website Visit,2026-09-12,Pricing Page
A08489,L1782,Email,2026-09-12,No Response
A08490,L1802,Call,2026-09-12,Connected
A08491,L1806,Website Visit,2026-09-12,Contact Page
A08492,L1815,Website Visit,2026-09-12,Services Page
A08493,L1816,Call,2026-09-12,No Answer
A08494,L1817,Call,2026-09-12,No Answer
A08495,L1844,Website Visit,2026-09-12,Blog
A08496,L1858,Call,2026-09-12,No Answer
A08497,L1868,Website Visit,2026-09-12,Contact Page
A08498,L1870,Website Visit,2026-09-12,Services Page
A08499,L1902,Website Visit,2026-09-12,Services Page
A08500,L1906,Email,2026-09-12,Opened
A08501,L1911,Website Visit,2026-09-12,Services Page
A08502,L1917,Call,2026-09-12,Connected
A08503,L1917,Website Visit,2026-09-12,Pricing Page
A08504,L1922,Website Visit,2026-09-12,Pricing Page
A08505,L1923,Website Visit,2026-09-12,Services Page
A08506,L1930,Email,2026-09-12,Opened
A08507,L1933,Call,2026-09-12,Connected
A08508,L1940,Call,2026-09-12,Callback Requested
A08509,L1940,Email,2026-09-12,Opened
A08510,L1941,Website Visit,2026-09-12,Case Study
A08511,L1942,Website Visit,2026-09-12,Case Study
A08512,L1949,Call,2026-09-12,Callback Requested
A08513,L1952,Email,2026-09-12,Replied
A08514,L1952,Website Visit,2026-09-12,Pricing Page
A08515,L1964,Website Visit,2026-09-12,Blog
A08516,L1194,Call,2026-09-13,No Answer
A08517,L1214,Meeting,2026-09-13,Completed
A08518,L1263,Email,2026-09-13,No Response
A08519,L1285,Website Visit,2026-09-13,Services Page
A08520,L1287,Email,2026-09-13,Replied
A08521,L1298,Website Visit,2026-09-13,Services Page
A08522,L1307,Website Visit,2026-09-13,Blog
A08523,L1309,Website Visit,2026-09-13,Services Page
A08524,L1325,Website Visit,2026-09-13,Services Page
A08525,L1351,Website Visit,2026-09-13,Pricing Page
A08526,L1362,Email,2026-09-13,Opened
A08527,L1364,Website Visit,2026-09-13,Case Study
A08528,L1377,Call,2026-09-13,Voicemail
A08529,L1384,Email,2026-09-13,Replied
A08530,L1385,Call,2026-09-13,No Answer
A08531,L1386,Meeting,2026-09-13,Completed
A08532,L1410,Call,2026-09-13,Voicemail
A08533,L1417,Call,2026-09-13,No Answer
A08534,L1423,Meeting,2026-09-13,Completed
A08535,L1433,Call,2026-09-13,No Answer
A08536,L1483,Email,2026-09-13,No Response
A08537,L1489,Meeting,2026-09-13,Completed
A08538,L1517,Call,2026-09-13,Voicemail
A08539,L1549,Email,2026-09-13,Replied
A08540,L1555,Website Visit,2026-09-13,Blog
A08541,L1620,Website Visit,2026-09-13,Contact Page
A08542,L1624,Website Visit,2026-09-13,Services Page
A08543,L1650,Website Visit,2026-09-13,Contact Page
A08544,L1662,Call,2026-09-13,Connected
A08545,L1670,Website Visit,2026-09-13,Services Page
A08546,L1683,Call,2026-09-13,No Answer
A08547,L1686,Email,2026-09-13,No Response
A08548,L1689,Email,2026-09-13,Opened
A08549,L1690,Call,2026-09-13,Callback Requested
A08550,L1692,Website Visit,2026-09-13,Contact Page
A08551,L1700,Call,2026-09-13,Voicemail
A08552,L1703,Call,2026-09-13,Connected
A08553,L1704,Website Visit,2026-09-13,Blog
A08554,L1729,Call,2026-09-13,No Answer
A08555,L1733,Call,2026-09-13,Connected
A08556,L1736,Website Visit,2026-09-13,Blog
A08557,L1743,Website Visit,2026-09-13,Contact Page
A08558,L1745,Website Visit,2026-09-13,Case Study
A08559,L1747,Email,2026-09-13,Replied
A08560,L1751,Call,2026-09-13,Connected
A08561,L1752,Email,2026-09-13,No Response
A08562,L1783,Website Visit,2026-09-13,Blog
A08563,L1796,Call,2026-09-13,No Answer
A08564,L1798,Call,2026-09-13,Connected
A08565,L1798,Website Visit,2026-09-13,Contact Page
A08566,L1825,Email,2026-09-13,Opened
A08567,L1827,Call,2026-09-13,Not Interested
A08568,L1841,Website Visit,2026-09-13,Case Study
A08569,L1857,Call,2026-09-13,Connected
A08570,L1858,Call,2026-09-13,No Answer
A08571,L1869,Website Visit,2026-09-13,Pricing Page
A08572,L1881,Website Visit,2026-09-13,Blog
A08573,L1904,Call,2026-09-13,Voicemail
A08574,L1906,Call,2026-09-13,Callback Requested
A08575,L1927,Call,2026-09-13,Connected
A08576,L1929,Website Visit,2026-09-13,Blog
A08577,L1948,Call,2026-09-13,Voicemail
A08578,L1958,Call,2026-09-13,No Answer
A08579,L1962,Website Visit,2026-09-13,Contact Page
A08580,L1965,Website Visit,2026-09-13,Case Study
A08581,L1967,Website Visit,2026-09-13,Blog
A08582,L1970,Website Visit,2026-09-13,Pricing Page
A08583,L1980,Call,2026-09-13,Connected
A08584,L1220,Email,2026-09-14,Replied
A08585,L1231,Email,2026-09-14,No Response
A08586,L1248,Website Visit,2026-09-14,Contact Page
A08587,L1260,Email,2026-09-14,Opened
A08588,L1275,Website Visit,2026-09-14,Services Page
A08589,L1287,Website Visit,2026-09-14,Services Page
A08590,L1322,Meeting,2026-09-14,Rescheduled
A08591,L1336,Call,2026-09-14,Connected
A08592,L1341,Meeting,2026-09-14,Completed
A08593,L1358,Call,2026-09-14,Connected
A08594,L1368,Meeting,2026-09-14,Rescheduled
A08595,L1404,Call,2026-09-14,Connected
A08596,L1424,Call,2026-09-14,Connected
A08597,L1424,Email,2026-09-14,Replied
A08598,L1448,Call,2026-09-14,Connected
A08599,L1473,Website Visit,2026-09-14,Contact Page
A08600,L1493,Website Visit,2026-09-14,Blog
A08601,L1536,Website Visit,2026-09-14,Pricing Page
A08602,L1567,Website Visit,2026-09-14,Services Page
A08603,L1575,Email,2026-09-14,Replied
A08604,L1595,Call,2026-09-14,Callback Requested
A08605,L1599,Meeting,2026-09-14,Completed
A08606,L1607,Call,2026-09-14,No Answer
A08607,L1612,Website Visit,2026-09-14,Blog
A08608,L1613,Website Visit,2026-09-14,Contact Page
A08609,L1614,Website Visit,2026-09-14,Blog
A08610,L1636,Website Visit,2026-09-14,Contact Page
A08611,L1648,Website Visit,2026-09-14,Case Study
A08612,L1652,Call,2026-09-14,Connected
A08613,L1654,Call,2026-09-14,Voicemail
A08614,L1657,Call,2026-09-14,Voicemail
A08615,L1663,Call,2026-09-14,Voicemail
A08616,L1667,Email,2026-09-14,Opened
A08617,L1669,Email,2026-09-14,Opened
A08618,L1670,Meeting,2026-09-14,Completed
A08619,L1695,Call,2026-09-14,Callback Requested
A08620,L1695,Website Visit,2026-09-14,Pricing Page
A08621,L1699,Call,2026-09-14,No Answer
A08622,L1699,Email,2026-09-14,Opened
A08623,L1711,Website Visit,2026-09-14,Pricing Page
A08624,L1724,Meeting,2026-09-14,Completed
A08625,L1729,Website Visit,2026-09-14,Case Study
A08626,L1747,Call,2026-09-14,No Answer
A08627,L1749,Website Visit,2026-09-14,Contact Page
A08628,L1755,Call,2026-09-14,No Answer
A08629,L1763,Website Visit,2026-09-14,Pricing Page
A08630,L1768,Call,2026-09-14,Not Interested
A08631,L1768,Email,2026-09-14,Opened
A08632,L1789,Website Visit,2026-09-14,Services Page
A08633,L1790,Email,2026-09-14,Opened
A08634,L1814,Website Visit,2026-09-14,Pricing Page
A08635,L1823,Website Visit,2026-09-14,Blog
A08636,L1830,Call,2026-09-14,Connected
A08637,L1841,Website Visit,2026-09-14,Services Page
A08638,L1845,Website Visit,2026-09-14,Contact Page
A08639,L1849,Call,2026-09-14,Connected
A08640,L1852,Website Visit,2026-09-14,Contact Page
A08641,L1859,Website Visit,2026-09-14,Pricing Page
A08642,L1867,Website Visit,2026-09-14,Blog
A08643,L1868,Call,2026-09-14,Voicemail
A08644,L1878,Website Visit,2026-09-14,Services Page
A08645,L1890,Email,2026-09-14,Replied
A08646,L1894,Website Visit,2026-09-14,Case Study
A08647,L1899,Website Visit,2026-09-14,Blog
A08648,L1900,Call,2026-09-14,No Answer
A08649,L1900,Website Visit,2026-09-14,Pricing Page
A08650,L1917,Call,2026-09-14,Connected
A08651,L1925,Call,2026-09-14,Callback Requested
A08652,L1928,Website Visit,2026-09-14,Blog
A08653,L1937,Website Visit,2026-09-14,Services Page
A08654,L1943,Website Visit,2026-09-14,Case Study
A08655,L1945,Website Visit,2026-09-14,Case Study
A08656,L1947,Email,2026-09-14,Bounced
A08657,L1950,Website Visit,2026-09-14,Contact Page
A08658,L1960,Email,2026-09-14,No Response
A08659,L1969,Website Visit,2026-09-14,Services Page
A08660,L1970,Call,2026-09-14,Connected
A08661,L1970,Email,2026-09-14,Replied
A08662,L1974,Email,2026-09-14,No Response
A08663,L1979,Website Visit,2026-09-14,Services Page
A08664,L1980,Email,2026-09-14,Bounced
A08665,L1982,Website Visit,2026-09-14,Services Page
A08666,L1985,Website Visit,2026-09-14,Pricing Page
A08667,L1988,Website Visit,2026-09-14,Case Study
A08668,L1230,Call,2026-09-15,No Answer
A08669,L1240,Website Visit,2026-09-15,Services Page
A08670,L1277,Website Visit,2026-09-15,Case Study
A08671,L1280,Email,2026-09-15,Opened
A08672,L1288,Meeting,2026-09-15,Completed
A08673,L1321,Website Visit,2026-09-15,Contact Page
A08674,L1354,Email,2026-09-15,No Response
A08675,L1367,Website Visit,2026-09-15,Contact Page
A08676,L1385,Call,2026-09-15,Voicemail
A08677,L1387,Call,2026-09-15,Voicemail
A08678,L1421,Email,2026-09-15,Replied
A08679,L1425,Call,2026-09-15,Callback Requested
A08680,L1430,Call,2026-09-15,Connected
A08681,L1444,Meeting,2026-09-15,Completed
A08682,L1456,Email,2026-09-15,Opened
A08683,L1474,Call,2026-09-15,Connected
A08684,L1476,Meeting,2026-09-15,Rescheduled
A08685,L1477,Call,2026-09-15,Callback Requested
A08686,L1478,Website Visit,2026-09-15,Case Study
A08687,L1481,Email,2026-09-15,Opened
A08688,L1522,Meeting,2026-09-15,Completed
A08689,L1544,Email,2026-09-15,Replied
A08690,L1557,Meeting,2026-09-15,Completed
A08691,L1601,Website Visit,2026-09-15,Blog
A08692,L1627,Meeting,2026-09-15,Completed
A08693,L1669,Email,2026-09-15,Bounced
A08694,L1670,Website Visit,2026-09-15,Case Study
A08695,L1687,Email,2026-09-15,Opened
A08696,L1688,Call,2026-09-15,No Answer
A08697,L1695,Email,2026-09-15,Replied
A08698,L1698,Website Visit,2026-09-15,Contact Page
A08699,L1700,Email,2026-09-15,Replied
A08700,L1711,Meeting,2026-09-15,Completed
A08701,L1748,Website Visit,2026-09-15,Case Study
A08702,L1753,Website Visit,2026-09-15,Blog
A08703,L1760,Email,2026-09-15,Opened
A08704,L1772,Email,2026-09-15,Replied
A08705,L1795,Website Visit,2026-09-15,Case Study
A08706,L1797,Website Visit,2026-09-15,Blog
A08707,L1803,Website Visit,2026-09-15,Pricing Page
A08708,L1808,Website Visit,2026-09-15,Pricing Page
A08709,L1817,Website Visit,2026-09-15,Pricing Page
A08710,L1822,Website Visit,2026-09-15,Services Page
A08711,L1825,Call,2026-09-15,Connected
A08712,L1839,Call,2026-09-15,No Answer
A08713,L1841,Call,2026-09-15,Voicemail
A08714,L1847,Website Visit,2026-09-15,Contact Page
A08715,L1858,Email,2026-09-15,No Response
A08716,L1867,Website Visit,2026-09-15,Blog
A08717,L1868,Call,2026-09-15,Connected
A08718,L1886,Email,2026-09-15,No Response
A08719,L1902,Call,2026-09-15,No Answer
A08720,L1904,Email,2026-09-15,Opened
A08721,L1908,Website Visit,2026-09-15,Blog
A08722,L1922,Call,2026-09-15,Connected
A08723,L1925,Email,2026-09-15,Bounced
A08724,L1927,Call,2026-09-15,No Answer
A08725,L1933,Email,2026-09-15,Replied
A08726,L1938,Website Visit,2026-09-15,Pricing Page
A08727,L1941,Website Visit,2026-09-15,Blog
A08728,L1942,Call,2026-09-15,Connected
A08729,L1952,Website Visit,2026-09-15,Pricing Page
A08730,L1961,Call,2026-09-15,Callback Requested
A08731,L1965,Call,2026-09-15,Connected
A08732,L1968,Website Visit,2026-09-15,Case Study
A08733,L1970,Call,2026-09-15,No Answer
A08734,L1978,Call,2026-09-15,Connected
A08735,L1986,Website Visit,2026-09-15,Pricing Page
A08736,L1991,Website Visit,2026-09-15,Pricing Page
A08737,L1992,Email,2026-09-15,No Response
A08738,L1992,Email,2026-09-15,Opened
A08739,L1992,Meeting,2026-09-15,Completed
A08740,L1992,Website Visit,2026-09-15,Blog
A08741,L1993,Website Visit,2026-09-15,Contact Page
A08742,L1994,Website Visit,2026-09-15,Services Page
A08743,L1994,Website Visit,2026-09-15,Services Page
A08744,L2000,Website Visit,2026-09-15,Blog
A08745,L1234,Website Visit,2026-09-16,Services Page
A08746,L1235,Meeting,2026-09-16,Completed
A08747,L1243,Call,2026-09-16,Connected
A08748,L1268,Call,2026-09-16,Connected
A08749,L1284,Website Visit,2026-09-16,Services Page
A08750,L1321,Call,2026-09-16,Connected
A08751,L1352,Call,2026-09-16,No Answer
A08752,L1374,Website Visit,2026-09-16,Contact Page
A08753,L1384,Website Visit,2026-09-16,Case Study
A08754,L1386,Website Visit,2026-09-16,Contact Page
A08755,L1401,Email,2026-09-16,Opened
A08756,L1410,Website Visit,2026-09-16,Pricing Page
A08757,L1430,Email,2026-09-16,Opened
A08758,L1437,Email,2026-09-16,Opened
A08759,L1443,Meeting,2026-09-16,Completed
A08760,L1454,Website Visit,2026-09-16,Pricing Page
A08761,L1460,Website Visit,2026-09-16,Blog
A08762,L1461,Email,2026-09-16,No Response
A08763,L1472,Email,2026-09-16,No Response
A08764,L1487,Call,2026-09-16,Connected
A08765,L1492,Meeting,2026-09-16,Completed
A08766,L1514,Call,2026-09-16,No Answer
A08767,L1525,Meeting,2026-09-16,Completed
A08768,L1536,Call,2026-09-16,Not Interested
A08769,L1557,Email,2026-09-16,Replied
A08770,L1564,Website Visit,2026-09-16,Contact Page
A08771,L1569,Website Visit,2026-09-16,Contact Page
A08772,L1575,Call,2026-09-16,Voicemail
A08773,L1615,Website Visit,2026-09-16,Pricing Page
A08774,L1625,Email,2026-09-16,Opened
A08775,L1627,Website Visit,2026-09-16,Pricing Page
A08776,L1630,Call,2026-09-16,Not Interested
A08777,L1639,Call,2026-09-16,Connected
A08778,L1643,Website Visit,2026-09-16,Services Page
A08779,L1650,Email,2026-09-16,No Response
A08780,L1657,Website Visit,2026-09-16,Pricing Page
A08781,L1669,Website Visit,2026-09-16,Blog
A08782,L1679,Call,2026-09-16,Connected
A08783,L1688,Meeting,2026-09-16,Rescheduled
A08784,L1692,Meeting,2026-09-16,Completed
A08785,L1726,Email,2026-09-16,No Response
A08786,L1747,Email,2026-09-16,Replied
A08787,L1750,Email,2026-09-16,No Response
A08788,L1784,Call,2026-09-16,Not Interested
A08789,L1789,Website Visit,2026-09-16,Services Page
A08790,L1817,Email,2026-09-16,No Response
A08791,L1838,Website Visit,2026-09-16,Pricing Page
A08792,L1841,Email,2026-09-16,No Response
A08793,L1852,Email,2026-09-16,Replied
A08794,L1868,Email,2026-09-16,Opened
A08795,L1868,Email,2026-09-16,Opened
A08796,L1876,Website Visit,2026-09-16,Blog
A08797,L1887,Website Visit,2026-09-16,Contact Page
A08798,L1900,Website Visit,2026-09-16,Case Study
A08799,L1913,Call,2026-09-16,No Answer
A08800,L1919,Website Visit,2026-09-16,Contact Page
A08801,L1930,Call,2026-09-16,Connected
A08802,L1933,Call,2026-09-16,Voicemail
A08803,L1940,Website Visit,2026-09-16,Services Page
A08804,L1949,Website Visit,2026-09-16,Blog
A08805,L1958,Call,2026-09-16,Connected
A08806,L1964,Website Visit,2026-09-16,Blog
A08807,L1969,Website Visit,2026-09-16,Blog
A08808,L1974,Call,2026-09-16,Connected
A08809,L1984,Website Visit,2026-09-16,Services Page
A08810,L1988,Website Visit,2026-09-16,Services Page
A08811,L1989,Website Visit,2026-09-16,Services Page
A08812,L1992,Call,2026-09-16,Callback Requested
A08813,L1992,Call,2026-09-16,Voicemail
A08814,L1992,Call,2026-09-16,Connected
A08815,L1993,Call,2026-09-16,Connected
A08816,L1993,Email,2026-09-16,Opened
A08817,L1996,Call,2026-09-16,Voicemail
A08818,L1996,Email,2026-09-16,Replied
A08819,L2000,Website Visit,2026-09-16,Services Page
A08820,L1239,Website Visit,2026-09-17,Services Page
A08821,L1268,Email,2026-09-17,Replied
A08822,L1272,Website Visit,2026-09-17,Services Page
A08823,L1307,Website Visit,2026-09-17,Services Page
A08824,L1325,Call,2026-09-17,Connected
A08825,L1368,Website Visit,2026-09-17,Contact Page
A08826,L1403,Website Visit,2026-09-17,Services Page
A08827,L1416,Website Visit,2026-09-17,Contact Page
A08828,L1444,Email,2026-09-17,No Response
A08829,L1447,Call,2026-09-17,Connected
A08830,L1451,Website Visit,2026-09-17,Services Page
A08831,L1455,Website Visit,2026-09-17,Contact Page
A08832,L1465,Email,2026-09-17,Replied
A08833,L1466,Call,2026-09-17,No Answer
A08834,L1472,Call,2026-09-17,Connected
A08835,L1476,Email,2026-09-17,Bounced
A08836,L1507,Website Visit,2026-09-17,Blog
A08837,L1514,Email,2026-09-17,Replied
A08838,L1567,Call,2026-09-17,Voicemail
A08839,L1569,Call,2026-09-17,Not Interested
A08840,L1577,Email,2026-09-17,No Response
A08841,L1601,Email,2026-09-17,No Response
A08842,L1637,Website Visit,2026-09-17,Blog
A08843,L1649,Website Visit,2026-09-17,Blog
A08844,L1657,Email,2026-09-17,No Response
A08845,L1668,Email,2026-09-17,Opened
A08846,L1684,Website Visit,2026-09-17,Services Page
A08847,L1692,Email,2026-09-17,Opened
A08848,L1698,Call,2026-09-17,Voicemail
A08849,L1705,Website Visit,2026-09-17,Contact Page
A08850,L1708,Email,2026-09-17,Replied
A08851,L1716,Email,2026-09-17,No Response
A08852,L1722,Call,2026-09-17,No Answer
A08853,L1726,Call,2026-09-17,No Answer
A08854,L1726,Website Visit,2026-09-17,Blog
A08855,L1729,Email,2026-09-17,Replied
A08856,L1747,Website Visit,2026-09-17,Services Page
A08857,L1759,Email,2026-09-17,Replied
A08858,L1768,Website Visit,2026-09-17,Blog
A08859,L1771,Website Visit,2026-09-17,Pricing Page
A08860,L1773,Website Visit,2026-09-17,Blog
A08861,L1775,Call,2026-09-17,No Answer
A08862,L1782,Call,2026-09-17,No Answer
A08863,L1782,Meeting,2026-09-17,Completed
A08864,L1792,Website Visit,2026-09-17,Blog
A08865,L1807,Call,2026-09-17,Connected
A08866,L1817,Call,2026-09-17,Not Interested
A08867,L1817,Website Visit,2026-09-17,Blog
A08868,L1819,Website Visit,2026-09-17,Services Page
A08869,L1861,Website Visit,2026-09-17,Services Page
A08870,L1864,Website Visit,2026-09-17,Services Page
A08871,L1874,Website Visit,2026-09-17,Services Page
A08872,L1875,Website Visit,2026-09-17,Case Study
A08873,L1876,Call,2026-09-17,Connected
A08874,L1887,Email,2026-09-17,No Response
A08875,L1890,Call,2026-09-17,Connected
A08876,L1893,Website Visit,2026-09-17,Case Study
A08877,L1898,Call,2026-09-17,Callback Requested
A08878,L1904,Email,2026-09-17,Opened
A08879,L1907,Call,2026-09-17,No Answer
A08880,L1912,Website Visit,2026-09-17,Contact Page
A08881,L1913,Call,2026-09-17,Connected
A08882,L1915,Website Visit,2026-09-17,Pricing Page
A08883,L1925,Call,2026-09-17,No Answer
A08884,L1938,Website Visit,2026-09-17,Blog
A08885,L1940,Call,2026-09-17,No Answer
A08886,L1943,Website Visit,2026-09-17,Contact Page
A08887,L1944,Website Visit,2026-09-17,Contact Page
A08888,L1951,Website Visit,2026-09-17,Pricing Page
A08889,L1952,Call,2026-09-17,Connected
A08890,L1955,Call,2026-09-17,Callback Requested
A08891,L1963,Website Visit,2026-09-17,Services Page
A08892,L1965,Website Visit,2026-09-17,Services Page
A08893,L1973,Website Visit,2026-09-17,Services Page
A08894,L1974,Email,2026-09-17,Opened
A08895,L1978,Email,2026-09-17,Bounced
A08896,L1979,Website Visit,2026-09-17,Blog
A08897,L1982,Call,2026-09-17,Voicemail
A08898,L1984,Website Visit,2026-09-17,Services Page
A08899,L1986,Website Visit,2026-09-17,Contact Page
A08900,L1987,Email,2026-09-17,Opened
A08901,L1987,Website Visit,2026-09-17,Contact Page
A08902,L1990,Website Visit,2026-09-17,Blog
A08903,L1993,Email,2026-09-17,No Response
A08904,L1997,Website Visit,2026-09-17,Pricing Page
A08905,L1998,Website Visit,2026-09-17,Pricing Page
A08906,L1244,Website Visit,2026-09-18,Blog
A08907,L1251,Call,2026-09-18,Connected
A08908,L1258,Website Visit,2026-09-18,Blog
A08909,L1283,Call,2026-09-18,Connected
A08910,L1311,Website Visit,2026-09-18,Pricing Page
A08911,L1348,Website Visit,2026-09-18,Services Page
A08912,L1354,Website Visit,2026-09-18,Blog
A08913,L1364,Email,2026-09-18,Opened
A08914,L1386,Call,2026-09-18,No Answer
A08915,L1398,Call,2026-09-18,Voicemail
A08916,L1401,Email,2026-09-18,Replied
A08917,L1421,Email,2026-09-18,Replied
A08918,L1435,Meeting,2026-09-18,Completed
A08919,L1498,Call,2026-09-18,No Answer
A08920,L1504,Email,2026-09-18,No Response
A08921,L1510,Call,2026-09-18,Callback Requested
A08922,L1517,Email,2026-09-18,Opened
A08923,L1529,Website Visit,2026-09-18,Pricing Page
A08924,L1547,Email,2026-09-18,No Response
A08925,L1550,Email,2026-09-18,No Response
A08926,L1569,Website Visit,2026-09-18,Pricing Page
A08927,L1574,Call,2026-09-18,No Answer
A08928,L1582,Website Visit,2026-09-18,Contact Page
A08929,L1617,Website Visit,2026-09-18,Contact Page
A08930,L1622,Website Visit,2026-09-18,Case Study
A08931,L1626,Website Visit,2026-09-18,Services Page
A08932,L1650,Call,2026-09-18,Connected
A08933,L1650,Meeting,2026-09-18,Completed
A08934,L1662,Call,2026-09-18,Callback Requested
A08935,L1665,Email,2026-09-18,Replied
A08936,L1667,Email,2026-09-18,Opened
A08937,L1670,Website Visit,2026-09-18,Services Page
A08938,L1676,Email,2026-09-18,Replied
A08939,L1729,Website Visit,2026-09-18,Contact Page
A08940,L1737,Email,2026-09-18,Replied
A08941,L1748,Call,2026-09-18,Callback Requested
A08942,L1782,Website Visit,2026-09-18,Blog
A08943,L1791,Website Visit,2026-09-18,Blog
A08944,L1805,Website Visit,2026-09-18,Pricing Page
A08945,L1811,Call,2026-09-18,Connected
A08946,L1813,Call,2026-09-18,Connected
A08947,L1821,Call,2026-09-18,No Answer
A08948,L1831,Call,2026-09-18,No Answer
A08949,L1833,Website Visit,2026-09-18,Blog
A08950,L1839,Call,2026-09-18,Connected
A08951,L1839,Email,2026-09-18,No Response
A08952,L1845,Website Visit,2026-09-18,Services Page
A08953,L1849,Email,2026-09-18,Opened
A08954,L1851,Website Visit,2026-09-18,Services Page
A08955,L1857,Email,2026-09-18,Opened
A08956,L1858,Website Visit,2026-09-18,Pricing Page
A08957,L1866,Website Visit,2026-09-18,Services Page
A08958,L1870,Call,2026-09-18,Connected
A08959,L1886,Call,2026-09-18,Connected
A08960,L1887,Call,2026-09-18,Connected
A08961,L1888,Website Visit,2026-09-18,Services Page
A08962,L1894,Website Visit,2026-09-18,Pricing Page
A08963,L1895,Website Visit,2026-09-18,Services Page
A08964,L1906,Website Visit,2026-09-18,Blog
A08965,L1908,Call,2026-09-18,Voicemail
A08966,L1914,Email,2026-09-18,Opened
A08967,L1921,Website Visit,2026-09-18,Services Page
A08968,L1938,Call,2026-09-18,Callback Requested
A08969,L1947,Website Visit,2026-09-18,Services Page
A08970,L1949,Call,2026-09-18,Callback Requested
A08971,L1953,Call,2026-09-18,No Answer
A08972,L1963,Website Visit,2026-09-18,Services Page
A08973,L1979,Call,2026-09-18,Connected
A08974,L1983,Website Visit,2026-09-18,Pricing Page
A08975,L1987,Call,2026-09-18,Voicemail
A08976,L1991,Website Visit,2026-09-18,Services Page
A08977,L1998,Website Visit,2026-09-18,Services Page
A08978,L1256,Call,2026-09-19,Callback Requested
A08979,L1257,Website Visit,2026-09-19,Pricing Page
A08980,L1268,Meeting,2026-09-19,Completed
A08981,L1273,Call,2026-09-19,Connected
A08982,L1333,Call,2026-09-19,Connected
A08983,L1335,Call,2026-09-19,Connected
A08984,L1372,Website Visit,2026-09-19,Services Page
A08985,L1459,Website Visit,2026-09-19,Blog
A08986,L1471,Website Visit,2026-09-19,Blog
A08987,L1478,Website Visit,2026-09-19,Pricing Page
A08988,L1487,Meeting,2026-09-19,Rescheduled
A08989,L1489,Meeting,2026-09-19,Completed
A08990,L1507,Call,2026-09-19,Connected
A08991,L1512,Email,2026-09-19,No Response
A08992,L1547,Website Visit,2026-09-19,Services Page
A08993,L1562,Email,2026-09-19,No Response
A08994,L1568,Call,2026-09-19,Callback Requested
A08995,L1572,Website Visit,2026-09-19,Contact Page
A08996,L1608,Website Visit,2026-09-19,Pricing Page
A08997,L1626,Website Visit,2026-09-19,Case Study
A08998,L1644,Website Visit,2026-09-19,Services Page
A08999,L1657,Call,2026-09-19,No Answer
A09000,L1668,Meeting,2026-09-19,No Show
A09001,L1728,Website Visit,2026-09-19,Services Page
A09002,L1729,Email,2026-09-19,Replied
A09003,L1741,Website Visit,2026-09-19,Contact Page
A09004,L1768,Website Visit,2026-09-19,Pricing Page
A09005,L1790,Website Visit,2026-09-19,Blog
A09006,L1802,Website Visit,2026-09-19,Pricing Page
A09007,L1818,Website Visit,2026-09-19,Services Page
A09008,L1822,Call,2026-09-19,No Answer
A09009,L1830,Email,2026-09-19,No Response
A09010,L1839,Website Visit,2026-09-19,Contact Page
A09011,L1842,Website Visit,2026-09-19,Services Page
A09012,L1852,Call,2026-09-19,Connected
A09013,L1883,Website Visit,2026-09-19,Case Study
A09014,L1890,Email,2026-09-19,Replied
A09015,L1894,Call,2026-09-19,No Answer
A09016,L1908,Website Visit,2026-09-19,Services Page
A09017,L1914,Call,2026-09-19,No Answer
A09018,L1919,Website Visit,2026-09-19,Services Page
A09019,L1938,Call,2026-09-19,Connected
A09020,L1947,Call,2026-09-19,Not Interested
A09021,L1948,Website Visit,2026-09-19,Services Page
A09022,L1952,Call,2026-09-19,Callback Requested
A09023,L1955,Website Visit,2026-09-19,Blog
A09024,L1960,Call,2026-09-19,Not Interested
A09025,L1961,Email,2026-09-19,Opened
A09026,L1982,Email,2026-09-19,Opened
A09027,L1986,Call,2026-09-19,Connected
A09028,L1990,Website Visit,2026-09-19,Services Page
A09029,L1992,Meeting,2026-09-19,Rescheduled
A09030,L1993,Website Visit,2026-09-19,Case Study
A09031,L1995,Website Visit,2026-09-19,Case Study
A09032,L1995,Website Visit,2026-09-19,Pricing Page
A09033,L1996,Website Visit,2026-09-19,Pricing Page
A09034,L1997,Website Visit,2026-09-19,Contact Page
A09035,L1998,Call,2026-09-19,Connected
